date,SLP,RH2m,TMP2m,TMP2m_max,TMP2m_min,U10m,V10m,WS,WD,QV2m,PRCP,PS,PRmsl,PS_Pa
2021-01-01,101.32,80.7,23.66,26.51,21.74,-3.23,-3.27,4.6,44.7,14.65,0.81,100.76,101320.0,100760.0
2021-01-02,101.25,85.8,24.05,26.52,22.04,-2.82,-4.34,5.27,33.0,16.01,8.12,100.69,101250.0,100690.0
2021-01-03,101.14,84.67,24.61,27.52,22.54,-3.63,-3.25,4.97,48.2,16.34,2.08,100.58,101140.0,100580.0
2021-01-04,101.15,84.78,24.93,27.91,22.45,-3.52,-2.71,4.55,52.4,16.65,8.29,100.59,101150.0,100590.0
2021-01-05,101.15,92.6,24.85,26.54,23.55,-3.12,-1.54,3.7,63.7,18.18,49.85,100.59,101150.0,100590.0
2021-01-06,101.09,93.15,25.04,26.67,23.64,-3.12,-1.4,3.46,65.8,18.51,40.12,100.53,101090.0,100530.0
2021-01-07,100.96,89.82,25.12,27.22,23.84,-2.78,-2.44,3.72,48.8,17.93,5.7,100.4,100960.0,100400.0
2021-01-08,100.9,88.69,25.43,28.11,23.45,-2.82,-2.3,3.77,50.8,18.05,2.18,100.34,100900.0,100340.0
2021-01-09,100.99,86.05,25.18,27.64,23.51,-2.79,-2.51,3.81,48.0,17.2,0.3,100.43,100990.0,100430.0
2021-01-10,101.04,86.9,25.21,27.91,23.61,-2.76,-3.18,4.28,40.9,17.38,0.79,100.48,101040.0,100480.0
2021-01-11,101.14,88.24,25.26,27.74,23.68,-1.91,-3.95,4.53,25.8,17.72,1.1,100.58,101140.0,100580.0
2021-01-12,101.16,84.98,25.31,27.93,23.54,-2.94,-3.89,5.05,37.1,17.07,0.72,100.6,101160.0,100600.0
2021-01-13,101.18,82.87,25.21,28.2,22.84,-3.09,-3.12,4.46,44.7,16.51,0.23,100.63,101180.0,100630.0
2021-01-14,101.14,83.99,24.91,27.88,23.02,-3.16,-2.94,4.35,47.1,16.48,1.36,100.58,101140.0,100580.0
2021-01-15,101.13,81.17,24.54,27.75,22.12,-2.9,-2.68,3.96,47.3,15.56,0.16,100.57,101130.0,100570.0
2021-01-16,101.08,76.56,23.98,27.83,20.94,-2.56,-1.51,3.05,59.5,14.14,0.0,100.52,101080.0,100520.0
2021-01-17,101.18,76.78,23.77,27.32,21.52,-3.13,-1.47,3.47,64.9,14.03,0.0,100.62,101180.0,100620.0
2021-01-18,101.27,74.98,24.03,27.54,21.13,-3.54,-2.12,4.14,59.0,13.88,0.0,100.71,101270.0,100710.0
2021-01-19,101.23,77.33,23.99,27.54,21.41,-2.15,-3.19,3.87,34.0,14.27,0.0,100.67,101230.0,100670.0
2021-01-20,101.22,81.58,24.47,28.33,21.25,-1.43,-3.17,3.57,24.3,15.53,0.01,100.66,101220.0,100660.0
2021-01-21,101.16,83.88,25.46,29.28,22.32,-1.72,-0.82,2.34,64.5,16.99,0.0,100.6,101160.0,100600.0
2021-01-22,101.17,84.5,25.33,28.65,22.73,-2.48,0.13,2.63,93.1,16.92,0.0,100.61,101170.0,100610.0
2021-01-23,101.23,81.15,24.61,28.31,22.09,-2.45,-0.81,2.66,71.6,15.54,0.0,100.67,101230.0,100670.0
2021-01-24,101.31,74.19,24.41,28.19,21.57,-1.76,-0.73,2.09,67.5,13.98,0.0,100.75,101310.0,100750.0
2021-01-25,101.35,71.81,24.55,28.35,21.44,-2.08,-0.6,2.19,74.0,13.68,0.0,100.79,101350.0,100790.0
2021-01-26,101.31,72.46,24.14,27.98,21.05,-2.09,-1.33,2.68,57.6,13.43,0.0,100.74,101310.0,100740.0
2021-01-27,101.33,75.69,24.1,27.6,21.43,-2.02,-0.66,2.23,72.0,14.08,0.02,100.77,101330.0,100770.0
2021-01-28,101.35,78.7,24.31,27.85,21.59,-3.2,-1.87,3.74,59.7,14.79,0.03,100.78,101350.0,100780.0
2021-01-29,101.37,75.09,24.56,28.22,22.28,-2.65,-2.69,3.88,44.5,14.3,0.09,100.81,101370.0,100810.0
2021-01-30,101.3,77.96,24.49,28.44,21.2,-2.3,-2.38,3.39,44.0,14.81,0.0,100.74,101300.0,100740.0
2021-01-31,101.37,81.14,24.29,28.44,21.3,-2.72,-2.79,3.93,44.2,15.16,0.0,100.8,101370.0,100800.0
2021-02-01,101.53,78.76,24.37,28.37,20.72,-2.92,-3.27,4.45,41.8,14.76,0.0,100.96,101530.0,100960.0
2021-02-02,101.53,79.32,24.53,28.07,21.64,-3.3,-2.52,4.16,52.7,15.08,0.34,100.96,101530.0,100960.0
2021-02-03,101.48,74.34,24.29,27.94,21.86,-3.63,-2.42,4.37,56.3,13.91,0.2,100.91,101480.0,100910.0
2021-02-04,101.47,71.75,23.75,27.86,20.9,-3.06,-2.62,4.04,49.5,12.93,0.0,100.91,101470.0,100910.0
2021-02-05,101.37,74.17,23.31,27.57,19.96,-2.75,-2.82,3.97,44.3,13.05,0.0,100.81,101370.0,100810.0
2021-02-06,101.29,73.86,23.33,28.01,19.84,-2.48,-2.99,3.97,39.7,12.97,0.0,100.72,101290.0,100720.0
2021-02-07,101.32,74.93,23.23,28.15,19.14,-2.21,-3.87,4.5,29.7,13.04,0.0,100.76,101320.0,100760.0
2021-02-08,101.41,73.74,23.78,28.39,20.11,-3.69,-3.46,5.09,46.8,13.29,0.0,100.84,101410.0,100840.0
2021-02-09,101.35,73.06,23.41,27.41,20.37,-3.15,-2.92,4.33,47.2,12.97,0.0,100.79,101350.0,100790.0
2021-02-10,101.28,73.07,22.96,27.45,19.27,-2.21,-1.94,3.1,48.8,12.61,0.0,100.72,101280.0,100720.0
2021-02-11,101.23,71.29,23.05,27.5,19.93,-2.56,-1.01,2.86,68.4,12.38,0.0,100.67,101230.0,100670.0
2021-02-12,101.32,70.24,23.28,27.57,20.06,-2.25,-1.14,2.6,63.1,12.37,0.0,100.76,101320.0,100760.0
2021-02-13,101.37,71.32,23.5,28.04,20.19,-2.14,-1.55,2.75,54.2,12.66,0.0,100.81,101370.0,100810.0
2021-02-14,101.35,72.04,23.24,28.21,18.82,-1.38,-0.86,2.17,58.0,12.46,0.0,100.79,101350.0,100790.0
2021-02-15,101.22,71.58,23.68,29.25,18.97,-1.45,-0.82,2.5,60.5,12.68,0.0,100.66,101220.0,100660.0
2021-02-16,101.2,74.22,23.88,28.61,20.34,-2.06,0.24,2.2,96.7,13.48,0.0,100.64,101200.0,100640.0
2021-02-17,101.19,74.76,24.38,28.93,21.16,-2.94,-0.18,3.0,86.4,14.02,0.0,100.63,101190.0,100630.0
2021-02-18,101.32,74.63,24.42,28.63,21.13,-3.9,-1.43,4.18,69.8,14.03,0.0,100.76,101320.0,100760.0
2021-02-19,101.32,77.02,25.13,28.94,21.91,-3.1,-2.96,4.35,46.3,15.2,2.22,100.76,101320.0,100760.0
2021-02-20,101.26,82.76,25.38,28.54,23.29,-3.9,-3.95,5.76,44.7,16.65,4.31,100.69,101260.0,100690.0
2021-02-21,101.35,83.59,25.14,27.62,23.4,-4.43,-2.69,5.32,58.7,16.58,16.57,100.79,101350.0,100790.0
2021-02-22,101.39,79.29,25.44,29.28,22.85,-2.42,-3.05,3.94,38.5,15.89,0.17,100.82,101390.0,100820.0
2021-02-23,101.26,78.3,25.11,29.84,22.02,-2.17,-1.87,3.02,49.2,15.28,0.0,100.7,101260.0,100700.0
2021-02-24,101.18,74.23,25.0,30.17,21.13,-1.85,-0.36,2.11,79.1,14.28,0.0,100.63,101180.0,100630.0
2021-02-25,101.13,70.83,25.21,31.4,20.48,-1.15,0.49,2.02,113.2,13.65,0.0,100.57,101130.0,100570.0
2021-02-26,100.97,71.58,25.26,32.23,19.34,-0.46,0.98,2.63,155.1,13.71,0.0,100.42,100970.0,100420.0
2021-02-27,100.91,76.26,25.35,32.13,20.18,-0.17,2.15,3.08,175.5,14.75,0.0,100.35,100910.0,100350.0
2021-02-28,101.0,77.26,25.31,31.66,20.32,-0.75,2.31,3.13,162.1,14.99,0.0,100.45,101000.0,100450.0
2021-03-01,101.26,75.21,26.05,32.8,21.01,-0.52,2.57,3.01,168.5,15.04,0.0,100.7,101260.0,100700.0
2021-03-02,101.29,73.84,25.73,31.61,21.35,-0.73,2.55,2.98,164.1,14.59,0.0,100.74,101290.0,100740.0
2021-03-03,101.2,71.13,25.52,31.99,20.74,-1.27,1.68,2.76,142.9,13.81,0.0,100.65,101200.0,100650.0
2021-03-04,101.25,71.19,25.64,31.38,21.54,-1.9,1.34,2.64,125.2,14.0,0.0,100.68,101250.0,100680.0
2021-03-05,101.33,71.3,25.56,31.57,20.33,-1.53,0.6,2.23,111.5,13.96,0.0,100.77,101330.0,100770.0
2021-03-06,101.27,70.72,26.38,33.35,20.45,-0.94,0.68,2.35,126.1,14.36,0.0,100.72,101270.0,100720.0
2021-03-07,101.19,73.74,26.48,32.9,21.08,-1.28,1.42,2.57,137.9,15.14,0.0,100.64,101190.0,100640.0
2021-03-08,101.27,75.07,26.69,32.01,23.44,-2.66,0.6,2.79,102.7,15.88,0.0,100.71,101270.0,100710.0
2021-03-09,101.33,75.29,26.8,31.75,23.37,-2.71,0.2,2.73,94.2,16.14,0.01,100.78,101330.0,100780.0
2021-03-10,101.3,76.99,27.19,32.36,23.53,-2.93,0.31,3.06,96.1,16.84,0.0,100.75,101300.0,100750.0
2021-03-11,101.28,73.2,27.25,32.56,23.53,-2.0,2.25,3.08,138.4,16.0,0.0,100.73,101280.0,100730.0
2021-03-12,101.4,69.28,26.05,31.3,22.77,-2.08,1.18,2.72,119.4,14.07,0.0,100.84,101400.0,100840.0
2021-03-13,101.34,65.68,26.75,32.64,21.95,-2.37,-0.19,2.68,85.3,13.87,0.0,100.78,101340.0,100780.0
2021-03-14,101.18,66.33,27.07,33.3,21.76,-2.11,0.31,2.6,98.4,14.11,0.0,100.62,101180.0,100620.0
2021-03-15,101.08,66.3,27.6,34.05,22.42,-1.95,-0.18,2.63,84.7,14.59,0.0,100.52,101080.0,100520.0
2021-03-16,101.09,67.1,27.36,34.05,22.64,-2.12,0.24,2.43,96.5,14.37,0.0,100.53,101090.0,100530.0
2021-03-17,101.01,68.3,27.66,33.63,22.8,-2.03,1.11,2.64,118.6,15.22,0.0,100.45,101010.0,100450.0
2021-03-18,101.05,70.58,27.14,31.83,23.73,-2.31,0.4,2.65,99.9,15.37,0.0,100.49,101050.0,100490.0
2021-03-19,100.99,66.81,27.39,33.28,23.79,-2.22,0.97,2.62,113.6,14.67,0.0,100.44,100990.0,100440.0
2021-03-20,100.89,68.57,27.23,32.65,23.04,-1.49,1.03,2.42,124.6,14.95,0.0,100.33,100890.0,100330.0
2021-03-21,100.85,65.82,27.81,33.89,23.01,-1.52,1.08,2.6,125.5,14.66,0.0,100.3,100850.0,100300.0
2021-03-22,101.0,67.38,28.18,34.33,23.94,-2.04,1.23,2.81,121.0,15.35,0.0,100.44,101000.0,100440.0
2021-03-23,101.07,69.18,28.05,34.06,24.07,-2.46,0.51,2.75,101.7,15.67,0.0,100.51,101070.0,100510.0
2021-03-24,101.04,67.15,28.32,34.26,23.85,-2.35,-0.42,2.48,79.9,15.48,0.0,100.49,101040.0,100490.0
2021-03-25,100.95,67.19,28.49,34.62,23.71,-1.65,1.12,2.64,124.0,15.63,0.0,100.4,100950.0,100400.0
2021-03-26,100.93,71.11,28.34,33.88,24.04,-1.63,1.2,2.73,126.4,16.58,0.0,100.38,100930.0,100380.0
2021-03-27,100.87,68.84,29.16,34.9,24.83,-1.79,1.24,2.46,124.7,16.71,0.0,100.32,100870.0,100320.0
2021-03-28,100.82,68.27,29.4,35.62,24.37,-0.82,2.94,3.66,164.5,16.65,0.01,100.27,100820.0,100270.0
2021-03-29,100.78,67.09,29.75,36.25,24.81,-0.43,3.26,4.04,172.5,16.64,0.0,100.23,100780.0,100230.0
2021-03-30,100.59,62.89,30.43,38.23,24.38,0.01,2.83,4.0,180.2,15.66,0.0,100.04,100590.0,100040.0
2021-03-31,100.42,64.73,31.29,38.35,25.98,0.65,4.35,5.02,188.5,17.44,0.0,99.88,100420.0,99880.0
2021-04-01,100.35,62.34,31.69,38.5,26.75,0.69,3.95,4.7,189.9,17.46,0.0,99.81,100350.0,99810.0
2021-04-02,100.4,60.03,32.34,40.03,26.95,0.67,2.88,4.33,193.0,17.02,0.0,99.85,100400.0,99850.0
2021-04-03,100.51,64.22,31.69,38.27,27.0,-0.88,3.81,4.67,166.9,17.9,0.0,99.97,100510.0,99970.0
2021-04-04,100.68,64.25,31.45,37.69,26.63,-2.0,1.58,3.4,128.2,17.54,0.0,100.13,100680.0,100130.0
2021-04-05,100.82,68.14,30.34,36.05,26.23,-2.47,1.41,3.56,119.7,17.71,0.0,100.27,100820.0,100270.0
2021-04-06,100.98,68.6,29.56,34.79,26.1,-2.93,1.89,3.55,122.8,17.09,0.01,100.43,100980.0,100430.0
2021-04-07,101.04,65.17,29.35,35.47,24.94,-2.27,2.6,3.6,138.9,15.78,0.0,100.49,101040.0,100490.0
2021-04-08,100.86,65.42,29.06,35.54,23.94,-1.12,3.84,4.42,163.7,15.63,0.0,100.31,100860.0,100310.0
2021-04-09,100.84,67.68,28.9,34.89,24.5,-2.08,3.13,3.99,146.4,16.16,0.0,100.29,100840.0,100290.0
2021-04-10,100.98,67.02,29.41,34.84,25.45,-2.84,2.45,3.85,130.9,16.59,0.01,100.43,100980.0,100430.0
2021-04-11,101.11,65.22,29.83,35.26,26.07,-3.09,1.32,3.56,113.2,16.55,0.69,100.56,101110.0,100560.0
2021-04-12,101.14,67.39,29.77,34.59,26.32,-2.47,2.03,3.35,129.4,17.2,0.58,100.59,101140.0,100590.0
2021-04-13,101.09,65.59,30.03,35.55,25.9,-1.94,2.07,3.15,136.8,16.83,0.57,100.54,101090.0,100540.0
2021-04-14,101.01,70.36,29.45,34.05,26.3,-1.5,2.69,3.29,150.9,17.72,11.08,100.46,101010.0,100460.0
2021-04-15,101.02,73.87,28.66,32.26,26.24,-0.77,2.56,2.87,163.3,17.83,9.8,100.46,101020.0,100460.0
2021-04-16,100.93,68.16,29.59,34.98,26.01,-1.1,2.22,3.2,153.5,17.1,0.46,100.37,100930.0,100370.0
2021-04-17,100.95,70.4,30.0,34.99,26.31,-1.3,1.79,2.98,144.1,18.22,0.0,100.4,100950.0,100400.0
2021-04-18,101.02,70.11,30.25,35.9,26.33,-1.08,2.38,3.19,155.6,18.16,0.0,100.47,101020.0,100470.0
2021-04-19,100.79,68.93,30.66,36.94,25.91,-0.8,2.36,3.53,161.3,18.16,0.02,100.25,100790.0,100250.0
2021-04-20,100.74,70.44,30.57,35.74,27.05,-1.14,2.94,3.45,158.9,18.79,0.03,100.19,100740.0,100190.0
2021-04-21,100.88,70.54,30.6,35.66,27.42,-1.68,2.88,3.47,149.8,18.84,0.03,100.33,100880.0,100330.0
2021-04-22,100.89,68.68,30.39,35.95,26.43,-1.17,3.28,3.84,160.3,18.01,0.0,100.34,100890.0,100340.0
2021-04-23,100.87,66.19,30.9,36.16,26.7,-1.0,2.22,2.82,155.8,17.88,0.26,100.32,100870.0,100320.0
2021-04-24,100.88,72.84,29.6,32.5,27.49,-0.66,2.06,2.56,162.2,18.73,0.91,100.33,100880.0,100330.0
2021-04-25,100.84,67.81,30.59,35.71,26.7,-1.94,2.3,3.26,139.8,18.11,0.04,100.29,100840.0,100290.0
2021-04-26,100.82,68.04,30.49,34.55,27.14,-1.69,3.21,3.8,152.3,18.22,0.0,100.27,100820.0,100270.0
2021-04-27,100.87,68.14,30.48,35.1,26.93,-1.46,2.82,3.48,152.7,18.19,0.0,100.32,100870.0,100320.0
2021-04-28,100.89,67.24,30.79,36.07,26.78,-1.38,2.63,3.59,152.3,18.03,0.01,100.34,100890.0,100340.0
2021-04-29,100.84,66.53,30.85,36.68,26.68,-1.67,2.58,3.55,147.1,17.84,0.02,100.29,100840.0,100290.0
2021-04-30,100.77,66.18,31.04,36.09,27.17,-2.51,2.32,3.53,132.7,18.14,0.09,100.22,100770.0,100220.0
2021-05-01,100.81,66.44,31.03,35.85,27.42,-2.99,2.2,3.82,126.4,18.26,0.18,100.26,100810.0,100260.0
2021-05-02,100.84,68.32,30.57,35.05,27.41,-2.97,1.38,3.28,114.9,18.39,0.77,100.29,100840.0,100290.0
2021-05-03,100.77,66.1,30.8,35.89,27.12,-2.88,1.67,3.43,120.0,17.94,1.06,100.22,100770.0,100220.0
2021-05-04,100.74,63.15,31.11,36.3,27.28,-2.54,1.98,3.5,128.0,17.33,1.27,100.19,100740.0,100190.0
2021-05-05,100.74,62.35,31.47,36.95,27.14,-2.51,2.58,3.91,135.8,17.47,0.06,100.18,100740.0,100180.0
2021-05-06,100.83,64.2,31.32,36.19,27.68,-2.96,2.52,3.98,130.4,17.95,0.07,100.28,100830.0,100280.0
2021-05-07,100.93,67.21,30.89,35.35,27.82,-2.64,2.89,3.98,137.6,18.38,1.33,100.38,100930.0,100380.0
2021-05-08,100.85,67.41,30.34,33.89,27.84,-2.24,1.49,2.94,123.6,18.02,0.93,100.3,100850.0,100300.0
2021-05-09,100.71,65.35,31.05,35.84,27.68,-2.32,2.24,3.4,134.0,18.09,0.03,100.16,100710.0,100160.0
2021-05-10,100.65,63.83,31.66,37.18,27.74,-1.65,3.54,4.22,155.0,18.14,0.04,100.1,100650.0,100100.0
2021-05-11,100.57,64.26,32.33,37.7,28.59,-0.67,3.76,4.21,169.9,18.94,0.26,100.03,100570.0,100030.0
2021-05-12,100.46,64.75,32.48,37.7,28.96,-1.01,3.81,4.22,165.1,19.41,0.8,99.92,100460.0,99920.0
2021-05-13,100.4,68.77,31.67,35.57,29.17,-0.71,4.26,4.51,170.5,19.89,0.75,99.86,100400.0,99860.0
2021-05-14,100.35,66.72,31.8,37.09,28.37,-1.21,4.57,5.14,165.1,19.24,2.04,99.8,100350.0,99800.0
2021-05-15,100.35,65.6,31.14,34.77,28.41,-0.17,6.45,6.5,178.5,18.46,1.3,99.8,100350.0,99800.0
2021-05-16,100.45,69.94,30.24,33.85,27.93,-0.46,6.15,6.35,175.8,18.76,3.05,99.9,100450.0,99900.0
2021-05-17,100.58,68.59,30.97,35.22,27.95,-1.28,4.36,4.88,163.7,18.96,0.71,100.04,100580.0,100040.0
2021-05-18,100.63,71.57,30.82,34.36,28.53,-0.99,5.05,5.27,168.9,19.75,0.31,100.08,100630.0,100080.0
2021-05-19,100.56,74.5,30.36,32.58,28.5,-0.35,4.98,5.02,176.0,20.19,1.81,100.02,100560.0,100020.0
2021-05-20,100.61,72.95,30.14,33.65,27.4,0.45,2.04,3.26,192.4,19.36,4.82,100.07,100610.0,100070.0
2021-05-21,100.68,75.67,28.62,31.55,26.47,3.47,3.76,5.26,222.6,18.39,10.51,100.12,100680.0,100120.0
2021-05-22,100.56,72.53,29.41,33.14,26.14,2.76,1.36,3.33,243.8,18.35,4.07,100.01,100560.0,100010.0
2021-05-23,100.55,69.84,30.07,34.28,26.65,1.73,1.98,3.89,221.1,18.31,0.38,100.0,100550.0,100000.0
2021-05-24,100.6,70.51,29.32,31.58,27.69,3.86,-0.22,4.8,273.2,17.94,3.67,100.05,100600.0,100050.0
2021-05-25,100.4,75.73,28.57,31.32,26.67,4.57,3.15,6.04,235.4,18.52,5.19,99.85,100400.0,99850.0
2021-05-26,100.19,61.47,31.53,38.4,25.5,4.78,0.88,5.18,259.6,17.08,0.06,99.65,100190.0,99650.0
2021-05-27,100.37,61.35,30.92,35.82,27.13,4.44,0.02,5.05,269.8,16.82,0.46,99.82,100370.0,99820.0
2021-05-28,100.48,61.36,31.24,37.38,26.36,1.35,0.97,3.94,234.4,16.75,0.07,99.93,100480.0,99930.0
2021-05-29,100.54,63.14,31.68,37.91,26.8,0.49,1.94,3.64,194.3,17.75,0.12,100.0,100540.0,100000.0
2021-05-30,100.5,63.15,31.89,37.43,27.3,0.75,1.38,3.66,208.4,18.1,4.67,99.95,100500.0,99950.0
2021-05-31,100.38,64.6,31.56,36.39,27.2,2.37,2.8,4.32,220.3,18.35,1.86,99.83,100380.0,99830.0
2021-06-01,100.39,65.24,31.7,37.12,27.5,0.8,1.7,3.59,205.1,18.57,0.11,99.84,100390.0,99840.0
2021-06-02,100.48,65.79,31.1,35.81,28.0,0.28,2.37,2.98,186.8,18.29,0.01,99.93,100480.0,99930.0
2021-06-03,100.64,71.1,30.49,34.4,27.47,-0.69,3.27,4.03,168.1,19.11,0.04,100.09,100640.0,100090.0
2021-06-04,100.78,69.93,29.31,33.54,26.37,-0.89,3.24,3.45,164.6,17.67,0.51,100.23,100780.0,100230.0
2021-06-05,100.75,71.3,29.57,32.13,27.32,0.67,1.91,2.07,199.3,18.32,12.49,100.19,100750.0,100190.0
2021-06-06,100.69,68.45,29.77,33.48,26.33,0.22,1.23,2.06,190.4,17.67,0.27,100.13,100690.0,100130.0
2021-06-07,100.63,69.79,30.41,35.02,26.89,1.22,1.92,3.25,212.3,18.6,8.54,100.09,100630.0,100090.0
2021-06-08,100.57,69.18,30.19,35.2,26.22,0.77,2.52,3.72,197.1,18.18,3.75,100.02,100570.0,100020.0
2021-06-09,100.47,68.16,30.32,35.56,26.89,1.87,1.81,3.71,225.9,17.95,4.9,99.92,100470.0,99920.0
2021-06-10,100.34,65.28,30.73,36.09,26.64,3.25,0.63,3.81,259.0,17.5,1.39,99.79,100340.0,99790.0
2021-06-11,100.39,62.14,30.16,34.69,26.37,5.12,0.29,5.32,266.8,16.33,0.07,99.84,100390.0,99840.0
2021-06-12,100.39,58.87,30.51,36.24,25.82,5.57,1.03,5.71,259.5,15.48,1.78,99.84,100390.0,99840.0
2021-06-13,100.38,62.29,29.6,35.63,25.11,5.18,1.68,5.58,252.1,15.81,0.26,99.83,100380.0,99830.0
2021-06-14,100.33,60.72,29.95,35.21,25.77,6.11,1.81,6.44,253.5,15.77,0.4,99.78,100330.0,99780.0
2021-06-15,100.31,57.15,30.54,36.19,25.88,6.11,2.3,6.78,249.4,15.18,0.26,99.76,100310.0,99760.0
2021-06-16,100.41,59.46,30.86,36.07,26.53,5.21,2.5,5.83,244.4,16.32,0.52,99.86,100410.0,99860.0
2021-06-17,100.5,58.94,31.15,36.17,26.77,5.14,2.58,5.78,243.4,16.43,0.46,99.96,100500.0,99960.0
2021-06-18,100.62,57.52,30.98,35.91,26.61,5.34,1.52,5.58,254.2,15.7,0.26,100.07,100620.0,100070.0
2021-06-19,100.78,62.02,30.36,34.55,26.63,4.13,1.76,4.59,247.0,16.59,1.83,100.23,100780.0,100230.0
2021-06-20,100.77,61.99,30.51,35.45,26.22,4.1,-0.02,4.15,270.3,16.5,0.81,100.22,100770.0,100220.0
2021-06-21,100.67,62.24,30.36,35.64,25.69,1.74,1.2,3.44,235.3,16.42,0.54,100.12,100670.0,100120.0
2021-06-22,100.64,70.58,29.53,33.02,26.79,2.43,-0.01,3.46,270.3,18.07,3.93,100.09,100640.0,100090.0
2021-06-23,100.63,70.11,29.63,34.29,26.59,2.0,2.49,3.87,218.7,17.91,2.72,100.08,100630.0,100080.0
2021-06-24,100.65,71.51,29.91,34.78,26.31,1.75,1.08,3.38,238.3,18.45,9.96,100.1,100650.0,100100.0
2021-06-25,100.5,63.05,30.79,36.49,26.29,2.11,0.61,3.11,253.9,16.86,0.6,99.96,100500.0,99960.0
2021-06-26,100.46,61.63,31.01,36.9,26.51,2.12,0.72,3.59,251.3,16.65,1.89,99.92,100460.0,99920.0
2021-06-27,100.67,66.84,29.12,32.59,26.69,3.58,-0.65,4.26,280.2,16.66,8.9,100.12,100670.0,100120.0
2021-06-28,100.64,67.78,29.34,34.11,25.42,0.27,3.62,4.03,184.2,16.87,2.16,100.09,100640.0,100090.0
2021-06-29,100.6,70.88,29.81,34.61,26.13,0.26,5.28,5.57,182.8,18.27,0.54,100.05,100600.0,100050.0
2021-06-30,100.53,73.42,30.22,34.88,26.72,0.48,4.55,4.92,186.0,19.46,3.03,99.98,100530.0,99980.0
2021-07-01,100.45,79.59,29.44,32.2,27.42,1.16,3.68,4.02,197.5,20.43,4.58,99.9,100450.0,99900.0
2021-07-02,100.55,79.81,29.19,32.16,26.91,0.5,1.13,2.6,203.7,20.17,16.13,100.0,100550.0,100000.0
2021-07-03,100.62,81.02,28.93,31.2,27.22,0.13,2.06,2.17,183.6,20.21,9.11,100.07,100620.0,100070.0
2021-07-04,100.61,77.94,28.55,31.02,26.37,2.21,1.43,2.93,237.1,18.96,4.88,100.06,100610.0,100060.0
2021-07-05,100.48,73.9,29.33,33.28,25.59,1.43,1.24,3.03,229.2,18.66,1.7,99.94,100480.0,99940.0
2021-07-06,100.41,77.28,29.41,32.88,27.15,0.33,3.57,3.79,185.3,19.73,1.71,99.86,100410.0,99860.0
2021-07-07,100.41,77.31,29.18,31.88,26.88,1.51,3.03,3.49,206.6,19.54,1.06,99.86,100410.0,99860.0
2021-07-08,100.43,77.17,28.67,31.59,26.69,2.6,1.52,3.4,239.7,18.96,15.69,99.88,100430.0,99880.0
2021-07-09,100.28,80.28,28.63,31.73,26.17,2.13,1.83,3.56,229.3,19.71,18.56,99.73,100280.0,99730.0
2021-07-10,100.23,78.27,27.85,30.78,25.68,3.24,1.93,3.94,239.2,18.35,11.85,99.68,100230.0,99680.0
2021-07-11,100.25,76.29,27.55,30.77,24.45,3.48,1.86,4.34,241.8,17.55,3.17,99.7,100250.0,99700.0
2021-07-12,100.27,75.01,27.49,30.92,24.7,4.13,1.81,4.81,246.4,17.21,2.4,99.72,100270.0,99720.0
2021-07-13,100.31,74.71,28.35,33.0,24.91,3.26,1.75,3.89,241.8,17.91,1.38,99.76,100310.0,99760.0
2021-07-14,100.4,78.8,28.09,31.86,25.71,2.38,1.33,3.07,240.9,18.65,11.24,99.85,100400.0,99850.0
2021-07-15,100.4,76.84,28.56,32.59,25.53,2.84,2.64,4.1,227.2,18.61,7.01,99.85,100400.0,99850.0
2021-07-16,100.59,76.77,28.84,32.4,26.13,1.85,3.27,3.92,209.4,18.92,8.77,100.04,100590.0,100040.0
2021-07-17,100.61,83.03,27.61,29.91,25.67,2.56,1.22,3.34,244.5,19.2,33.34,100.06,100610.0,100060.0
2021-07-18,100.45,86.67,27.36,29.8,25.59,3.58,2.49,4.43,235.1,19.84,24.12,99.9,100450.0,99900.0
2021-07-19,100.46,76.36,28.86,34.16,24.72,3.92,1.8,4.49,245.4,18.7,10.49,99.91,100460.0,99910.0
2021-07-20,100.63,77.43,28.71,33.41,24.79,4.9,0.03,5.03,269.7,18.88,2.56,100.08,100630.0,100080.0
2021-07-21,100.57,76.66,28.68,32.97,25.08,4.88,0.74,5.08,261.3,18.74,1.63,100.02,100570.0,100020.0
2021-07-22,100.28,79.63,27.57,30.46,25.08,5.71,2.71,6.44,244.6,18.39,2.77,99.73,100280.0,99730.0
2021-07-23,100.24,77.11,28.29,32.74,25.06,3.95,2.99,5.04,232.9,18.52,0.79,99.69,100240.0,99690.0
2021-07-24,100.36,75.12,29.23,33.96,25.43,3.49,2.02,4.39,240.0,18.9,0.91,99.81,100360.0,99810.0
2021-07-25,100.49,77.89,28.76,32.45,26.09,4.32,2.5,5.09,239.9,19.23,3.91,99.95,100490.0,99950.0
2021-07-26,100.53,77.62,28.21,31.82,25.04,3.61,1.71,4.27,244.7,18.54,3.03,99.98,100530.0,99980.0
2021-07-27,100.49,76.84,28.33,33.25,24.8,3.7,3.19,5.1,229.2,18.32,1.7,99.94,100490.0,99940.0
2021-07-28,100.52,71.14,29.61,34.96,25.1,5.11,1.6,5.47,252.6,18.11,0.11,99.97,100520.0,99970.0
2021-07-29,100.56,71.61,29.4,34.59,24.85,4.65,1.09,4.85,256.8,18.08,0.25,100.01,100560.0,100010.0
2021-07-30,100.65,72.52,29.46,34.44,25.1,4.43,0.53,4.62,263.1,18.41,0.4,100.1,100650.0,100100.0
2021-07-31,100.7,70.59,29.73,34.76,25.13,4.44,-0.73,4.61,279.3,18.12,4.41,100.15,100700.0,100150.0
2021-08-01,100.62,73.64,28.93,33.02,24.97,3.84,0.63,4.02,260.6,18.15,1.9,100.07,100620.0,100070.0
2021-08-02,100.58,69.89,29.41,34.53,24.94,4.33,1.16,4.69,255.0,17.57,0.66,100.03,100580.0,100030.0
2021-08-03,100.74,69.42,29.44,34.7,24.55,3.57,0.38,4.16,263.9,17.47,0.6,100.19,100740.0,100190.0
2021-08-04,100.74,70.39,29.77,34.86,25.36,4.91,0.06,4.97,269.3,18.13,0.5,100.19,100740.0,100190.0
2021-08-05,100.59,70.68,30.08,35.2,25.93,3.91,1.14,4.39,253.8,18.57,2.46,100.04,100590.0,100040.0
2021-08-06,100.49,72.35,29.7,34.63,25.59,3.44,1.87,4.79,241.5,18.57,2.42,99.94,100490.0,99940.0
2021-08-07,100.57,75.8,29.57,33.55,26.1,2.03,2.3,3.95,221.4,19.41,4.07,100.02,100570.0,100020.0
2021-08-08,100.65,76.39,29.64,33.41,26.34,0.97,1.67,3.27,210.2,19.65,3.13,100.1,100650.0,100100.0
2021-08-09,100.67,77.23,29.76,33.24,26.59,0.63,1.72,2.87,200.2,20.04,8.96,100.12,100670.0,100120.0
2021-08-10,100.62,80.01,28.37,30.46,26.46,3.66,-0.12,4.31,271.8,19.34,5.9,100.07,100620.0,100070.0
2021-08-11,100.63,85.5,27.04,28.27,26.13,2.61,-0.35,3.39,277.7,19.19,2.64,100.08,100630.0,100080.0
2021-08-12,100.67,83.95,27.5,30.02,25.76,3.1,0.42,3.6,262.2,19.31,3.18,100.12,100670.0,100120.0
2021-08-13,100.6,78.55,28.27,31.89,25.32,2.35,-0.15,3.07,273.7,18.78,2.72,100.04,100600.0,100040.0
2021-08-14,100.45,74.76,28.63,32.4,25.68,3.62,-0.74,3.99,281.5,18.28,1.83,99.9,100450.0,99900.0
2021-08-15,100.52,74.48,28.18,32.47,24.88,3.77,-1.46,4.25,291.2,17.61,2.47,99.97,100520.0,99970.0
2021-08-16,100.6,71.41,28.91,33.17,24.98,2.31,0.59,3.23,255.6,17.5,3.57,100.05,100600.0,100050.0
2021-08-17,100.64,74.16,28.96,33.45,25.13,2.09,3.59,4.54,210.1,18.22,2.72,100.09,100640.0,100090.0
2021-08-18,100.54,72.53,28.86,32.71,25.12,2.25,2.18,3.69,225.8,17.73,0.18,99.98,100540.0,99980.0
2021-08-19,100.48,71.49,29.18,33.8,24.98,2.76,1.18,3.56,246.8,17.78,2.56,99.93,100480.0,99930.0
2021-08-20,100.62,75.33,28.16,31.72,25.49,1.96,1.4,3.32,234.5,17.83,3.84,100.06,100620.0,100060.0
2021-08-21,100.86,84.9,26.1,27.81,24.68,2.25,2.97,3.76,217.1,17.96,13.32,100.31,100860.0,100310.0
2021-08-22,100.82,81.52,26.74,30.26,23.81,0.4,2.16,2.73,190.5,17.78,5.64,100.27,100820.0,100270.0
2021-08-23,100.76,81.11,27.37,30.3,24.87,1.51,3.77,4.27,201.9,18.43,1.42,100.21,100760.0,100210.0
2021-08-24,100.69,77.94,28.6,32.52,24.82,1.75,4.01,4.63,203.6,18.93,4.75,100.13,100690.0,100130.0
2021-08-25,100.56,78.84,28.65,32.64,25.4,2.49,2.54,4.22,224.4,19.24,2.59,100.0,100560.0,100000.0
2021-08-26,100.44,78.3,28.7,31.52,25.77,1.46,1.54,2.48,223.4,19.23,3.66,99.89,100440.0,99890.0
2021-08-27,100.44,87.39,26.93,28.17,25.92,1.17,0.75,2.23,237.4,19.53,21.55,99.89,100440.0,99890.0
2021-08-28,100.31,80.44,27.5,30.14,25.18,2.29,0.4,3.31,260.1,18.44,16.04,99.76,100310.0,99760.0
2021-08-29,100.29,78.95,27.1,30.44,24.79,3.11,2.46,4.25,231.7,17.62,8.29,99.74,100290.0,99740.0
2021-08-30,100.38,75.72,27.7,31.68,24.28,3.82,1.05,4.38,254.6,17.44,0.44,99.83,100380.0,99830.0
2021-08-31,100.55,72.92,27.87,30.82,25.09,1.94,0.34,3.09,260.0,16.9,0.99,100.0,100550.0,100000.0
2021-09-01,100.7,80.84,27.53,30.25,25.58,0.4,0.89,1.92,204.2,18.53,1.4,100.15,100700.0,100150.0
2021-09-02,100.66,81.85,27.25,30.12,24.79,2.56,1.04,3.28,248.0,18.48,7.02,100.11,100660.0,100110.0
2021-09-03,100.59,80.63,27.14,30.64,24.77,3.09,1.07,3.89,250.8,18.02,8.8,100.03,100590.0,100030.0
2021-09-04,100.56,86.49,26.38,28.79,24.7,4.47,1.84,5.12,247.6,18.65,12.16,100.01,100560.0,100010.0
2021-09-05,100.49,78.62,28.22,32.86,24.75,3.19,0.9,3.69,254.3,18.7,7.22,99.94,100490.0,99940.0
2021-09-06,100.46,79.09,27.37,31.59,24.68,4.4,1.1,4.65,255.9,17.95,6.91,99.91,100460.0,99910.0
2021-09-07,100.54,79.28,26.66,30.21,23.9,3.07,3.15,4.62,224.3,17.3,0.43,99.99,100540.0,99990.0
2021-09-08,100.65,81.28,27.55,31.12,24.06,2.73,2.99,4.16,222.4,18.65,0.06,100.1,100650.0,100100.0
2021-09-09,100.72,78.28,28.13,31.9,24.5,2.93,1.78,4.09,238.7,18.5,0.15,100.17,100720.0,100170.0
2021-09-10,100.64,79.24,28.07,31.47,25.0,3.41,0.95,3.87,254.4,18.74,0.53,100.08,100640.0,100080.0
2021-09-11,100.54,79.05,28.14,32.0,24.91,3.78,1.91,4.56,243.2,18.8,0.06,99.99,100540.0,99990.0
2021-09-12,100.43,80.56,28.09,31.35,25.1,3.74,2.53,4.62,235.9,19.17,0.17,99.88,100430.0,99880.0
2021-09-13,100.36,77.69,28.44,32.55,24.86,4.06,3.72,5.65,227.5,18.79,0.05,99.81,100360.0,99810.0
2021-09-14,100.47,79.69,28.42,32.47,24.89,2.7,3.44,4.88,218.1,19.24,0.04,99.92,100470.0,99920.0
2021-09-15,100.57,79.57,28.82,32.84,25.34,1.73,1.91,3.33,222.0,19.58,1.77,100.02,100570.0,100020.0
2021-09-16,100.58,82.21,27.99,31.04,26.0,0.6,1.53,3.28,201.4,19.38,2.6,100.03,100580.0,100030.0
2021-09-17,100.59,85.69,27.61,30.02,26.07,-1.13,1.64,2.95,145.5,19.83,1.42,100.04,100590.0,100040.0
2021-09-18,100.7,80.48,28.29,31.98,25.53,1.07,2.24,2.95,205.6,19.17,5.01,100.15,100700.0,100150.0
2021-09-19,100.83,80.78,28.44,31.7,25.43,0.64,2.5,2.85,194.5,19.49,6.04,100.28,100830.0,100280.0
2021-09-20,100.74,80.77,28.69,31.52,25.89,0.98,1.98,2.38,206.3,19.78,3.03,100.19,100740.0,100190.0
2021-09-21,100.62,81.32,28.26,31.54,25.78,2.15,1.44,3.28,236.2,19.46,4.59,100.07,100620.0,100070.0
2021-09-22,100.48,79.6,28.19,31.58,25.08,1.8,0.59,3.18,251.8,18.93,21.25,99.93,100480.0,99930.0
2021-09-23,100.54,81.59,28.25,30.72,25.86,1.54,2.42,3.06,212.4,19.58,1.37,100.0,100540.0,100000.0
2021-09-24,100.63,79.09,28.12,30.83,25.89,0.67,-0.03,2.48,272.4,18.74,1.87,100.08,100630.0,100080.0
2021-09-25,100.55,82.06,28.31,31.25,25.69,1.0,1.85,2.49,208.3,19.71,7.28,100.0,100550.0,100000.0
2021-09-26,100.38,83.09,27.3,29.4,25.9,1.59,0.42,2.6,255.3,18.93,7.13,99.82,100380.0,99820.0
2021-09-27,100.18,76.31,28.63,33.44,24.52,4.19,1.07,4.64,255.6,18.53,0.08,99.63,100180.0,99630.0
2021-09-28,100.48,79.6,27.5,30.95,24.52,3.02,2.89,4.48,226.3,18.2,2.25,99.93,100480.0,99930.0
2021-09-29,100.68,75.62,28.04,32.06,23.84,1.21,-0.31,2.67,284.1,17.64,1.48,100.13,100680.0,100130.0
2021-09-30,100.78,77.95,28.16,31.44,25.59,0.35,0.91,2.17,200.9,18.46,3.93,100.23,100780.0,100230.0
2021-10-01,100.76,81.28,28.04,30.83,25.97,-1.86,-0.69,2.28,69.6,19.24,2.28,100.21,100760.0,100210.0
2021-10-02,100.72,87.9,27.43,29.21,26.12,-2.3,-1.62,2.94,54.8,20.18,5.59,100.17,100720.0,100170.0
2021-10-03,100.71,82.9,27.94,30.62,26.21,-1.86,-0.16,1.94,85.2,19.49,4.45,100.16,100710.0,100160.0
2021-10-04,100.65,82.95,27.92,30.71,25.8,-2.02,-0.91,2.43,65.7,19.53,4.71,100.1,100650.0,100100.0
2021-10-05,100.6,88.45,27.14,28.77,25.87,-1.65,-2.51,3.12,33.3,20.01,37.11,100.04,100600.0,100040.0
2021-10-06,100.45,86.03,27.99,30.95,25.95,-1.15,1.21,2.96,136.5,20.43,8.39,99.9,100450.0,99900.0
2021-10-07,100.57,85.61,27.58,29.78,25.41,0.26,2.81,3.15,185.3,19.81,3.17,100.02,100570.0,100020.0
2021-10-08,100.57,83.88,28.44,31.6,25.76,1.7,2.48,3.12,214.4,20.33,3.81,100.02,100570.0,100020.0
2021-10-09,100.72,86.85,27.3,28.75,25.89,1.64,-0.49,2.04,286.6,19.77,5.3,100.17,100720.0,100170.0
2021-10-10,100.67,82.77,27.76,30.74,25.44,2.85,-0.48,3.0,279.5,19.29,9.41,100.12,100670.0,100120.0
2021-10-11,100.57,85.11,27.07,29.68,24.98,1.03,0.62,2.19,238.9,19.09,4.31,100.02,100570.0,100020.0
2021-10-12,100.57,82.65,27.19,30.04,25.1,0.56,0.03,2.13,266.4,18.63,4.16,100.02,100570.0,100020.0
2021-10-13,100.49,79.51,28.25,32.16,24.98,0.86,-0.46,2.74,298.1,18.98,6.49,99.94,100490.0,99940.0
2021-10-14,100.44,83.46,27.8,30.47,25.18,1.23,-0.21,3.36,279.7,19.55,0.24,99.9,100440.0,99900.0
2021-10-15,100.22,82.88,28.15,30.79,26.07,1.31,1.28,2.23,225.6,19.87,2.84,99.68,100220.0,99680.0
2021-10-16,100.2,86.08,27.82,30.67,25.16,1.14,2.66,3.36,203.2,20.23,1.62,99.66,100200.0,99660.0
2021-10-17,100.33,86.34,28.06,29.94,26.41,1.23,2.15,2.55,209.8,20.6,3.02,99.78,100330.0,99780.0
2021-10-18,100.59,81.65,28.07,30.9,25.9,2.15,1.25,3.16,239.7,19.4,0.37,100.04,100590.0,100040.0
2021-10-19,100.88,83.27,27.66,29.79,25.78,1.75,0.21,2.53,263.1,19.28,3.3,100.33,100880.0,100330.0
2021-10-20,101.07,82.14,27.49,29.96,25.42,0.16,0.36,1.78,204.1,18.79,1.74,100.52,101070.0,100520.0
2021-10-21,101.12,83.06,27.36,28.94,25.89,-0.25,0.34,1.41,143.3,18.9,1.85,100.56,101120.0,100560.0
2021-10-22,101.15,83.57,27.32,29.39,25.15,-0.37,0.99,1.67,159.4,18.93,0.51,100.6,101150.0,100600.0
2021-10-23,101.19,85.22,27.19,29.12,25.55,-0.7,1.89,2.07,159.7,19.16,0.54,100.64,101190.0,100640.0
2021-10-24,101.19,78.27,27.63,30.61,24.71,0.46,-0.22,2.08,295.1,17.95,5.98,100.63,101190.0,100630.0
2021-10-25,101.04,84.65,26.63,28.61,25.03,-0.97,-3.16,3.75,17.1,18.45,0.93,100.48,101040.0,100480.0
2021-10-26,100.95,79.82,27.14,30.21,25.03,-1.74,-2.86,3.43,31.3,17.85,0.98,100.39,100950.0,100390.0
2021-10-27,100.96,81.23,26.86,30.22,24.34,-2.02,-3.45,4.13,30.4,17.89,0.75,100.4,100960.0,100400.0
2021-10-28,100.95,82.03,26.41,28.87,24.2,0.18,-5.32,5.46,358.1,17.63,6.67,100.4,100950.0,100400.0
2021-10-29,101.09,86.27,26.71,28.72,25.33,-1.92,-2.55,3.22,37.0,18.87,25.07,100.53,101090.0,100530.0
2021-10-30,101.17,89.13,26.48,28.19,24.93,-1.91,-2.97,3.63,32.7,19.26,17.88,100.62,101170.0,100620.0
2021-10-31,101.09,86.98,26.97,28.79,25.75,-3.19,-2.72,4.23,49.5,19.36,16.09,100.53,101090.0,100530.0
2021-11-01,101.03,88.91,26.41,27.86,25.45,-3.52,-1.24,3.88,70.6,19.16,21.37,100.47,101030.0,100470.0
2021-11-02,101.07,86.5,26.42,28.14,25.29,-3.68,-1.12,3.88,73.2,18.63,23.68,100.51,101070.0,100510.0
2021-11-03,101.06,90.13,25.71,26.87,24.89,-2.43,-1.99,3.17,50.6,18.64,30.77,100.51,101060.0,100510.0
2021-11-04,101.01,90.86,25.87,27.37,24.71,-1.53,-3.3,3.66,24.8,18.97,18.47,100.45,101010.0,100450.0
2021-11-05,100.96,88.54,25.94,28.03,24.74,-0.35,-2.85,2.92,7.0,18.55,16.95,100.4,100960.0,100400.0
2021-11-06,100.8,89.51,26.12,28.05,24.25,-1.91,-1.16,2.85,58.8,19.02,49.77,100.25,100800.0,100250.0
2021-11-07,100.79,87.96,26.64,28.61,25.22,-3.01,-0.98,3.2,72.0,19.25,40.64,100.24,100790.0,100240.0
2021-11-08,100.91,89.87,26.05,27.2,24.51,-2.72,-4.46,5.45,31.4,19.01,36.4,100.35,100910.0,100350.0
2021-11-09,100.97,88.64,25.26,26.97,24.0,-0.36,-5.82,5.88,3.5,17.87,16.97,100.41,100970.0,100410.0
2021-11-10,100.79,92.22,24.09,25.24,23.4,2.31,-7.73,8.1,343.4,17.35,84.05,100.24,100790.0,100240.0
2021-11-11,100.21,93.4,24.83,27.04,22.99,2.18,-8.05,8.96,344.8,18.56,75.19,99.66,100210.0,99660.0
2021-11-12,100.47,86.87,26.11,28.64,23.63,-1.12,5.31,5.79,168.1,18.5,3.63,99.92,100470.0,99920.0
2021-11-13,100.74,85.99,26.85,28.99,25.26,-1.35,0.85,1.69,122.2,19.05,3.72,100.18,100740.0,100180.0
2021-11-14,100.74,87.73,26.53,28.69,24.79,-1.03,1.21,2.14,139.5,19.06,4.74,100.19,100740.0,100190.0
2021-11-15,100.64,86.79,26.59,28.63,24.97,-1.73,-1.06,2.14,58.5,18.97,4.57,100.09,100640.0,100090.0
2021-11-16,100.67,86.29,26.83,28.93,25.23,-1.82,-0.25,1.91,82.2,19.13,2.4,100.12,100670.0,100120.0
2021-11-17,100.86,90.25,26.46,28.15,25.27,-1.69,-2.42,3.43,34.9,19.55,11.0,100.31,100860.0,100310.0
2021-11-18,100.4,94.08,26.52,27.44,25.27,-2.29,-7.22,8.82,17.6,20.59,74.21,99.85,100400.0,99850.0
2021-11-19,100.34,89.65,26.72,27.69,25.58,-5.03,4.25,7.25,130.2,19.85,20.62,99.79,100340.0,99790.0
2021-11-20,100.57,89.41,26.91,28.88,25.53,-3.53,3.83,5.24,137.4,19.95,16.63,100.02,100570.0,100020.0
2021-11-21,100.89,88.16,26.66,28.54,25.38,-1.7,-0.11,2.35,86.3,19.29,7.5,100.34,100890.0,100340.0
2021-11-22,101.01,89.74,26.3,28.29,24.84,-2.02,-1.86,2.88,47.3,19.23,5.0,100.45,101010.0,100450.0
2021-11-23,100.96,88.2,26.64,29.09,25.0,-2.45,-2.5,3.55,44.5,19.27,2.29,100.41,100960.0,100410.0
2021-11-24,100.98,87.86,26.34,28.35,24.7,-2.62,-2.73,3.81,43.8,18.86,2.87,100.43,100980.0,100430.0
2021-11-25,100.97,88.38,26.46,28.01,25.23,-3.17,-4.54,5.56,35.0,19.13,18.25,100.42,100970.0,100420.0
2021-11-26,100.97,90.36,26.09,27.64,24.85,-2.0,-6.01,6.4,18.4,19.13,58.61,100.42,100970.0,100420.0
2021-11-27,100.99,92.6,25.83,26.88,24.92,-2.42,-4.87,5.53,26.4,19.33,29.98,100.44,100990.0,100440.0
2021-11-28,101.09,92.82,25.53,26.64,24.68,-2.92,-2.55,4.06,48.9,19.0,61.12,100.53,101090.0,100530.0
2021-11-29,101.2,91.47,25.44,26.91,24.09,-1.59,-1.89,2.51,40.1,18.59,12.76,100.64,101200.0,100640.0
2021-11-30,101.14,91.13,26.06,27.14,25.14,-4.09,-2.06,4.65,63.3,19.26,9.8,100.58,101140.0,100580.0
2021-12-01,101.13,86.45,26.09,28.34,24.5,-3.82,-3.02,4.89,51.7,18.25,1.22,100.57,101130.0,100570.0
2021-12-02,101.14,82.33,24.96,27.38,23.08,-2.2,-3.9,4.51,29.4,16.22,0.03,100.58,101140.0,100580.0
2021-12-03,101.1,89.59,24.43,26.54,22.73,0.89,-4.18,4.38,348.0,17.19,0.14,100.54,101100.0,100540.0
2021-12-04,101.06,81.81,26.0,29.31,22.73,0.61,-1.52,2.28,338.3,17.1,0.01,100.5,101060.0,100500.0
2021-12-05,101.07,82.01,26.58,30.19,23.16,-0.14,0.1,1.82,125.9,17.73,0.15,100.52,101070.0,100520.0
2021-12-06,101.08,84.54,26.55,29.25,24.76,-1.73,-0.97,2.18,60.7,18.29,1.22,100.52,101080.0,100520.0
2021-12-07,101.15,85.08,25.87,28.55,24.07,-1.76,-2.85,3.44,31.8,17.7,0.09,100.59,101150.0,100590.0
2021-12-08,101.17,87.43,25.65,28.19,23.39,-2.36,-2.85,3.77,39.6,17.97,0.38,100.62,101170.0,100620.0
2021-12-09,101.28,86.13,25.84,27.88,24.23,-3.84,-0.5,4.15,82.5,17.87,3.98,100.72,101280.0,100720.0
2021-12-10,101.38,84.35,25.77,28.78,23.24,-3.22,-2.99,4.43,47.1,17.4,2.35,100.82,101380.0,100820.0
2021-12-11,101.34,85.41,25.88,28.53,24.08,-4.2,-3.12,5.24,53.4,17.75,3.71,100.78,101340.0,100780.0
2021-12-12,101.36,85.87,25.7,27.98,24.23,-4.08,-3.15,5.16,52.4,17.66,6.0,100.8,101360.0,100800.0
2021-12-13,101.25,84.01,25.99,28.38,24.47,-4.96,-2.79,5.71,60.7,17.57,6.87,100.69,101250.0,100690.0
2021-12-14,101.22,83.63,25.32,27.47,23.96,-4.19,-3.53,5.49,49.9,16.84,2.34,100.66,101220.0,100660.0
2021-12-15,101.27,82.85,24.96,27.6,23.21,-2.9,-4.62,5.48,32.1,16.3,1.6,100.71,101270.0,100710.0
2021-12-16,101.36,80.87,24.66,27.55,22.65,-2.37,-5.0,5.58,25.4,15.6,0.48,100.81,101360.0,100810.0
2021-12-17,101.43,81.65,24.2,26.82,22.11,-1.67,-4.76,5.13,19.3,15.3,0.15,100.87,101430.0,100870.0
2021-12-18,101.38,80.05,23.89,26.67,22.13,-1.95,-4.99,5.38,21.4,14.71,0.0,100.82,101380.0,100820.0
2021-12-19,101.49,77.93,23.5,26.67,20.96,-1.86,-4.78,5.18,21.3,13.97,0.0,100.92,101490.0,100920.0
2021-12-20,101.49,76.0,23.58,27.16,21.07,-1.91,-3.85,4.33,26.4,13.66,0.0,100.92,101490.0,100920.0
2021-12-21,101.51,74.54,23.25,27.11,20.31,-0.34,-3.15,3.32,6.2,13.12,0.0,100.94,101510.0,100940.0
2021-12-22,101.39,73.44,22.74,26.66,19.77,-1.2,-2.08,2.51,29.9,12.56,0.0,100.82,101390.0,100820.0
2021-12-23,101.33,72.27,22.4,26.61,18.83,-1.04,-2.05,2.45,26.9,12.05,0.0,100.77,101330.0,100770.0
2021-12-24,101.34,72.72,23.46,27.51,20.33,-1.7,-0.63,2.0,69.7,13.01,0.0,100.78,101340.0,100780.0
2021-12-25,101.37,73.36,23.62,27.32,20.79,-1.92,-0.68,2.19,70.4,13.25,0.0,100.81,101370.0,100810.0
2021-12-26,101.5,76.97,23.94,27.65,20.75,-1.75,-1.02,2.2,59.7,14.19,0.0,100.94,101500.0,100940.0
2021-12-27,101.53,78.07,24.25,27.98,20.9,-2.32,-1.21,2.86,62.5,14.6,0.41,100.97,101530.0,100970.0
2021-12-28,101.47,81.99,24.0,27.43,21.19,-2.91,-2.13,3.63,53.9,15.1,0.87,100.9,101470.0,100900.0
2021-12-29,101.39,79.08,24.37,28.09,21.67,-2.61,-2.11,3.45,51.1,14.9,0.92,100.82,101390.0,100820.0
2021-12-30,101.46,86.17,24.55,27.01,21.98,-3.6,-3.44,5.18,46.3,16.57,55.65,100.9,101460.0,100900.0
2021-12-31,101.53,87.17,25.22,27.52,23.66,-5.17,-3.39,6.2,56.7,17.38,42.52,100.97,101530.0,100970.0
2022-01-01,101.58,86.38,25.03,27.1,23.55,-4.4,-4.24,6.15,46.1,17.03,8.69,101.01,101580.0,101010.0
2022-01-02,101.5,83.33,24.61,27.37,22.9,-3.74,-3.34,5.05,48.2,16.0,0.5,100.93,101500.0,100930.0
2022-01-03,101.45,81.09,24.37,27.48,22.24,-3.02,-3.16,4.38,43.7,15.34,0.02,100.89,101450.0,100890.0
2022-01-04,101.5,81.46,23.36,26.36,21.21,-2.48,-3.82,4.57,33.0,14.47,0.01,100.94,101500.0,100940.0
2022-01-05,101.46,80.24,23.6,27.12,20.55,-1.54,-2.76,3.29,29.2,14.5,0.02,100.9,101460.0,100900.0
2022-01-06,101.38,83.68,23.94,27.23,21.11,-2.38,-2.57,3.59,42.9,15.45,0.04,100.82,101380.0,100820.0
2022-01-07,101.41,84.08,24.16,27.25,21.26,-2.88,-1.99,3.53,55.4,15.71,0.03,100.84,101410.0,100840.0
2022-01-08,101.43,80.79,24.29,27.24,22.17,-3.11,-2.2,3.81,54.8,15.21,0.0,100.86,101430.0,100860.0
2022-01-09,101.27,80.86,24.23,27.77,21.7,-2.54,-1.22,2.83,64.3,15.17,0.0,100.71,101270.0,100710.0
2022-01-10,101.26,81.06,24.65,28.5,21.63,-2.44,-0.19,2.54,85.6,15.57,0.0,100.7,101260.0,100700.0
2022-01-11,101.24,79.24,25.14,28.58,22.23,-2.76,-0.58,2.96,78.1,15.7,0.02,100.68,101240.0,100680.0
2022-01-12,101.19,80.42,25.29,28.38,23.03,-2.74,0.55,2.82,101.4,16.13,0.14,100.63,101190.0,100630.0
2022-01-13,101.13,81.42,25.63,28.79,23.1,-2.45,1.29,2.81,117.7,16.64,0.95,100.57,101130.0,100570.0
2022-01-14,101.1,83.07,25.84,28.85,23.54,-1.95,1.27,2.47,123.1,17.19,0.68,100.54,101100.0,100540.0
2022-01-15,101.21,84.49,25.44,28.44,23.24,-2.55,-1.18,2.88,65.1,17.06,0.64,100.65,101210.0,100650.0
2022-01-16,101.39,84.51,25.15,27.84,23.02,-3.7,-2.71,4.63,53.8,16.76,5.86,100.82,101390.0,100820.0
2022-01-17,101.54,80.99,25.03,27.8,23.05,-4.09,-2.57,4.89,57.8,15.92,6.17,100.98,101540.0,100980.0
2022-01-18,101.5,81.09,24.18,27.02,22.0,-3.18,-2.75,4.22,49.1,15.14,1.52,100.93,101500.0,100930.0
2022-01-19,101.32,76.83,23.85,27.5,21.44,-1.72,-2.85,3.51,31.0,14.01,0.47,100.76,101320.0,100760.0
2022-01-20,101.13,72.09,23.8,27.82,20.33,-1.29,-0.21,1.87,80.8,13.09,0.0,100.56,101130.0,100560.0
2022-01-21,101.1,76.9,24.17,28.71,20.29,-0.3,1.89,2.46,170.8,14.33,0.0,100.54,101100.0,100540.0
2022-01-22,100.93,80.42,25.02,29.94,21.08,0.11,1.85,2.81,183.5,15.73,0.0,100.37,100930.0,100370.0
2022-01-23,100.93,83.85,25.48,29.25,22.13,0.02,2.73,3.26,180.3,16.95,0.59,100.37,100930.0,100370.0
2022-01-24,100.92,82.98,25.37,28.96,23.04,-0.03,2.2,2.88,179.2,16.67,3.1,100.36,100920.0,100360.0
2022-01-25,100.97,80.89,25.15,28.49,22.52,-1.3,1.97,2.65,146.6,15.99,1.19,100.41,100970.0,100410.0
2022-01-26,101.04,79.43,24.8,27.16,23.35,-1.8,0.93,2.3,117.4,15.47,0.7,100.48,101040.0,100480.0
2022-01-27,101.13,76.53,24.84,27.99,22.3,-2.44,-2.26,3.37,47.2,14.89,0.19,100.56,101130.0,100560.0
2022-01-28,101.28,82.84,24.43,27.64,21.96,-2.99,-3.98,4.99,36.9,15.74,0.26,100.71,101280.0,100710.0
2022-01-29,101.35,81.67,24.64,27.81,22.59,-2.7,-4.93,5.65,28.7,15.7,0.08,100.79,101350.0,100790.0
2022-01-30,101.24,82.15,24.52,28.25,21.37,-2.32,-2.73,3.65,40.4,15.67,0.0,100.68,101240.0,100680.0
2022-01-31,101.16,80.62,24.98,28.95,22.35,-2.06,-1.13,2.48,61.4,15.8,0.0,100.6,101160.0,100600.0
2022-02-01,101.12,74.41,24.13,28.12,21.79,-2.14,-0.47,2.26,77.5,13.82,0.0,100.56,101120.0,100560.0
2022-02-02,101.19,71.91,23.63,28.26,19.82,-1.68,0.26,1.96,98.9,12.9,0.0,100.63,101190.0,100630.0
2022-02-03,101.12,74.14,23.78,28.15,19.48,-0.62,1.75,2.26,160.5,13.49,0.0,100.56,101120.0,100560.0
2022-02-04,100.96,76.79,25.03,29.82,21.02,-0.62,1.8,2.83,160.9,15.07,0.0,100.4,100960.0,100400.0
2022-02-05,101.08,81.05,25.45,29.09,22.44,-2.05,1.26,2.94,121.5,16.34,0.04,100.52,101080.0,100520.0
2022-02-06,101.35,77.66,25.08,28.61,22.43,-3.34,-1.03,3.52,72.9,15.24,0.0,100.78,101350.0,100780.0
2022-02-07,101.37,75.11,24.4,28.64,21.32,-3.11,-1.66,3.55,61.9,14.09,0.0,100.81,101370.0,100810.0
2022-02-08,101.26,75.69,23.98,28.42,20.39,-2.96,-1.96,3.64,56.4,13.84,0.0,100.7,101260.0,100700.0
2022-02-09,101.25,75.92,23.72,28.17,20.75,-3.38,-2.18,4.07,57.2,13.68,0.0,100.69,101250.0,100690.0
2022-02-10,101.2,75.63,24.2,28.53,20.5,-2.25,-3.42,4.12,33.4,14.13,0.13,100.64,101200.0,100640.0
2022-02-11,101.2,75.48,24.9,28.91,21.85,-3.08,-3.25,4.55,43.5,14.65,0.25,100.64,101200.0,100640.0
2022-02-12,101.16,75.76,25.15,29.34,22.21,-3.22,-3.32,4.63,44.2,14.91,0.07,100.6,101160.0,100600.0
2022-02-13,101.08,79.75,24.62,28.98,21.36,-3.17,-2.39,4.01,53.0,15.17,0.0,100.52,101080.0,100520.0
2022-02-14,101.11,74.78,24.73,29.03,21.79,-3.57,-2.22,4.21,58.2,14.31,0.03,100.54,101110.0,100540.0
2022-02-15,101.08,71.62,24.13,28.42,20.85,-3.22,-2.4,4.05,53.3,13.22,0.01,100.52,101080.0,100520.0
2022-02-16,100.88,70.88,24.34,28.94,20.98,-2.48,-2.47,3.62,45.1,13.27,0.0,100.32,100880.0,100320.0
2022-02-17,100.8,72.42,24.73,29.45,21.35,-2.53,-1.77,3.12,54.9,13.88,0.0,100.24,100800.0,100240.0
2022-02-18,100.97,74.94,25.13,29.85,21.92,-3.3,-1.9,3.83,60.0,14.69,0.0,100.42,100970.0,100420.0
2022-02-19,101.2,74.38,25.37,30.23,21.76,-2.96,-1.78,3.54,59.0,14.71,0.0,100.64,101200.0,100640.0
2022-02-20,101.08,73.12,25.9,31.3,22.17,-2.07,0.79,2.58,110.8,14.78,0.0,100.52,101080.0,100520.0
2022-02-21,100.92,75.22,26.3,32.68,21.04,-0.57,1.92,2.91,163.5,15.44,0.0,100.37,100920.0,100370.0
2022-02-22,101.13,76.7,26.59,31.93,23.12,-2.06,1.27,2.94,121.6,16.13,0.03,100.58,101130.0,100580.0
2022-02-23,101.42,75.9,25.98,31.2,22.68,-3.61,-0.14,3.68,87.8,15.37,0.0,100.85,101420.0,100850.0
2022-02-24,101.5,70.74,25.46,30.45,21.93,-2.86,-0.96,3.05,71.4,13.92,0.0,100.93,101500.0,100930.0
2022-02-25,101.42,72.71,24.43,29.72,20.49,-2.95,-1.88,3.58,57.5,13.44,0.0,100.86,101420.0,100860.0
2022-02-26,101.42,74.88,25.33,30.45,20.96,-3.45,-1.24,3.69,70.2,14.82,0.01,100.86,101420.0,100860.0
2022-02-27,101.42,72.09,25.72,30.81,22.26,-3.49,-1.83,3.96,62.3,14.46,0.0,100.85,101420.0,100850.0
2022-02-28,101.34,69.11,26.06,31.98,21.56,-2.66,-1.79,3.35,56.0,13.97,0.0,100.78,101340.0,100780.0
2022-03-01,101.32,66.33,26.31,32.68,21.59,-2.65,-2.37,3.79,48.2,13.33,0.0,100.76,101320.0,100760.0
2022-03-02,101.28,66.79,25.89,31.92,21.15,-3.03,-2.56,4.01,49.8,13.36,0.0,100.72,101280.0,100720.0
2022-03-03,101.22,73.5,26.0,30.85,22.47,-2.9,-3.29,4.48,41.5,15.15,0.0,100.66,101220.0,100660.0
2022-03-04,101.18,71.74,26.86,31.41,23.47,-3.04,-4.38,5.53,34.8,15.53,0.06,100.62,101180.0,100620.0
2022-03-05,101.11,71.33,26.68,30.52,23.66,-2.65,-4.05,4.91,33.2,15.37,0.01,100.55,101110.0,100550.0
2022-03-06,101.07,71.49,26.69,31.11,23.82,-3.8,-3.62,5.36,46.4,15.34,0.89,100.51,101070.0,100510.0
2022-03-07,101.13,72.29,27.01,31.54,24.09,-3.53,-1.08,3.8,72.9,15.71,0.21,100.57,101130.0,100570.0
2022-03-08,101.13,68.69,27.16,32.73,23.63,-2.46,-0.38,2.64,81.3,14.84,0.0,100.57,101130.0,100570.0
2022-03-09,101.05,64.58,27.19,33.96,21.8,-1.99,-0.7,2.78,70.6,13.71,0.0,100.49,101050.0,100490.0
2022-03-10,101.03,66.52,26.85,33.02,22.57,-2.72,-1.38,3.11,63.2,14.02,0.0,100.47,101030.0,100470.0
2022-03-11,100.99,67.02,26.67,32.92,21.82,-2.59,-1.69,3.19,56.8,13.93,0.0,100.43,100990.0,100430.0
2022-03-12,100.92,63.83,26.85,33.4,21.66,-2.1,-1.51,2.96,54.4,13.37,0.0,100.36,100920.0,100360.0
2022-03-13,100.97,65.23,27.08,32.86,22.66,-2.41,-1.28,2.92,62.0,14.03,0.01,100.41,100970.0,100410.0
2022-03-14,100.97,63.89,27.78,33.91,23.55,-2.24,-0.59,2.72,75.3,14.14,0.0,100.42,100970.0,100420.0
2022-03-15,100.83,63.14,27.68,34.74,22.02,-1.57,0.07,2.6,92.7,13.65,0.0,100.27,100830.0,100270.0
2022-03-16,100.71,58.62,28.08,36.2,21.57,-0.22,0.91,3.11,166.4,12.67,0.0,100.16,100710.0,100160.0
2022-03-17,100.68,62.5,28.36,36.41,21.59,-0.94,1.57,3.34,149.1,13.97,0.0,100.13,100680.0,100130.0
2022-03-18,100.66,67.68,28.51,36.04,22.67,-1.9,2.28,3.56,140.2,15.27,0.0,100.11,100660.0,100110.0
2022-03-19,100.62,69.51,29.0,35.51,23.84,-1.22,2.25,3.25,151.6,16.51,0.01,100.07,100620.0,100070.0
2022-03-20,100.54,66.81,30.19,36.34,25.3,-0.67,1.12,2.44,149.2,17.21,0.08,100.0,100540.0,100000.0
2022-03-21,100.59,64.07,30.81,37.2,26.39,-0.7,1.03,2.98,145.9,17.04,0.49,100.04,100590.0,100040.0
2022-03-22,100.63,64.9,30.41,36.65,25.47,-0.68,0.48,2.87,124.9,16.77,0.87,100.08,100630.0,100080.0
2022-03-23,100.66,71.17,30.09,34.93,26.48,-1.17,2.53,3.19,155.2,18.56,0.01,100.11,100660.0,100110.0
2022-03-24,100.7,71.76,29.75,34.96,25.96,-1.53,2.88,3.6,152.1,18.25,0.01,100.15,100700.0,100150.0
2022-03-25,100.81,70.2,29.46,34.85,25.75,-1.91,2.92,3.66,146.8,17.55,0.0,100.26,100810.0,100260.0
2022-03-26,101.0,68.63,29.66,35.42,25.26,-1.41,3.22,3.83,156.4,17.25,0.0,100.45,101000.0,100450.0
2022-03-27,101.0,69.34,29.98,35.75,25.46,-1.02,3.69,4.19,164.6,17.72,0.0,100.45,101000.0,100450.0
2022-03-28,100.95,70.12,30.17,35.98,25.93,-0.9,4.24,4.59,168.0,18.12,0.0,100.4,100950.0,100400.0
2022-03-29,100.81,70.47,30.24,36.3,26.09,-0.37,4.55,4.89,175.3,18.22,0.0,100.26,100810.0,100260.0
2022-03-30,100.76,69.13,30.39,36.68,26.05,-0.3,5.02,5.47,176.5,17.87,0.0,100.21,100760.0,100210.0
2022-03-31,100.8,71.13,30.23,35.71,26.74,-0.33,4.77,5.18,176.0,18.51,0.01,100.26,100800.0,100260.0
2022-04-01,100.88,73.45,29.6,34.57,26.44,-1.09,4.93,5.34,167.6,18.6,0.0,100.33,100880.0,100330.0
2022-04-02,100.98,68.64,29.99,35.82,26.32,-1.63,3.85,4.51,157.1,17.49,0.01,100.43,100980.0,100430.0
2022-04-03,100.93,68.05,29.8,35.4,26.02,-2.16,3.36,4.28,147.3,17.23,0.0,100.38,100930.0,100380.0
2022-04-04,101.01,68.85,29.69,35.66,25.49,-2.34,3.05,4.13,142.6,17.22,0.01,100.46,101010.0,100460.0
2022-04-05,101.17,63.99,29.78,36.2,24.84,-2.17,2.52,3.59,139.2,15.75,0.0,100.62,101170.0,100620.0
2022-04-06,101.16,66.73,29.49,35.02,25.15,-1.75,1.62,2.94,132.8,16.53,0.05,100.61,101160.0,100610.0
2022-04-07,101.03,65.47,29.97,35.59,25.47,-1.96,1.11,3.2,119.7,16.65,0.1,100.48,101030.0,100480.0
2022-04-08,100.96,65.25,29.98,34.77,26.45,-2.39,1.43,2.88,120.9,16.9,0.14,100.41,100960.0,100410.0
2022-04-09,100.86,66.68,29.9,34.7,26.68,-2.42,1.22,2.79,116.8,17.14,0.14,100.31,100860.0,100310.0
2022-04-10,100.81,67.45,29.9,35.03,25.81,-2.61,0.05,2.92,91.1,17.28,0.66,100.25,100810.0,100250.0
2022-04-11,100.72,69.04,29.78,34.1,26.33,-2.26,-0.23,2.62,84.1,17.76,0.26,100.17,100720.0,100170.0
2022-04-12,100.66,73.83,29.12,32.16,26.41,-1.99,0.32,2.34,99.3,18.49,0.07,100.11,100660.0,100110.0
2022-04-13,100.62,72.01,29.6,32.76,27.24,-1.61,1.73,2.58,137.0,18.58,0.11,100.07,100620.0,100070.0
2022-04-14,100.67,67.51,30.35,35.34,26.87,-0.52,3.26,3.79,171.0,17.81,0.02,100.12,100670.0,100120.0
2022-04-15,100.58,62.06,31.24,37.09,26.82,-0.61,3.87,4.66,171.0,17.14,0.02,100.03,100580.0,100030.0
2022-04-16,100.47,67.65,31.33,37.11,27.66,-1.07,3.9,4.72,164.7,18.85,0.03,99.92,100470.0,99920.0
2022-04-17,100.56,68.04,31.29,36.58,27.89,-1.67,2.04,3.4,140.8,18.89,0.42,100.01,100560.0,100010.0
2022-04-18,100.75,67.98,30.48,34.14,27.78,-1.65,1.25,2.69,127.2,18.21,0.33,100.2,100750.0,100200.0
2022-04-19,100.87,68.35,30.64,35.91,26.93,-1.22,2.39,3.18,152.9,18.26,0.03,100.32,100870.0,100320.0
2022-04-20,100.74,69.23,30.61,35.97,26.58,-1.3,2.87,3.6,155.6,18.5,0.02,100.2,100740.0,100200.0
2022-04-21,100.72,71.05,30.29,34.93,27.6,-1.74,4.21,4.66,157.5,18.85,0.01,100.17,100720.0,100170.0
2022-04-22,100.84,64.82,30.9,36.39,26.84,-2.73,2.51,3.92,132.6,17.52,0.02,100.29,100840.0,100290.0
2022-04-23,100.88,66.41,30.28,34.02,27.69,-1.49,3.27,3.8,155.5,17.6,0.04,100.33,100880.0,100330.0
2022-04-24,100.71,58.48,31.79,38.31,26.79,-1.47,1.67,3.46,138.6,16.22,0.0,100.16,100710.0,100160.0
2022-04-25,100.62,63.44,31.23,37.41,26.86,-0.67,3.86,4.65,170.1,17.3,0.0,100.08,100620.0,100080.0
2022-04-26,100.69,65.24,31.01,36.8,26.76,-0.79,4.35,4.8,169.7,17.68,0.0,100.14,100690.0,100140.0
2022-04-27,100.68,65.49,31.26,37.0,27.15,-1.36,3.65,4.33,159.5,17.97,0.0,100.13,100680.0,100130.0
2022-04-28,100.74,67.49,31.23,37.27,26.81,-0.85,4.02,4.52,168.0,18.5,0.0,100.19,100740.0,100190.0
2022-04-29,100.7,66.74,31.46,37.44,27.26,-0.86,3.23,4.23,165.1,18.51,0.02,100.15,100700.0,100150.0
2022-04-30,100.51,63.21,32.25,38.69,27.84,-0.57,3.41,4.21,170.4,18.12,0.01,99.96,100510.0,99960.0
2022-05-01,100.4,70.08,31.53,36.7,28.07,-1.09,3.89,4.52,164.4,19.73,0.38,99.86,100400.0,99860.0
2022-05-02,100.4,70.49,31.16,36.26,28.07,-1.81,2.53,3.63,144.4,19.44,0.99,99.85,100400.0,99850.0
2022-05-03,100.51,74.56,30.69,34.24,27.87,-0.87,3.43,3.72,165.8,20.35,0.48,99.97,100510.0,99970.0
2022-05-04,100.66,75.33,30.28,33.45,28.0,-1.1,2.55,3.19,156.7,20.16,1.98,100.11,100660.0,100110.0
2022-05-05,100.58,69.34,30.56,34.88,27.27,-0.53,1.4,2.5,159.2,18.64,1.93,100.03,100580.0,100030.0
2022-05-06,100.53,64.87,31.06,36.49,27.37,-0.06,2.54,3.79,178.8,17.6,4.02,99.98,100530.0,99980.0
2022-05-07,100.44,68.71,30.73,36.2,26.74,-0.65,1.23,2.77,152.2,18.48,8.16,99.89,100440.0,99890.0
2022-05-08,100.27,67.73,31.12,37.17,27.3,-1.06,-0.45,2.91,67.2,18.56,0.52,99.72,100270.0,99720.0
2022-05-09,100.12,68.48,30.63,34.0,27.57,1.13,-1.03,2.18,312.5,18.72,1.28,99.57,100120.0,99570.0
2022-05-10,99.98,68.11,29.78,33.94,26.91,3.63,-1.45,4.37,291.8,17.86,10.74,99.43,99980.0,99430.0
2022-05-11,100.01,65.48,30.39,35.81,25.82,5.99,0.51,6.19,265.2,17.37,6.44,99.46,100010.0,99460.0
2022-05-12,100.23,72.1,29.95,33.91,26.75,5.24,2.01,5.99,249.0,18.94,8.99,99.68,100230.0,99680.0
2022-05-13,100.25,75.67,28.94,31.65,26.37,4.02,1.26,4.74,252.6,18.89,1.16,99.7,100250.0,99700.0
2022-05-14,100.29,72.58,30.42,35.44,26.68,0.94,1.95,3.59,205.7,19.43,1.15,99.75,100290.0,99750.0
2022-05-15,100.4,83.04,28.6,31.04,26.58,2.29,3.71,4.66,211.7,20.42,7.5,99.86,100400.0,99860.0
2022-05-16,100.4,80.9,29.29,32.3,26.9,0.17,1.85,2.66,185.2,20.59,6.12,99.85,100400.0,99850.0
2022-05-17,100.34,80.26,29.08,31.98,26.57,-0.37,2.72,3.37,172.3,20.16,2.55,99.79,100340.0,99790.0
2022-05-18,100.34,80.04,29.3,32.27,27.16,-0.24,3.3,3.65,175.9,20.35,1.4,99.79,100340.0,99790.0
2022-05-19,100.4,75.88,29.28,31.92,26.95,2.41,4.85,5.7,206.4,19.3,0.45,99.85,100400.0,99850.0
2022-05-20,100.56,69.84,28.45,32.51,25.61,4.84,2.22,5.42,245.4,16.73,0.4,100.01,100560.0,100010.0
2022-05-21,100.38,63.4,30.58,36.25,24.98,4.69,0.04,4.9,269.5,16.91,0.02,99.83,100380.0,99830.0
2022-05-22,100.19,60.97,31.38,37.05,26.26,4.4,0.74,4.79,260.5,17.07,0.03,99.65,100190.0,99650.0
2022-05-23,100.15,61.99,31.94,38.92,25.93,2.59,0.7,4.57,255.0,17.6,0.01,99.6,100150.0,99600.0
2022-05-24,100.4,65.36,32.05,38.36,27.45,0.89,2.26,3.72,201.5,18.69,0.07,99.86,100400.0,99860.0
2022-05-25,100.62,69.08,31.23,34.99,28.31,0.89,1.63,3.8,208.7,19.41,2.43,100.07,100620.0,100070.0
2022-05-26,100.64,73.62,30.34,33.95,27.48,1.9,3.0,3.66,212.3,19.78,3.13,100.09,100640.0,100090.0
2022-05-27,100.59,68.42,30.33,34.61,26.92,2.24,-0.43,4.34,280.8,18.02,1.93,100.04,100590.0,100040.0
2022-05-28,100.47,66.71,30.67,36.19,26.37,2.66,1.34,3.71,243.3,17.83,0.08,99.92,100470.0,99920.0
2022-05-29,100.43,62.61,30.83,35.98,26.26,2.23,2.0,3.89,228.0,17.01,0.13,99.89,100430.0,99890.0
2022-05-30,100.36,62.73,31.03,37.17,25.89,1.58,2.29,4.22,214.7,17.13,0.09,99.81,100360.0,99810.0
2022-05-31,100.31,66.15,31.0,36.31,26.68,2.31,0.71,3.78,252.9,18.22,0.03,99.76,100310.0,99760.0
2022-06-01,100.31,64.24,31.01,35.6,26.56,2.51,-0.41,2.98,279.2,17.79,0.01,99.76,100310.0,99760.0
2022-06-02,100.33,63.91,31.0,35.81,26.89,1.44,-0.47,2.48,288.0,17.66,0.0,99.78,100330.0,99780.0
2022-06-03,100.31,65.58,31.22,36.16,27.64,1.07,2.55,3.78,202.7,18.3,0.01,99.76,100310.0,99760.0
2022-06-04,100.45,62.64,29.71,32.12,27.55,2.54,1.46,3.62,240.0,16.3,0.01,99.9,100450.0,99900.0
2022-06-05,100.41,63.2,30.59,35.24,27.09,1.0,2.24,2.79,203.9,16.92,1.81,99.86,100410.0,99860.0
2022-06-06,100.49,73.57,29.17,32.07,26.89,1.44,2.5,3.26,209.8,18.55,3.7,99.94,100490.0,99940.0
2022-06-07,100.45,70.36,29.96,34.88,25.95,3.77,3.02,5.07,231.3,18.28,2.57,99.9,100450.0,99900.0
2022-06-08,100.41,66.61,30.65,35.71,26.7,2.4,2.4,4.07,224.9,17.97,0.38,99.86,100410.0,99860.0
2022-06-09,100.4,66.24,30.33,35.27,27.15,2.35,2.77,4.77,220.2,17.59,0.26,99.85,100400.0,99850.0
2022-06-10,100.43,66.34,30.45,35.59,26.58,1.16,2.88,4.16,201.9,17.62,0.21,99.89,100430.0,99890.0
2022-06-11,100.53,64.94,30.27,34.1,26.8,0.26,1.61,3.14,189.1,17.22,1.31,99.98,100530.0,99980.0
2022-06-12,100.56,60.43,30.7,35.65,27.27,1.23,1.48,3.15,219.7,16.25,1.97,100.0,100560.0,100000.0
2022-06-13,100.61,66.07,30.57,35.3,26.89,0.45,1.24,3.51,199.8,17.66,1.48,100.06,100610.0,100060.0
2022-06-14,100.54,67.57,30.66,35.02,27.03,1.0,1.24,3.23,219.0,18.25,1.54,100.0,100540.0,100000.0
2022-06-15,100.51,70.59,29.77,33.26,27.3,1.34,-0.4,3.62,286.7,18.28,8.16,99.96,100510.0,99960.0
2022-06-16,100.55,76.29,28.98,32.0,26.77,-0.21,1.6,2.22,172.4,18.96,8.64,100.0,100550.0,100000.0
2022-06-17,100.56,74.08,29.22,33.18,26.42,0.36,3.42,3.83,186.1,18.58,7.47,100.01,100560.0,100010.0
2022-06-18,100.57,72.21,29.32,33.65,26.1,1.43,4.07,4.6,199.4,18.14,4.74,100.02,100570.0,100020.0
2022-06-19,100.58,78.1,28.87,32.08,26.38,1.04,3.42,3.88,197.0,19.32,28.85,100.03,100580.0,100030.0
2022-06-20,100.47,77.28,28.7,31.83,26.13,1.13,0.7,3.19,238.2,18.93,18.31,99.92,100470.0,99920.0
2022-06-21,100.33,76.61,28.77,31.83,25.56,3.02,0.59,3.36,259.0,18.86,23.54,99.78,100330.0,99780.0
2022-06-22,100.53,76.72,28.39,31.98,25.64,1.64,1.31,2.59,231.5,18.35,9.51,99.97,100530.0,99970.0
2022-06-23,100.6,76.02,28.65,32.22,25.83,0.72,2.58,3.21,195.6,18.51,3.63,100.05,100600.0,100050.0
2022-06-24,100.5,75.38,28.98,32.66,25.99,3.04,1.24,3.89,247.7,18.76,2.55,99.95,100500.0,99950.0
2022-06-25,100.29,73.15,28.63,33.06,25.03,3.93,1.56,4.29,248.3,17.84,1.99,99.74,100290.0,99740.0
2022-06-26,100.36,72.4,28.93,33.27,25.61,3.29,1.43,3.82,246.4,17.95,0.65,99.81,100360.0,99810.0
2022-06-27,100.53,69.16,29.62,33.85,25.52,1.51,0.13,2.84,265.2,17.62,2.44,99.98,100530.0,99980.0
2022-06-28,100.48,68.3,30.28,34.99,26.07,1.11,0.3,2.65,255.1,18.0,2.59,99.93,100480.0,99930.0
2022-06-29,100.3,69.83,30.59,35.43,26.42,1.22,1.69,2.89,215.9,18.83,5.16,99.75,100300.0,99750.0
2022-06-30,100.28,73.97,30.0,33.92,26.96,2.92,0.44,3.37,261.4,19.5,5.14,99.74,100280.0,99740.0
2022-07-01,100.28,72.3,29.98,34.3,26.21,3.49,-0.52,3.72,278.5,18.93,4.5,99.73,100280.0,99730.0
2022-07-02,100.22,72.19,29.85,34.0,26.39,3.49,-1.33,4.1,290.8,18.81,3.0,99.67,100220.0,99670.0
2022-07-03,100.22,73.91,29.55,33.15,26.61,2.85,0.4,3.25,262.1,19.02,3.04,99.68,100220.0,99680.0
2022-07-04,100.25,70.08,29.68,34.32,26.03,4.45,-0.8,4.67,280.2,18.04,3.24,99.7,100250.0,99700.0
2022-07-05,100.23,72.68,28.93,32.72,25.82,3.79,1.15,4.17,253.1,18.08,6.45,99.68,100230.0,99680.0
2022-07-06,100.38,73.58,28.77,32.63,25.29,3.14,1.01,3.42,252.2,18.07,4.59,99.83,100380.0,99830.0
2022-07-07,100.55,73.43,28.59,33.07,25.33,4.47,1.06,4.71,256.7,17.79,1.75,100.0,100550.0,100000.0
2022-07-08,100.45,71.85,28.96,33.33,25.27,4.31,-0.28,4.54,273.7,17.73,3.76,99.9,100450.0,99900.0
2022-07-09,100.26,70.96,29.07,33.51,25.52,4.86,0.4,5.12,265.3,17.68,2.01,99.71,100260.0,99710.0
2022-07-10,100.3,70.16,29.1,33.7,25.34,5.44,0.36,5.54,266.2,17.45,2.79,99.75,100300.0,99750.0
2022-07-11,100.44,68.64,29.27,34.2,25.75,5.96,1.47,6.34,256.1,17.22,1.15,99.89,100440.0,99890.0
2022-07-12,100.4,67.03,29.38,34.55,25.2,6.45,0.85,6.67,262.5,16.85,1.38,99.85,100400.0,99850.0
2022-07-13,100.19,67.36,29.21,33.82,25.5,6.88,1.57,7.17,257.1,16.93,2.29,99.65,100190.0,99650.0
2022-07-14,100.13,63.32,29.52,34.96,24.98,7.24,1.67,7.55,257.0,16.13,0.31,99.58,100130.0,99580.0
2022-07-15,100.25,64.32,29.92,35.28,24.79,5.55,1.27,5.91,257.2,16.69,0.09,99.7,100250.0,99700.0
2022-07-16,100.36,70.15,29.97,35.07,25.95,4.29,1.01,4.52,256.8,18.4,5.09,99.81,100360.0,99810.0
2022-07-17,100.45,75.18,29.51,33.79,26.27,2.78,1.28,3.56,245.2,19.23,9.42,99.9,100450.0,99900.0
2022-07-18,100.57,74.31,28.48,31.95,25.53,3.1,0.82,3.56,255.2,17.98,2.0,100.02,100570.0,100020.0
2022-07-19,100.54,73.25,29.5,33.98,25.87,1.04,0.87,2.7,230.2,18.6,0.94,99.99,100540.0,99990.0
2022-07-20,100.55,79.3,28.94,31.64,26.78,0.85,1.56,2.82,208.8,19.76,10.14,100.0,100550.0,100000.0
2022-07-21,100.51,79.45,28.65,30.86,26.62,1.87,0.43,2.82,257.1,19.51,5.89,99.96,100510.0,99960.0
2022-07-22,100.57,86.36,27.1,28.48,25.86,1.89,0.46,2.27,256.3,19.47,15.58,100.02,100570.0,100020.0
2022-07-23,100.47,75.05,28.68,32.96,25.31,2.01,0.57,2.75,254.3,18.23,1.46,99.92,100470.0,99920.0
2022-07-24,100.49,73.78,28.71,32.86,25.5,2.35,0.52,2.91,257.6,17.97,3.4,99.93,100490.0,99930.0
2022-07-25,100.6,75.63,28.45,32.26,25.11,0.69,-0.73,2.98,316.8,18.14,3.46,100.04,100600.0,100040.0
2022-07-26,100.71,83.97,27.11,28.86,25.84,0.9,-1.14,2.33,321.7,18.88,7.74,100.15,100710.0,100150.0
2022-07-27,100.65,80.18,27.76,30.66,25.15,-0.85,-1.26,2.17,34.1,18.68,0.2,100.1,100650.0,100100.0
2022-07-28,100.72,78.64,28.1,30.8,26.02,-0.96,-0.28,1.68,73.9,18.64,0.75,100.17,100720.0,100170.0
2022-07-29,100.7,77.08,28.49,31.51,26.08,0.0,0.54,1.71,179.5,18.65,0.73,100.15,100700.0,100150.0
2022-07-30,100.55,75.32,29.21,33.28,26.01,0.22,2.19,3.01,185.8,18.88,1.37,100.0,100550.0,100000.0
2022-07-31,100.37,78.92,28.87,32.04,26.32,0.53,2.52,3.03,191.8,19.56,4.17,99.82,100370.0,99820.0
2022-08-01,100.26,77.4,29.2,33.24,26.35,-0.51,0.41,2.09,128.8,19.48,8.36,99.71,100260.0,99710.0
2022-08-02,100.16,74.09,29.35,33.13,26.75,-0.42,-0.78,2.28,28.5,18.83,6.98,99.62,100160.0,99620.0
2022-08-03,100.23,80.85,27.64,29.46,26.0,1.48,1.02,1.96,235.4,18.82,14.47,99.68,100230.0,99680.0
2022-08-04,100.25,79.7,27.68,30.43,25.18,1.75,1.78,2.92,224.6,18.48,6.52,99.7,100250.0,99700.0
2022-08-05,100.27,78.14,28.33,32.46,25.31,4.79,1.61,5.16,251.4,18.76,3.08,99.72,100270.0,99720.0
2022-08-06,100.25,79.09,27.99,32.56,24.51,4.27,2.54,5.16,239.2,18.64,1.04,99.7,100250.0,99700.0
2022-08-07,100.18,77.96,28.1,32.24,24.88,4.97,2.63,5.71,242.1,18.53,0.62,99.63,100180.0,99630.0
2022-08-08,100.12,76.48,28.31,31.79,25.09,5.19,3.68,6.45,234.6,18.42,0.33,99.58,100120.0,99580.0
2022-08-09,100.16,72.24,28.67,33.25,24.68,5.59,3.53,6.67,237.7,17.62,0.02,99.61,100160.0,99610.0
2022-08-10,100.2,69.3,28.89,34.34,24.23,5.52,3.43,6.52,238.2,17.05,0.0,99.65,100200.0,99650.0
2022-08-11,100.35,69.98,29.22,33.85,25.11,4.73,2.42,5.41,242.9,17.61,0.02,99.81,100350.0,99810.0
2022-08-12,100.46,69.58,29.83,35.43,25.23,4.24,0.78,4.36,259.6,17.99,0.02,99.91,100460.0,99910.0
2022-08-13,100.51,70.75,29.28,34.07,25.41,3.32,-0.76,3.79,282.9,17.76,0.04,99.96,100510.0,99960.0
2022-08-14,100.54,65.72,29.8,35.99,25.18,2.28,0.04,3.67,269.0,16.77,0.02,99.99,100540.0,99990.0
2022-08-15,100.69,70.5,29.36,34.14,26.08,0.57,1.24,3.0,204.7,17.63,2.09,100.14,100690.0,100140.0
2022-08-16,100.74,79.44,28.55,32.05,25.97,0.15,2.95,3.51,182.9,19.24,8.22,100.19,100740.0,100190.0
2022-08-17,100.74,85.51,27.3,29.09,26.08,1.65,3.02,3.85,208.6,19.43,8.62,100.18,100740.0,100180.0
2022-08-18,100.6,79.58,28.0,31.38,26.13,2.04,1.08,3.17,242.1,18.72,4.21,100.05,100600.0,100050.0
2022-08-19,100.56,78.77,27.74,30.73,25.25,3.06,0.34,3.54,263.7,18.31,4.58,100.0,100560.0,100000.0
2022-08-20,100.53,72.62,29.32,33.74,25.68,3.44,-0.43,3.62,277.1,18.38,1.33,99.97,100530.0,99970.0
2022-08-21,100.46,73.23,29.3,34.21,25.49,3.48,0.38,4.09,263.8,18.48,9.65,99.91,100460.0,99910.0
2022-08-22,100.43,77.63,29.01,33.46,25.68,3.56,1.42,4.42,248.2,19.28,10.86,99.88,100430.0,99880.0
2022-08-23,100.43,74.8,29.32,34.24,24.94,2.54,0.67,3.45,255.2,18.79,21.98,99.88,100430.0,99880.0
2022-08-24,100.62,79.67,27.76,30.54,25.68,2.12,-0.27,3.3,277.4,18.52,9.93,100.07,100620.0,100070.0
2022-08-25,100.55,78.55,28.38,31.1,25.44,1.66,-0.46,2.49,285.6,18.95,9.94,100.0,100550.0,100000.0
2022-08-26,100.54,84.17,27.11,29.9,25.1,1.21,1.21,2.33,225.0,18.91,12.99,99.99,100540.0,99990.0
2022-08-27,100.5,80.77,27.81,31.11,24.85,1.34,1.12,2.84,230.1,18.84,12.65,99.95,100500.0,99950.0
2022-08-28,100.48,81.4,28.01,31.19,25.43,0.18,-0.5,2.4,340.3,19.22,8.91,99.93,100480.0,99930.0
2022-08-29,100.6,81.98,27.93,30.44,25.89,-0.65,0.19,1.57,105.8,19.3,9.02,100.05,100600.0,100050.0
2022-08-30,100.66,80.06,28.09,31.11,25.98,-2.0,-0.05,2.02,88.7,18.99,1.29,100.1,100660.0,100100.0
2022-08-31,100.63,79.65,27.45,28.86,26.32,-0.97,0.82,1.37,130.2,18.3,10.69,100.08,100630.0,100080.0
2022-09-01,100.63,77.82,27.5,30.48,25.35,-0.9,0.33,1.21,109.8,17.85,12.54,100.08,100630.0,100080.0
2022-09-02,100.72,81.54,27.39,30.23,24.95,-0.25,1.7,1.9,171.7,18.55,2.58,100.17,100720.0,100170.0
2022-09-03,100.65,80.48,28.13,31.72,25.3,-0.18,1.35,2.1,172.6,19.08,0.26,100.1,100650.0,100100.0
2022-09-04,100.59,84.68,28.06,30.84,25.92,0.12,1.83,2.4,183.9,20.11,1.19,100.04,100590.0,100040.0
2022-09-05,100.57,83.29,28.31,31.58,25.87,0.12,1.97,2.62,183.5,19.99,0.73,100.02,100570.0,100020.0
2022-09-06,100.56,81.79,28.18,31.38,25.83,-0.54,1.81,2.53,163.5,19.47,11.67,100.01,100560.0,100010.0
2022-09-07,100.6,80.29,27.52,30.27,25.64,1.36,1.81,2.6,216.9,18.4,2.75,100.05,100600.0,100050.0
2022-09-08,100.56,84.31,26.86,29.07,24.97,1.21,0.42,2.53,250.6,18.67,6.67,100.01,100560.0,100010.0
2022-09-09,100.44,81.35,28.32,31.39,25.66,2.57,1.5,3.35,239.6,19.59,1.36,99.89,100440.0,99890.0
2022-09-10,100.42,81.64,28.27,32.07,25.62,3.38,2.64,4.48,232.0,19.6,1.35,99.87,100420.0,99870.0
2022-09-11,100.41,80.24,28.06,31.88,24.99,3.78,3.68,5.35,225.8,18.99,0.42,99.86,100410.0,99860.0
2022-09-12,100.43,80.49,27.93,31.99,24.7,3.17,4.03,5.2,218.2,18.9,0.11,99.88,100430.0,99880.0
2022-09-13,100.68,78.92,28.29,32.28,24.5,1.96,3.14,4.38,212.0,18.85,0.17,100.12,100680.0,100120.0
2022-09-14,100.87,79.78,28.57,31.89,25.86,1.52,2.65,3.59,209.7,19.38,1.25,100.32,100870.0,100320.0
2022-09-15,100.93,82.01,27.11,28.84,26.04,2.11,1.9,3.32,227.9,18.4,2.04,100.38,100930.0,100380.0
2022-09-16,100.72,78.55,28.16,31.53,25.27,1.7,1.57,2.76,227.2,18.64,1.29,100.17,100720.0,100170.0
2022-09-17,100.67,78.48,28.64,32.11,25.89,2.01,1.66,2.8,230.3,19.13,2.85,100.12,100670.0,100120.0
2022-09-18,100.7,78.27,28.64,32.12,25.6,1.88,-0.22,3.25,276.7,19.06,1.23,100.15,100700.0,100150.0
2022-09-19,100.68,79.47,27.82,30.75,25.52,3.17,0.36,3.46,263.6,18.54,2.23,100.13,100680.0,100130.0
2022-09-20,100.66,72.64,28.01,32.41,24.49,3.48,-0.92,3.69,284.8,16.88,0.78,100.1,100660.0,100100.0
2022-09-21,100.65,70.4,27.97,32.96,22.81,3.0,-0.3,3.13,275.7,16.24,0.04,100.09,100650.0,100090.0
2022-09-22,100.69,72.72,28.75,32.61,25.37,1.86,0.51,2.49,254.6,17.7,0.13,100.14,100690.0,100140.0
2022-09-23,100.76,69.53,28.48,32.78,24.7,2.7,-0.5,3.07,280.4,16.58,0.14,100.2,100760.0,100200.0
2022-09-24,100.7,72.72,28.92,33.71,24.68,1.99,-1.01,3.24,297.0,17.83,0.83,100.15,100700.0,100150.0
2022-09-25,100.63,75.29,28.65,32.99,24.55,0.24,-0.79,2.74,343.3,18.26,0.82,100.07,100630.0,100070.0
2022-09-26,100.68,76.43,29.05,32.62,25.85,0.18,0.8,1.8,192.5,19.05,4.23,100.13,100680.0,100130.0
2022-09-27,100.6,79.9,28.27,31.38,26.34,-0.04,0.74,1.94,177.1,19.12,9.48,100.05,100600.0,100050.0
2022-09-28,100.51,86.66,26.83,28.34,25.79,2.86,0.31,3.13,263.9,19.23,5.7,99.96,100510.0,99960.0
2022-09-29,100.5,80.75,27.5,30.3,25.08,2.5,-0.41,3.21,279.2,18.55,4.56,99.95,100500.0,99950.0
2022-09-30,100.56,83.63,26.9,29.28,25.34,3.1,1.24,3.7,248.2,18.56,5.21,100.0,100560.0,100000.0
2022-10-01,100.52,83.85,26.05,28.71,24.34,6.1,-1.1,6.66,280.3,17.74,5.77,99.97,100520.0,99970.0
2022-10-02,100.51,77.79,27.05,30.9,23.97,3.59,-3.08,5.08,310.6,17.38,0.6,99.96,100510.0,99960.0
2022-10-03,100.44,77.2,27.96,31.68,24.66,2.57,-2.67,4.1,316.1,18.19,0.21,99.89,100440.0,99890.0
2022-10-04,100.49,82.87,27.06,29.73,25.23,1.88,-2.45,3.31,322.4,18.59,0.44,99.94,100490.0,99940.0
2022-10-05,100.47,86.75,26.19,27.48,25.23,2.72,-0.12,2.82,272.5,18.55,10.79,99.92,100470.0,99920.0
2022-10-06,100.5,84.4,26.75,29.61,24.66,0.68,-0.12,2.0,280.3,18.57,22.41,99.95,100500.0,99950.0
2022-10-07,100.65,80.74,27.3,30.11,25.18,-0.45,1.36,1.88,161.7,18.25,3.22,100.1,100650.0,100100.0
2022-10-08,100.75,82.6,27.5,30.82,25.03,-0.55,-0.51,2.45,47.3,18.89,10.59,100.19,100750.0,100190.0
2022-10-09,100.8,85.88,27.17,29.83,25.5,-2.37,-1.28,3.03,61.6,19.34,17.43,100.25,100800.0,100250.0
2022-10-10,100.93,84.96,27.3,29.69,25.39,-2.53,2.1,3.38,129.7,19.27,5.37,100.37,100930.0,100370.0
2022-10-11,100.91,84.91,27.46,29.65,25.71,-2.55,3.36,4.23,142.9,19.45,9.35,100.36,100910.0,100360.0
2022-10-12,100.93,83.99,27.45,29.61,25.57,-1.68,1.37,2.42,129.2,19.2,2.27,100.37,100930.0,100370.0
2022-10-13,100.87,82.14,27.48,30.1,25.55,-1.8,0.22,1.94,97.0,18.8,2.18,100.32,100870.0,100320.0
2022-10-14,100.75,81.03,27.59,31.13,25.37,-0.93,-0.87,2.03,46.7,18.64,2.34,100.2,100750.0,100200.0
2022-10-15,100.66,83.7,27.18,30.13,24.94,-2.18,-0.52,2.66,76.6,18.87,4.78,100.11,100660.0,100110.0
2022-10-16,100.91,84.12,27.4,29.59,25.58,-2.54,0.82,2.73,107.9,19.21,5.46,100.36,100910.0,100360.0
2022-10-17,101.05,82.1,27.86,30.39,26.02,-2.46,0.42,2.51,99.6,19.2,2.69,100.5,101050.0,100500.0
2022-10-18,101.01,81.16,27.66,29.8,25.82,-0.81,-1.42,1.92,29.8,18.77,6.35,100.45,101010.0,100450.0
2022-10-19,100.93,80.37,27.67,30.53,25.36,-1.13,-1.95,2.44,30.1,18.58,5.85,100.38,100930.0,100380.0
2022-10-20,100.98,85.87,27.17,28.99,25.74,-1.71,-2.16,2.8,38.4,19.34,16.88,100.43,100980.0,100430.0
2022-10-21,101.12,85.29,27.25,29.3,25.72,-2.0,-2.6,3.34,37.6,19.28,6.6,100.56,101120.0,100560.0
2022-10-22,101.13,86.71,27.3,29.36,25.9,-2.05,-3.86,4.4,27.9,19.68,2.64,100.57,101130.0,100570.0
2022-10-23,101.02,76.08,27.44,30.87,24.54,0.1,-4.4,4.49,358.7,17.25,1.41,100.46,101020.0,100460.0
2022-10-24,100.9,65.99,26.14,31.42,21.7,2.57,-2.51,3.62,314.3,13.62,0.0,100.34,100900.0,100340.0
2022-10-25,101.0,64.27,26.1,31.03,21.3,0.03,-1.95,2.9,359.2,13.35,0.0,100.44,101000.0,100440.0
2022-10-26,101.16,65.69,26.31,30.52,23.19,-1.4,-3.08,3.7,24.4,13.81,0.02,100.6,101160.0,100600.0
2022-10-27,101.14,75.1,26.44,30.57,22.97,-2.08,-3.42,4.17,31.3,16.09,2.07,100.57,101140.0,100570.0
2022-10-28,101.01,83.52,26.62,29.76,24.53,-3.63,-2.56,4.6,54.8,18.15,10.41,100.45,101010.0,100450.0
2022-10-29,101.01,80.51,27.01,30.02,24.92,-3.57,-3.49,5.02,45.7,17.88,3.87,100.46,101010.0,100460.0
2022-10-30,101.01,81.9,26.81,29.9,24.84,-2.42,-4.78,5.37,26.9,18.0,7.56,100.46,101010.0,100460.0
2022-10-31,100.99,90.31,25.71,26.81,24.8,-1.77,-3.75,4.47,25.3,18.69,25.66,100.44,100990.0,100440.0
2022-11-01,101.14,85.84,25.65,27.1,24.3,-2.41,-1.94,3.23,51.2,17.63,54.46,100.58,101140.0,100580.0
2022-11-02,101.06,88.37,25.63,27.92,23.91,-1.77,-3.15,3.93,29.3,18.17,28.46,100.5,101060.0,100500.0
2022-11-03,101.07,86.58,25.67,28.23,23.9,-2.05,-2.99,3.68,34.4,17.78,24.99,100.51,101070.0,100510.0
2022-11-04,101.23,84.38,25.79,28.27,23.8,-2.25,-1.45,2.78,57.3,17.39,4.36,100.67,101230.0,100670.0
2022-11-05,101.32,85.01,26.43,29.19,24.12,-2.85,-2.35,3.7,50.5,18.22,3.45,100.77,101320.0,100770.0
2022-11-06,101.34,83.12,26.37,29.02,24.64,-3.28,-3.53,4.83,42.9,17.75,2.51,100.78,101340.0,100780.0
2022-11-07,101.26,84.97,26.06,28.83,24.14,-2.3,-3.62,4.45,32.4,17.85,8.51,100.7,101260.0,100700.0
2022-11-08,101.25,86.01,26.05,28.42,24.37,-2.85,-3.83,4.8,36.7,18.07,4.0,100.69,101250.0,100690.0
2022-11-09,101.19,83.88,26.32,29.09,24.49,-2.69,-3.99,4.82,34.0,17.88,1.51,100.63,101190.0,100630.0
2022-11-10,101.1,83.05,26.27,28.63,24.4,-3.11,-5.17,6.08,31.0,17.7,3.84,100.54,101100.0,100540.0
2022-11-11,100.94,90.35,26.09,27.15,24.89,-2.87,-6.3,7.4,24.5,19.18,67.26,100.39,100940.0,100390.0
2022-11-12,101.06,87.95,26.44,27.71,24.96,-4.25,-1.28,4.6,73.3,19.01,35.62,100.5,101060.0,100500.0
2022-11-13,101.15,88.67,25.77,27.61,24.47,-2.88,0.08,3.0,91.6,18.39,35.91,100.6,101150.0,100600.0
2022-11-14,101.21,85.98,26.26,28.77,24.32,-3.68,-2.1,4.28,60.2,18.32,7.69,100.65,101210.0,100650.0
2022-11-15,101.23,82.74,25.97,28.78,23.86,-3.01,-2.94,4.23,45.6,17.29,7.45,100.67,101230.0,100670.0
2022-11-16,101.14,80.42,24.62,27.38,22.56,-1.93,-3.78,4.25,27.1,15.51,0.01,100.58,101140.0,100580.0
2022-11-17,101.08,76.68,24.14,28.04,21.22,-0.99,-5.01,5.12,11.2,14.3,0.0,100.52,101080.0,100520.0
2022-11-18,101.14,76.51,24.47,28.2,21.91,-1.59,-5.14,5.4,17.2,14.58,0.0,100.58,101140.0,100580.0
2022-11-19,101.1,77.35,24.13,27.66,21.52,-1.25,-5.73,5.9,12.3,14.47,0.0,100.54,101100.0,100540.0
2022-11-20,100.96,78.95,23.07,25.99,20.85,0.93,-6.04,6.15,351.3,13.85,0.35,100.4,100960.0,100400.0
2022-11-21,100.86,91.87,23.62,25.85,22.09,2.31,-4.66,5.24,333.7,16.79,2.31,100.3,100860.0,100300.0
2022-11-22,100.85,92.14,25.39,27.94,23.47,0.01,-4.28,4.5,359.8,18.74,5.68,100.29,100850.0,100290.0
2022-11-23,100.9,90.48,26.18,28.91,24.16,-0.15,-2.62,2.89,3.2,19.24,9.63,100.35,100900.0,100350.0
2022-11-24,101.07,87.32,25.91,28.42,23.97,-2.44,0.93,2.75,110.9,18.22,3.0,100.51,101070.0,100510.0
2022-11-25,101.18,86.6,25.54,28.07,23.7,-2.47,-0.79,2.64,72.2,17.66,0.3,100.62,101180.0,100620.0
2022-11-26,101.07,84.6,25.84,28.9,23.6,-2.14,-0.84,2.4,68.5,17.55,0.14,100.51,101070.0,100510.0
2022-11-27,100.9,83.83,25.96,28.96,24.17,-1.77,-0.05,1.8,88.3,17.56,1.01,100.34,100900.0,100340.0
2022-11-28,100.95,81.23,25.71,28.72,23.62,-2.24,-1.25,2.63,60.9,16.74,0.05,100.39,100950.0,100390.0
2022-11-29,101.09,77.56,24.69,28.26,22.1,-2.14,-3.12,3.82,34.5,14.97,0.0,100.53,101090.0,100530.0
2022-11-30,101.14,83.2,24.64,27.98,21.22,-1.83,-2.91,3.48,32.1,16.14,1.28,100.58,101140.0,100580.0
2022-12-01,101.07,86.61,25.96,28.68,23.79,-2.37,-2.32,3.47,45.5,18.12,2.14,100.52,101070.0,100520.0
2022-12-02,101.04,83.68,26.07,28.99,24.05,-2.58,-1.77,3.13,55.4,17.6,0.14,100.49,101040.0,100490.0
2022-12-03,101.06,86.39,26.05,28.64,23.86,-3.09,-2.79,4.21,47.9,18.18,2.59,100.51,101060.0,100510.0
2022-12-04,101.15,86.35,25.82,27.5,24.44,-3.24,-3.55,4.81,42.4,17.93,1.1,100.59,101150.0,100590.0
2022-12-05,101.2,83.06,25.87,29.05,23.8,-3.22,-2.9,4.34,48.0,17.21,0.7,100.64,101200.0,100640.0
2022-12-06,101.11,79.81,25.36,28.45,23.13,-2.03,-4.61,5.07,23.7,16.05,0.02,100.56,101110.0,100560.0
2022-12-07,101.0,81.29,23.77,26.75,21.79,-0.47,-6.14,6.2,4.4,14.89,0.01,100.44,101000.0,100440.0
2022-12-08,100.78,81.86,22.52,24.75,20.96,1.56,-8.88,9.06,350.0,13.95,14.41,100.23,100780.0,100230.0
2022-12-09,100.4,88.93,23.96,26.5,21.86,-3.08,-8.87,9.84,19.1,16.68,58.41,99.85,100400.0,99850.0
2022-12-10,100.31,89.81,25.03,25.79,24.53,-4.16,1.82,6.75,113.6,17.96,59.93,99.76,100310.0,99760.0
2022-12-11,100.86,87.25,25.37,27.52,23.94,-4.4,1.95,4.96,113.9,17.69,14.22,100.3,100860.0,100300.0
2022-12-12,100.94,90.18,25.26,26.91,23.99,-4.24,2.02,4.77,115.5,18.19,23.63,100.38,100940.0,100380.0
2022-12-13,101.14,87.95,25.5,27.68,23.85,-2.9,1.34,3.32,114.8,17.91,5.64,100.58,101140.0,100580.0
2022-12-14,101.21,86.71,25.36,28.04,23.19,-2.68,-1.51,3.13,60.6,17.51,0.8,100.65,101210.0,100650.0
2022-12-15,101.13,83.55,24.34,27.73,21.9,-2.19,-1.96,3.0,48.1,15.81,0.01,100.57,101130.0,100570.0
2022-12-16,101.06,84.08,24.39,28.27,20.8,-1.47,-2.9,3.38,26.9,15.97,0.03,100.5,101060.0,100500.0
2022-12-17,101.12,84.58,25.2,28.42,22.26,-2.53,-2.73,3.81,42.8,16.87,0.03,100.56,101120.0,100560.0
2022-12-18,101.09,81.93,24.86,27.58,22.64,-4.07,-3.53,5.41,49.0,16.02,0.03,100.53,101090.0,100530.0
2022-12-19,101.01,82.3,23.97,26.43,21.91,-1.85,-4.93,5.29,20.6,15.31,0.04,100.45,101010.0,100450.0
2022-12-20,100.97,82.48,24.21,27.56,22.01,-1.52,-5.25,5.55,16.1,15.52,0.04,100.41,100970.0,100410.0
2022-12-21,100.99,86.31,24.31,27.28,22.22,-0.86,-5.49,5.6,8.9,16.39,0.07,100.43,100990.0,100430.0
2022-12-22,100.99,83.39,24.32,26.72,22.67,-1.67,-5.49,5.8,16.9,15.81,0.52,100.44,100990.0,100440.0
2022-12-23,100.95,88.43,24.63,27.36,22.7,-0.93,-5.59,5.78,9.4,17.14,0.22,100.39,100950.0,100390.0
2022-12-24,101.02,87.36,25.34,28.26,23.13,-1.67,-5.95,6.26,15.7,17.61,6.68,100.46,101020.0,100460.0
2022-12-25,101.09,89.15,25.88,28.47,24.3,-4.0,-2.78,5.09,55.2,18.56,13.2,100.53,101090.0,100530.0
2022-12-26,101.3,89.34,25.58,28.3,23.54,-3.51,-0.56,3.76,80.9,18.22,3.62,100.74,101300.0,100740.0
2022-12-27,101.43,89.17,25.1,27.82,23.1,-2.79,-1.04,3.07,69.6,17.65,0.41,100.87,101430.0,100870.0
2022-12-28,101.52,83.74,25.59,28.77,23.47,-2.32,0.24,2.43,95.9,17.0,0.02,100.96,101520.0,100960.0
2022-12-29,101.63,82.49,25.27,28.66,22.76,-1.55,0.39,1.94,104.1,16.42,0.0,101.07,101630.0,101070.0
2022-12-30,101.69,79.06,25.01,28.86,22.38,-1.49,-0.46,1.8,72.9,15.4,0.0,101.12,101690.0,101120.0
2022-12-31,101.62,78.67,24.7,29.14,21.23,-1.17,-0.02,1.73,88.9,14.96,0.0,101.06,101620.0,101060.0
2023-01-01,101.57,80.51,24.36,27.99,21.69,-1.89,-0.87,2.13,65.2,15.12,0.0,101.01,101570.0,101010.0
2023-01-02,101.55,76.93,24.74,27.84,22.58,-2.97,-0.56,3.08,79.4,14.85,0.0,100.98,101550.0,100980.0
2023-01-03,101.58,77.4,24.67,27.84,22.3,-3.03,-1.78,3.53,59.6,14.86,0.01,101.01,101580.0,101010.0
2023-01-04,101.5,77.54,24.68,27.76,22.65,-3.67,-1.87,4.14,63.0,14.92,0.0,100.93,101500.0,100930.0
2023-01-05,101.52,74.79,24.6,27.8,22.08,-4.27,-2.95,5.25,55.3,14.29,0.01,100.96,101520.0,100960.0
2023-01-06,101.65,77.4,24.69,27.67,22.87,-4.18,-4.05,5.82,45.9,14.89,0.01,101.08,101650.0,101080.0
2023-01-07,101.56,80.41,24.44,27.54,22.44,-3.49,-3.59,5.02,44.2,15.24,0.21,100.99,101560.0,100990.0
2023-01-08,101.49,78.94,23.99,27.38,21.37,-3.1,-3.12,4.41,44.8,14.55,0.21,100.92,101490.0,100920.0
2023-01-09,101.6,72.99,22.92,26.71,19.67,-2.99,-3.17,4.36,43.3,12.56,0.0,101.04,101600.0,101040.0
2023-01-10,101.55,75.06,23.08,26.84,19.87,-2.68,-3.22,4.21,39.8,13.08,0.07,100.99,101550.0,100990.0
2023-01-11,101.37,76.15,23.16,27.61,19.55,-1.74,-2.62,3.27,33.6,13.32,0.0,100.8,101370.0,100800.0
2023-01-12,101.26,74.67,23.24,27.88,19.66,-1.57,-1.19,2.24,52.9,13.06,0.0,100.7,101260.0,100700.0
2023-01-13,101.3,75.4,23.15,27.48,20.19,-1.86,-0.77,2.06,67.5,13.15,0.0,100.74,101300.0,100740.0
2023-01-14,101.29,74.14,22.67,27.32,19.31,-1.75,-1.2,2.25,55.5,12.55,0.0,100.73,101290.0,100730.0
2023-01-15,101.25,75.5,22.54,26.67,19.25,-1.91,-0.78,2.18,67.8,12.78,0.0,100.69,101250.0,100690.0
2023-01-16,101.31,74.95,22.55,26.89,18.62,-2.22,-1.28,2.79,60.1,12.64,0.0,100.76,101310.0,100760.0
2023-01-17,101.37,73.37,23.2,27.29,20.46,-2.43,-0.44,2.55,79.7,12.9,0.0,100.81,101370.0,100810.0
2023-01-18,101.51,72.48,23.44,27.38,20.53,-2.95,-1.01,3.18,71.1,12.91,0.0,100.94,101510.0,100940.0
2023-01-19,101.48,71.9,23.68,27.55,21.24,-2.59,-1.39,3.0,61.8,12.96,0.0,100.92,101480.0,100920.0
2023-01-20,101.44,79.81,23.98,27.22,21.38,-3.07,-1.72,3.54,60.7,14.72,0.08,100.87,101440.0,100870.0
2023-01-21,101.37,78.13,24.24,28.26,21.25,-3.24,-2.78,4.28,49.3,14.53,0.02,100.8,101370.0,100800.0
2023-01-22,101.29,77.83,23.75,27.46,20.69,-2.95,-2.75,4.07,47.0,14.1,0.0,100.73,101290.0,100730.0
2023-01-23,101.21,78.83,24.59,27.55,22.54,-3.4,-2.25,4.11,56.5,15.12,0.02,100.65,101210.0,100650.0
2023-01-24,101.26,75.5,24.54,28.42,21.63,-3.32,-1.13,3.53,71.2,14.37,0.01,100.7,101260.0,100700.0
2023-01-25,101.25,73.95,23.71,27.63,20.92,-3.1,-1.46,3.44,64.8,13.4,0.0,100.69,101250.0,100690.0
2023-01-26,101.24,72.82,24.11,28.04,21.14,-2.91,-2.04,3.57,54.9,13.51,0.02,100.68,101240.0,100680.0
2023-01-27,101.25,75.02,23.7,27.91,20.45,-2.66,-2.38,3.59,48.2,13.56,0.0,100.69,101250.0,100690.0
2023-01-28,101.18,78.0,23.93,28.42,20.42,-2.17,-3.11,3.91,34.9,14.28,0.03,100.61,101180.0,100610.0
2023-01-29,101.07,80.23,24.8,28.44,21.52,-3.35,-3.09,4.65,47.4,15.51,0.5,100.51,101070.0,100510.0
2023-01-30,101.13,82.63,25.5,28.63,23.38,-2.88,-3.6,4.66,38.7,16.74,1.86,100.57,101130.0,100570.0
2023-01-31,101.1,82.17,24.98,27.81,23.3,-2.2,-4.26,4.85,27.4,16.17,0.52,100.54,101100.0,100540.0
2023-02-01,101.09,76.48,25.47,29.14,23.0,-3.14,-4.42,5.43,35.4,15.32,0.5,100.53,101090.0,100530.0
2023-02-02,101.14,78.36,25.57,28.92,23.17,-2.95,-4.08,5.06,35.8,15.86,0.18,100.58,101140.0,100580.0
2023-02-03,101.19,78.3,25.8,29.51,23.39,-3.73,-3.26,4.96,48.9,16.07,0.34,100.63,101190.0,100630.0
2023-02-04,101.15,75.58,25.43,29.65,22.6,-3.3,-2.83,4.37,49.4,15.11,0.14,100.59,101150.0,100590.0
2023-02-05,101.11,72.68,25.0,29.98,21.27,-2.62,-2.22,3.56,49.8,14.08,0.0,100.55,101110.0,100550.0
2023-02-06,101.16,73.16,24.88,30.54,20.87,-2.53,-1.46,3.09,60.1,13.92,0.0,100.6,101160.0,100600.0
2023-02-07,101.13,73.56,24.75,29.85,21.19,-2.05,-0.09,2.16,87.6,13.84,0.0,100.57,101130.0,100570.0
2023-02-08,101.15,73.76,24.95,30.42,21.19,-2.67,-0.38,2.76,81.9,14.07,0.0,100.6,101150.0,100600.0
2023-02-09,101.22,74.52,25.08,30.22,21.28,-1.88,0.32,2.35,99.7,14.4,0.0,100.66,101220.0,100660.0
2023-02-10,101.29,71.65,25.19,30.85,20.78,-1.64,-0.1,2.37,86.5,13.8,0.0,100.73,101290.0,100730.0
2023-02-11,101.3,68.28,25.14,31.12,20.64,-1.68,-0.22,2.09,82.6,13.05,0.0,100.74,101300.0,100740.0
2023-02-12,101.31,65.17,25.19,31.29,20.53,-1.49,0.32,2.53,102.1,12.5,0.0,100.76,101310.0,100760.0
2023-02-13,101.35,64.43,25.12,31.57,19.95,-1.79,-0.41,2.68,76.9,12.27,0.0,100.79,101350.0,100790.0
2023-02-14,101.31,69.76,25.01,30.63,20.19,-1.72,-0.74,2.55,66.7,13.31,0.0,100.75,101310.0,100750.0
2023-02-15,101.17,72.74,24.71,30.4,20.01,-1.64,-1.17,2.64,54.5,13.69,0.0,100.62,101170.0,100620.0
2023-02-16,101.23,74.12,24.7,30.05,20.78,-2.52,-0.05,2.56,88.8,14.01,0.0,100.68,101230.0,100680.0
2023-02-17,101.31,73.6,24.7,30.02,20.78,-2.48,0.57,2.73,103.0,13.89,0.0,100.75,101310.0,100750.0
2023-02-18,101.33,71.33,25.17,30.81,21.08,-2.61,1.22,3.1,115.1,13.75,0.0,100.77,101330.0,100770.0
2023-02-19,101.34,69.58,25.52,31.42,21.64,-2.95,0.39,3.13,97.6,13.55,0.0,100.78,101340.0,100780.0
2023-02-20,101.3,65.54,25.76,31.92,21.26,-2.15,0.52,2.47,103.7,12.92,0.0,100.74,101300.0,100740.0
2023-02-21,101.32,63.99,25.78,31.71,20.95,-1.89,0.21,2.43,96.3,12.74,0.0,100.76,101320.0,100760.0
2023-02-22,101.28,65.33,25.77,31.49,22.09,-2.58,0.71,2.93,105.4,12.99,0.0,100.72,101280.0,100720.0
2023-02-23,101.3,67.8,25.06,30.87,21.06,-2.44,1.27,2.95,117.5,12.95,0.0,100.75,101300.0,100750.0
2023-02-24,101.34,63.89,25.32,32.06,20.69,-1.94,0.22,2.44,96.4,12.21,0.0,100.78,101340.0,100780.0
2023-02-25,101.47,64.98,25.52,32.06,20.39,-2.05,-0.19,2.73,84.8,12.59,0.0,100.91,101470.0,100910.0
2023-02-26,101.59,67.37,25.42,31.1,20.66,-2.7,0.01,3.07,90.2,13.16,0.0,101.03,101590.0,101030.0
2023-02-27,101.57,60.33,25.82,31.64,22.02,-2.8,-0.23,2.95,85.3,11.86,0.0,101.01,101570.0,101010.0
2023-02-28,101.57,71.67,26.06,31.58,21.55,-3.47,-1.3,3.77,69.5,14.73,0.0,101.01,101570.0,101010.0
2023-03-01,101.58,72.45,26.55,31.84,22.92,-3.83,-1.84,4.29,64.4,15.21,0.01,101.01,101580.0,101010.0
2023-03-02,101.63,63.85,25.92,31.51,21.82,-3.75,-1.24,3.97,71.7,12.74,0.0,101.07,101630.0,101070.0
2023-03-03,101.67,68.59,25.88,31.88,21.49,-3.12,-1.84,3.71,59.4,13.67,0.0,101.11,101670.0,101110.0
2023-03-04,101.63,66.97,26.41,32.59,21.96,-3.45,-1.64,3.85,64.6,13.58,0.0,101.07,101630.0,101070.0
2023-03-05,101.57,69.87,26.45,32.64,21.77,-3.47,-1.6,3.89,65.2,14.26,0.0,101.01,101570.0,101010.0
2023-03-06,101.41,67.86,26.47,32.66,22.18,-3.29,-0.79,3.42,76.5,13.96,0.0,100.85,101410.0,100850.0
2023-03-07,101.39,68.22,26.36,31.66,22.61,-3.08,-0.51,3.18,80.6,14.16,0.0,100.83,101390.0,100830.0
2023-03-08,101.38,65.56,26.7,32.23,22.58,-3.78,-1.69,4.15,65.9,13.81,0.0,100.82,101380.0,100820.0
2023-03-09,101.32,64.5,27.22,32.62,23.18,-3.37,-1.44,3.73,66.8,14.0,0.0,100.76,101320.0,100760.0
2023-03-10,101.28,69.71,26.98,32.07,22.98,-3.42,-1.48,3.8,66.6,15.02,0.0,100.72,101280.0,100720.0
2023-03-11,101.28,70.07,26.76,32.03,23.27,-3.64,-1.39,3.94,69.1,14.88,0.0,100.72,101280.0,100720.0
2023-03-12,101.28,69.92,27.49,33.04,22.84,-3.4,-1.62,3.88,64.6,15.45,0.01,100.72,101280.0,100720.0
2023-03-13,101.13,66.41,27.91,34.0,23.49,-3.15,-1.34,3.51,67.0,14.81,0.01,100.58,101130.0,100580.0
2023-03-14,101.0,68.25,27.75,33.71,23.5,-3.2,-0.27,3.34,85.3,15.14,0.02,100.44,101000.0,100440.0
2023-03-15,100.93,71.71,27.95,33.68,24.11,-2.66,2.34,3.76,131.4,16.38,0.04,100.38,100930.0,100380.0
2023-03-16,101.03,71.36,28.21,33.28,24.43,-2.89,2.69,4.22,133.0,16.59,0.13,100.47,101030.0,100470.0
2023-03-17,101.05,75.24,27.93,32.13,25.31,-3.25,0.85,3.53,104.6,17.4,10.01,100.5,101050.0,100500.0
2023-03-18,100.95,77.04,27.82,32.0,24.96,-3.2,2.6,4.18,129.1,17.77,10.1,100.39,100950.0,100390.0
2023-03-19,100.85,77.8,27.49,31.33,25.14,-1.25,2.46,3.1,153.1,17.69,19.92,100.29,100850.0,100290.0
2023-03-20,100.78,78.1,27.52,32.07,24.76,-1.07,3.57,3.83,163.3,17.75,11.9,100.22,100780.0,100220.0
2023-03-21,100.77,75.92,28.24,33.25,24.47,-1.03,2.31,3.3,156.0,17.83,1.79,100.22,100770.0,100220.0
2023-03-22,100.8,73.18,29.03,33.86,25.28,-0.92,3.2,3.72,163.9,17.93,0.39,100.25,100800.0,100250.0
2023-03-23,100.81,76.23,28.81,33.15,25.76,-0.93,3.75,4.04,166.1,18.57,2.02,100.26,100810.0,100260.0
2023-03-24,100.87,74.99,28.76,33.19,25.49,-0.68,3.71,4.26,169.7,18.18,2.69,100.31,100870.0,100310.0
2023-03-25,100.98,72.38,29.04,33.93,25.39,-1.36,3.23,3.83,157.1,17.67,0.03,100.43,100980.0,100430.0
2023-03-26,100.94,73.4,28.96,33.46,25.6,-1.47,2.89,3.35,153.1,17.97,0.13,100.39,100940.0,100390.0
2023-03-27,100.87,70.9,29.63,34.76,25.94,-0.8,2.46,3.32,162.0,17.95,0.16,100.32,100870.0,100320.0
2023-03-28,100.91,71.86,29.31,34.3,25.72,-2.24,2.99,3.94,143.1,17.88,0.03,100.36,100910.0,100360.0
2023-03-29,101.0,70.78,28.95,34.7,24.98,-1.71,3.15,3.91,151.5,17.06,0.01,100.45,101000.0,100450.0
2023-03-30,100.93,70.01,28.58,34.4,24.31,-1.54,2.68,3.63,150.0,16.48,0.01,100.38,100930.0,100380.0
2023-03-31,100.85,67.71,28.98,35.37,24.31,-0.94,3.57,4.44,165.3,16.21,0.01,100.3,100850.0,100300.0
2023-04-01,100.87,71.17,29.27,34.75,25.15,-0.92,3.73,4.35,166.2,17.56,0.02,100.32,100870.0,100320.0
2023-04-02,100.79,73.05,29.27,33.26,26.58,-0.16,4.52,4.87,177.9,18.33,0.97,100.24,100790.0,100240.0
2023-04-03,100.79,74.12,29.34,33.74,26.45,-0.76,4.23,4.67,169.8,18.61,0.26,100.24,100790.0,100240.0
2023-04-04,100.9,71.28,29.51,34.22,25.9,-0.81,3.77,4.07,167.9,17.96,0.03,100.35,100900.0,100350.0
2023-04-05,100.88,73.8,28.95,32.63,26.53,-1.02,3.67,3.98,164.5,18.19,0.03,100.33,100880.0,100330.0
2023-04-06,100.93,70.09,29.48,35.47,25.53,-1.47,2.53,3.58,149.9,17.35,0.01,100.38,100930.0,100380.0
2023-04-07,101.13,68.71,29.29,34.73,25.12,-2.63,1.75,3.43,123.7,16.89,0.0,100.57,101130.0,100570.0
2023-04-08,101.31,65.65,29.16,34.46,25.65,-3.24,0.23,3.32,94.1,16.0,0.0,100.75,101310.0,100750.0
2023-04-09,101.31,68.3,28.94,34.27,25.27,-3.36,-0.16,3.38,87.3,16.5,0.01,100.75,101310.0,100750.0
2023-04-10,101.15,67.22,29.01,35.0,24.83,-2.56,0.33,2.65,97.2,16.08,0.0,100.6,101150.0,100600.0
2023-04-11,101.12,62.6,29.23,36.4,23.45,-1.84,0.34,2.33,100.6,14.69,0.0,100.57,101120.0,100570.0
2023-04-12,101.06,57.99,29.74,36.73,23.7,-1.55,1.39,2.59,131.8,14.09,0.0,100.51,101060.0,100510.0
2023-04-13,100.96,52.62,30.69,37.94,24.66,-0.94,1.71,2.99,151.1,13.55,0.0,100.41,100960.0,100410.0
2023-04-14,100.94,57.99,30.61,37.86,24.33,-0.8,2.73,3.61,163.6,14.7,0.0,100.39,100940.0,100390.0
2023-04-15,100.87,55.87,31.07,38.25,25.22,-0.88,1.72,3.28,153.0,14.62,0.0,100.32,100870.0,100320.0
2023-04-16,100.74,59.96,30.31,37.02,25.14,-0.16,2.53,3.57,176.4,15.39,0.0,100.19,100740.0,100190.0
2023-04-17,100.8,57.25,31.03,37.95,25.43,-0.76,3.23,4.0,166.7,15.04,0.0,100.25,100800.0,100250.0
2023-04-18,100.93,60.54,30.78,38.02,25.09,-1.1,2.56,3.38,156.8,15.66,0.0,100.38,100930.0,100380.0
2023-04-19,100.69,61.09,30.8,38.27,24.66,-0.5,3.04,3.75,170.6,15.7,0.0,100.15,100690.0,100150.0
2023-04-20,100.47,65.28,31.59,38.58,26.12,-0.39,4.12,4.67,174.6,17.93,0.0,99.93,100470.0,99930.0
2023-04-21,100.44,64.69,31.85,38.54,26.71,-0.9,3.91,4.96,167.0,18.15,0.12,99.9,100440.0,99900.0
2023-04-22,100.52,65.45,31.62,37.67,26.94,-1.4,3.43,4.3,157.8,18.28,0.67,99.98,100520.0,99980.0
2023-04-23,100.58,65.07,31.64,36.86,28.38,-1.43,4.51,5.33,162.5,18.44,3.5,100.03,100580.0,100030.0
2023-04-24,100.77,67.85,30.84,35.75,27.76,-3.03,3.83,5.09,141.6,18.49,2.17,100.22,100770.0,100220.0
2023-04-25,100.87,70.92,30.07,33.96,27.53,-3.19,1.95,3.83,121.5,18.66,2.14,100.32,100870.0,100320.0
2023-04-26,100.83,63.51,30.48,35.11,27.37,-3.18,0.19,3.24,93.5,16.89,0.07,100.28,100830.0,100280.0
2023-04-27,100.87,65.16,30.59,34.95,27.19,-2.45,1.94,3.29,128.3,17.54,0.09,100.32,100870.0,100320.0
2023-04-28,100.91,65.36,30.92,36.02,27.09,-2.43,2.62,3.69,137.1,17.69,0.32,100.36,100910.0,100360.0
2023-04-29,100.84,67.18,30.77,35.31,27.49,-2.73,2.09,3.53,127.5,18.28,1.27,100.29,100840.0,100290.0
2023-04-30,100.72,64.38,30.83,35.82,27.12,-2.13,2.81,3.72,142.9,17.44,0.55,100.16,100720.0,100160.0
2023-05-01,100.74,73.13,29.21,32.48,26.83,-2.53,1.29,3.15,117.1,18.43,14.52,100.19,100740.0,100190.0
2023-05-02,100.79,81.9,28.1,30.6,26.53,-3.25,0.84,3.47,104.6,19.46,12.13,100.24,100790.0,100240.0
2023-05-03,100.83,82.81,27.83,29.13,26.75,-2.36,2.12,3.32,131.9,19.41,1.28,100.28,100830.0,100280.0
2023-05-04,100.75,72.96,29.45,33.78,26.28,-1.56,0.79,2.32,117.0,18.47,0.98,100.2,100750.0,100200.0
2023-05-05,100.69,78.33,28.25,29.97,26.67,-0.22,1.67,1.9,172.6,18.77,6.0,100.13,100690.0,100130.0
2023-05-06,100.61,71.08,29.45,33.51,26.45,-0.14,0.81,1.66,170.2,18.07,7.4,100.06,100610.0,100060.0
2023-05-07,100.62,73.2,29.32,33.3,25.94,0.46,0.78,2.66,210.9,18.44,3.23,100.07,100620.0,100070.0
2023-05-08,100.6,76.05,29.32,32.87,26.77,0.0,2.27,2.66,180.1,19.25,8.36,100.05,100600.0,100050.0
2023-05-09,100.61,71.53,29.95,34.48,26.08,-0.88,1.07,2.88,140.4,18.63,0.14,100.06,100610.0,100060.0
2023-05-10,100.57,71.05,29.88,33.8,26.68,-0.57,0.63,2.6,137.8,18.4,0.15,100.03,100570.0,100030.0
2023-05-11,100.62,70.36,30.41,35.29,27.19,-0.6,0.06,2.48,95.6,18.63,0.07,100.07,100620.0,100070.0
2023-05-12,100.55,66.11,31.64,37.8,26.62,-0.02,0.89,3.07,178.8,18.42,0.06,100.0,100550.0,100000.0
2023-05-13,100.46,59.36,33.29,39.96,27.56,3.52,0.96,4.09,254.7,18.08,0.02,99.92,100460.0,99920.0
2023-05-14,100.34,55.34,34.15,41.13,28.27,3.69,-0.15,4.49,272.3,17.71,0.01,99.8,100340.0,99800.0
2023-05-15,100.45,59.98,33.52,40.22,28.07,2.11,1.01,3.98,244.4,18.77,1.03,99.9,100450.0,99900.0
2023-05-16,100.58,59.73,33.34,40.74,28.26,0.32,1.77,3.8,190.3,18.0,0.18,100.04,100580.0,100040.0
2023-05-17,100.72,66.61,32.65,38.56,28.73,-0.59,3.05,4.0,169.1,19.8,0.19,100.18,100720.0,100180.0
2023-05-18,100.89,71.2,31.37,35.98,28.4,-0.61,3.31,3.81,169.6,19.99,0.1,100.35,100890.0,100350.0
2023-05-19,100.77,74.06,30.9,35.02,28.16,0.5,4.15,4.52,186.8,20.36,0.12,100.22,100770.0,100220.0
2023-05-20,100.71,71.64,31.24,36.57,27.1,-0.18,3.31,3.93,176.9,19.81,0.07,100.16,100710.0,100160.0
2023-05-21,100.8,76.56,30.29,33.97,27.66,-0.2,3.38,3.73,176.6,20.38,0.17,100.25,100800.0,100250.0
2023-05-22,100.88,76.47,30.38,34.12,27.5,-0.3,3.81,4.04,175.4,20.43,0.16,100.34,100880.0,100340.0
2023-05-23,100.92,72.5,30.76,35.86,27.02,-0.39,3.6,4.1,173.9,19.54,0.06,100.38,100920.0,100380.0
2023-05-24,100.81,65.54,31.92,37.3,27.26,0.94,4.7,5.04,191.3,18.76,0.06,100.26,100810.0,100260.0
2023-05-25,100.78,57.15,33.23,39.34,28.4,2.01,1.79,3.7,228.4,17.49,0.5,100.24,100780.0,100240.0
2023-05-26,100.79,55.67,33.36,39.89,28.53,0.35,1.35,3.95,194.6,17.13,0.27,100.25,100790.0,100250.0
2023-05-27,100.63,55.62,33.84,40.61,28.82,0.87,1.16,3.33,217.0,17.42,2.46,100.09,100630.0,100090.0
2023-05-28,100.56,58.07,32.91,38.58,28.09,2.52,3.02,4.63,219.8,17.62,0.84,100.01,100560.0,100010.0
2023-05-29,100.64,63.99,32.38,37.68,28.23,-0.9,3.24,4.04,164.4,18.92,0.35,100.09,100640.0,100090.0
2023-05-30,100.75,68.69,31.44,35.77,28.76,-0.57,2.86,3.57,168.6,19.43,2.08,100.2,100750.0,100200.0
2023-05-31,100.71,69.9,31.25,34.4,28.1,0.74,1.87,2.35,201.6,19.67,0.58,100.16,100710.0,100160.0
2023-06-01,100.55,63.01,32.34,38.19,27.44,0.58,4.18,4.86,188.0,18.49,0.5,100.0,100550.0,100000.0
2023-06-02,100.53,57.72,33.1,38.75,28.57,1.54,1.67,3.95,222.7,17.67,0.17,99.98,100530.0,99980.0
2023-06-03,100.45,54.76,33.76,40.75,28.64,2.15,3.05,5.35,215.1,17.33,0.04,99.9,100450.0,99900.0
2023-06-04,100.48,55.26,33.53,39.69,28.74,1.55,2.64,4.29,210.3,17.33,0.03,99.93,100480.0,99930.0
2023-06-05,100.49,62.43,31.66,36.42,28.09,4.19,4.34,6.44,224.0,17.97,2.71,99.95,100490.0,99950.0
2023-06-06,100.41,59.27,32.2,37.42,28.18,3.54,3.18,5.69,228.1,17.44,1.2,99.87,100410.0,99870.0
2023-06-07,100.53,75.89,28.61,30.24,26.81,3.82,4.89,6.33,218.0,18.65,3.04,99.98,100530.0,99980.0
2023-06-08,100.49,66.19,31.11,36.29,27.37,3.04,3.73,5.96,219.2,18.25,0.35,99.94,100490.0,99940.0
2023-06-09,100.4,69.86,30.34,34.8,27.67,2.81,3.07,5.0,222.5,18.73,5.24,99.85,100400.0,99850.0
2023-06-10,100.36,65.1,31.31,37.36,26.51,1.79,0.6,2.99,251.6,18.0,6.7,99.81,100360.0,99810.0
2023-06-11,100.32,59.37,31.81,38.47,26.86,3.64,2.72,5.35,233.3,16.83,0.01,99.78,100320.0,99780.0
2023-06-12,100.32,63.28,31.78,36.58,27.68,3.67,2.25,4.64,238.5,18.28,4.57,99.78,100320.0,99780.0
2023-06-13,100.42,66.78,31.16,36.16,27.1,1.55,2.03,3.53,217.4,18.51,2.31,99.87,100420.0,99870.0
2023-06-14,100.59,71.26,30.27,33.47,27.51,1.91,2.66,4.47,215.6,19.07,2.5,100.04,100590.0,100040.0
2023-06-15,100.56,65.04,31.3,36.78,27.77,2.35,1.92,4.19,230.7,18.2,0.73,100.01,100560.0,100010.0
2023-06-16,100.43,64.13,32.16,37.73,27.49,1.6,1.78,3.84,222.0,18.7,1.61,99.89,100430.0,99890.0
2023-06-17,100.56,72.75,29.26,31.77,27.03,3.14,2.73,5.26,229.0,18.49,8.83,100.01,100560.0,100010.0
2023-06-18,100.53,80.55,27.98,31.05,25.98,4.32,1.03,4.93,256.6,19.09,48.9,99.98,100530.0,99980.0
2023-06-19,100.43,75.81,29.47,33.5,25.68,4.11,0.57,4.49,262.1,19.51,21.5,99.88,100430.0,99880.0
2023-06-20,100.41,76.98,29.48,33.76,26.1,2.64,1.49,3.35,240.7,19.72,12.83,99.87,100410.0,99870.0
2023-06-21,100.6,81.24,27.48,29.46,26.28,1.34,1.31,2.75,225.8,18.68,1.73,100.05,100600.0,100050.0
2023-06-22,100.56,79.69,28.79,31.82,26.88,-0.26,1.12,2.23,166.8,19.63,8.34,100.01,100560.0,100010.0
2023-06-23,100.52,77.83,29.25,32.75,26.5,0.53,1.7,2.77,197.4,19.6,6.08,99.97,100520.0,99970.0
2023-06-24,100.49,74.83,29.23,33.14,26.02,2.07,1.37,3.22,236.4,18.87,3.76,99.94,100490.0,99940.0
2023-06-25,100.54,80.21,28.27,31.31,25.85,2.46,2.95,4.09,219.9,19.23,7.82,99.99,100540.0,99990.0
2023-06-26,100.5,70.56,29.75,34.96,26.03,1.81,0.99,2.97,241.4,18.02,0.15,99.95,100500.0,99950.0
2023-06-27,100.53,69.05,30.14,34.73,26.12,1.07,1.17,2.63,222.3,18.11,0.15,99.99,100530.0,99990.0
2023-06-28,100.65,68.03,29.66,34.56,25.42,1.42,1.79,3.96,218.5,17.34,0.16,100.1,100650.0,100100.0
2023-06-29,100.68,69.4,30.08,34.74,25.94,2.25,0.98,3.0,246.4,18.14,1.62,100.13,100680.0,100130.0
2023-06-30,100.62,66.42,30.74,36.71,25.6,2.38,1.19,3.25,243.4,17.84,0.56,100.08,100620.0,100080.0
2023-07-01,100.7,69.37,30.25,34.31,26.75,1.99,0.48,2.75,256.5,18.36,3.01,100.15,100700.0,100150.0
2023-07-02,100.73,78.47,27.44,29.26,25.56,3.52,3.13,5.22,228.4,17.93,3.24,100.18,100730.0,100180.0
2023-07-03,100.53,80.12,27.97,31.38,25.24,2.69,2.53,4.31,226.8,18.85,4.82,99.98,100530.0,99980.0
2023-07-04,100.35,79.22,28.23,31.39,25.94,2.81,2.32,3.75,230.5,18.98,3.92,99.81,100350.0,99810.0
2023-07-05,100.23,67.13,29.46,34.5,25.53,5.07,2.6,5.83,242.8,16.92,1.34,99.68,100230.0,99680.0
2023-07-06,100.42,69.75,29.09,33.85,25.58,4.76,2.29,5.49,244.3,17.38,0.15,99.87,100420.0,99870.0
2023-07-07,100.65,68.08,29.37,33.9,25.39,3.07,2.89,4.49,226.7,17.21,0.22,100.1,100650.0,100100.0
2023-07-08,100.73,69.84,29.72,33.65,26.15,3.09,1.38,3.44,246.0,17.96,1.94,100.18,100730.0,100180.0
2023-07-09,100.67,70.06,29.79,34.33,25.74,1.78,0.41,2.82,257.1,18.02,4.36,100.12,100670.0,100120.0
2023-07-10,100.64,77.62,28.83,33.01,26.3,0.92,2.08,3.34,203.8,19.01,8.05,100.09,100640.0,100090.0
2023-07-11,100.6,76.32,28.86,32.56,25.99,2.83,0.55,3.62,259.1,18.81,3.13,100.05,100600.0,100050.0
2023-07-12,100.58,73.82,29.08,33.68,26.02,0.9,1.96,3.1,204.8,18.21,12.22,100.03,100580.0,100030.0
2023-07-13,100.58,72.59,29.26,34.68,24.61,1.88,2.38,4.03,218.4,18.07,11.25,100.03,100580.0,100030.0
2023-07-14,100.63,71.98,29.93,35.14,25.48,2.99,1.6,3.84,241.8,18.7,0.46,100.08,100630.0,100080.0
2023-07-15,100.61,68.5,29.79,34.5,25.69,3.87,-0.02,4.02,270.2,17.68,0.14,100.06,100610.0,100060.0
2023-07-16,100.58,71.23,30.05,34.78,26.44,1.96,1.13,2.8,240.0,18.68,0.06,100.03,100580.0,100030.0
2023-07-17,100.5,71.34,30.07,34.69,26.32,3.56,1.27,4.14,250.4,18.76,0.11,99.96,100500.0,99960.0
2023-07-18,100.4,68.44,30.27,35.03,26.26,4.77,1.27,5.0,255.0,18.23,0.04,99.85,100400.0,99850.0
2023-07-19,100.3,64.86,30.18,35.03,26.25,5.45,0.67,5.65,263.0,17.19,0.54,99.75,100300.0,99750.0
2023-07-20,100.27,65.02,30.02,35.11,26.23,6.13,2.24,6.73,249.9,17.04,0.03,99.72,100270.0,99720.0
2023-07-21,100.37,67.67,29.98,35.2,25.78,5.55,1.59,5.94,254.0,17.69,0.55,99.82,100370.0,99820.0
2023-07-22,100.49,68.46,29.94,34.72,26.0,5.21,0.99,5.46,259.3,17.81,6.07,99.94,100490.0,99940.0
2023-07-23,100.59,73.19,29.18,33.45,25.91,3.87,1.94,4.42,243.3,18.36,2.07,100.05,100590.0,100050.0
2023-07-24,100.54,79.37,27.96,31.06,25.71,4.09,2.26,4.97,241.1,18.68,7.47,99.99,100540.0,99990.0
2023-07-25,100.6,79.23,27.46,30.69,25.26,4.29,1.88,4.8,246.4,18.1,6.91,100.05,100600.0,100050.0
2023-07-26,100.62,74.17,28.81,33.6,24.88,5.3,0.9,5.61,260.3,18.15,6.64,100.07,100620.0,100070.0
2023-07-27,100.63,68.17,29.15,33.8,25.34,5.87,1.0,6.08,260.3,16.96,0.02,100.08,100630.0,100080.0
2023-07-28,100.55,64.83,30.39,36.6,24.67,4.85,-0.13,5.06,271.5,17.15,0.03,100.0,100550.0,100000.0
2023-07-29,100.52,62.34,31.12,36.97,25.81,5.29,-1.97,5.86,290.4,17.19,0.1,99.97,100520.0,99970.0
2023-07-30,100.49,63.59,31.32,37.09,25.99,3.76,-1.41,4.87,290.5,17.72,0.33,99.94,100490.0,99940.0
2023-07-31,100.47,67.77,30.94,35.94,26.96,2.26,0.47,4.11,258.1,18.54,0.18,99.93,100470.0,99930.0
2023-08-01,100.47,64.38,31.57,37.29,26.69,4.15,-0.2,4.49,272.8,18.16,0.07,99.92,100470.0,99920.0
2023-08-02,100.57,62.46,31.14,37.03,26.21,4.03,0.38,4.26,264.5,17.27,0.03,100.02,100570.0,100020.0
2023-08-03,100.59,66.03,31.04,36.23,26.12,3.03,0.82,3.74,254.8,18.28,0.23,100.04,100590.0,100040.0
2023-08-04,100.75,66.32,31.02,36.36,26.63,2.19,1.55,3.61,234.6,18.14,0.7,100.2,100750.0,100200.0
2023-08-05,100.87,65.45,31.2,36.74,26.73,1.55,1.15,3.36,233.5,17.95,0.21,100.32,100870.0,100320.0
2023-08-06,100.74,67.26,30.97,35.45,27.38,1.96,2.03,3.6,224.0,18.41,0.17,100.19,100740.0,100190.0
2023-08-07,100.58,67.78,30.64,36.19,27.15,1.22,1.95,3.75,212.0,18.09,0.49,100.03,100580.0,100030.0
2023-08-08,100.65,67.4,30.4,35.3,27.01,0.55,1.52,2.99,199.8,17.8,0.21,100.1,100650.0,100100.0
2023-08-09,100.81,71.83,30.0,34.43,27.03,0.54,0.94,2.98,210.0,18.69,2.38,100.26,100810.0,100260.0
2023-08-10,100.85,73.72,29.62,33.74,26.76,2.13,1.48,2.87,235.2,18.83,7.97,100.3,100850.0,100300.0
2023-08-11,100.82,72.25,29.61,34.26,25.85,1.01,0.9,2.41,228.4,18.35,7.84,100.26,100820.0,100260.0
2023-08-12,100.75,72.1,30.08,34.46,26.13,1.74,1.41,3.22,230.9,18.8,7.11,100.2,100750.0,100200.0
2023-08-13,100.69,73.46,29.8,33.1,26.85,1.07,1.17,2.63,222.3,19.03,11.98,100.14,100690.0,100140.0
2023-08-14,100.77,78.19,29.1,33.09,26.1,0.68,1.12,2.43,211.4,19.5,23.59,100.22,100770.0,100220.0
2023-08-15,100.77,77.09,28.94,32.76,26.13,0.47,1.7,2.93,195.5,19.02,10.31,100.22,100770.0,100220.0
2023-08-16,100.8,76.21,29.24,33.08,26.16,0.68,1.44,3.13,205.3,19.12,7.46,100.25,100800.0,100250.0
2023-08-17,100.72,80.85,28.76,32.29,26.57,1.72,1.61,3.3,227.0,19.92,23.85,100.17,100720.0,100170.0
2023-08-18,100.57,73.07,29.81,34.32,26.07,2.17,0.6,3.1,254.6,18.89,2.91,100.02,100570.0,100020.0
2023-08-19,100.54,70.72,29.82,34.14,26.24,2.02,0.26,2.59,262.6,18.36,5.86,99.99,100540.0,99990.0
2023-08-20,100.52,71.66,29.92,35.37,25.5,0.96,1.04,2.95,222.7,18.49,1.54,99.97,100520.0,99970.0
2023-08-21,100.54,74.99,29.73,34.18,26.76,-0.05,1.26,3.12,177.8,19.35,3.55,99.99,100540.0,99990.0
2023-08-22,100.62,78.93,29.22,32.29,26.74,0.86,2.63,3.19,198.1,19.91,10.89,100.07,100620.0,100070.0
2023-08-23,100.63,81.11,28.65,31.38,26.42,1.74,0.97,3.19,240.9,19.88,16.42,100.08,100630.0,100080.0
2023-08-24,100.62,84.03,27.85,29.65,26.45,0.31,0.94,2.35,198.4,19.74,20.33,100.07,100620.0,100070.0
2023-08-25,100.66,82.66,28.26,30.72,26.31,0.03,1.7,2.65,181.0,19.84,1.48,100.12,100660.0,100120.0
2023-08-26,100.75,81.71,28.51,31.58,26.41,0.85,1.09,3.17,217.9,19.82,5.42,100.21,100750.0,100210.0
2023-08-27,100.8,79.99,28.78,31.88,26.32,0.54,0.27,2.34,243.6,19.67,16.61,100.25,100800.0,100250.0
2023-08-28,100.72,79.26,28.63,32.63,26.21,1.04,1.22,3.83,220.5,19.3,4.07,100.17,100720.0,100170.0
2023-08-29,100.67,81.77,28.29,31.86,26.14,0.93,0.87,3.14,226.9,19.55,10.59,100.12,100670.0,100120.0
2023-08-30,100.68,79.96,28.74,33.19,25.43,0.89,1.02,2.92,221.3,19.56,5.64,100.12,100680.0,100120.0
2023-08-31,100.7,84.84,28.18,30.7,26.23,0.41,2.67,2.83,188.7,20.26,3.02,100.15,100700.0,100150.0
2023-09-01,100.68,80.74,28.75,33.08,25.22,1.03,3.03,4.07,198.8,19.76,2.24,100.13,100680.0,100130.0
2023-09-02,100.66,84.27,28.18,31.56,25.96,3.06,1.33,3.71,246.5,20.12,5.46,100.11,100660.0,100110.0
2023-09-03,100.57,83.87,27.46,29.83,25.19,1.79,-0.93,2.96,297.4,19.21,32.16,100.02,100570.0,100020.0
2023-09-04,100.38,79.72,27.68,30.79,25.29,3.71,-1.03,3.95,285.5,18.49,2.04,99.83,100380.0,99830.0
2023-09-05,100.36,75.87,28.08,32.72,24.08,4.54,0.29,4.76,266.3,17.98,2.52,99.81,100360.0,99810.0
2023-09-06,100.5,80.55,28.21,32.23,25.21,3.12,2.86,4.49,227.5,19.18,4.57,99.95,100500.0,99950.0
2023-09-07,100.55,79.55,28.23,32.79,25.1,2.86,3.46,4.82,219.6,18.94,19.19,100.0,100550.0,100000.0
2023-09-08,100.64,77.26,28.23,32.76,24.39,3.3,3.08,4.64,227.0,18.39,1.06,100.09,100640.0,100090.0
2023-09-09,100.57,78.56,27.93,31.8,24.33,2.89,2.04,4.1,234.8,18.4,0.3,100.02,100570.0,100020.0
2023-09-10,100.57,84.83,26.91,29.11,25.35,2.81,1.59,3.61,240.4,18.88,0.66,100.03,100570.0,100030.0
2023-09-11,100.58,78.55,28.06,31.96,24.84,1.72,0.11,3.21,266.2,18.46,0.55,100.03,100580.0,100030.0
2023-09-12,100.64,76.71,28.81,34.03,24.88,1.42,0.18,2.96,262.6,18.7,1.8,100.09,100640.0,100090.0
2023-09-13,100.61,77.87,28.81,33.43,25.8,1.44,1.06,2.84,233.6,19.04,8.37,100.06,100610.0,100060.0
2023-09-14,100.58,77.34,28.94,34.09,24.75,1.91,1.88,3.96,225.4,19.03,4.99,100.03,100580.0,100030.0
2023-09-15,100.66,77.47,28.48,32.46,25.41,2.9,2.99,4.49,224.1,18.74,4.02,100.11,100660.0,100110.0
2023-09-16,100.73,82.93,27.63,31.05,25.21,2.17,3.16,4.42,214.5,19.13,27.6,100.18,100730.0,100180.0
2023-09-17,100.62,82.79,28.13,31.75,25.49,1.38,2.26,3.42,211.4,19.65,7.4,100.07,100620.0,100070.0
2023-09-18,100.61,82.13,28.22,32.0,25.86,1.17,2.09,3.53,209.3,19.56,6.86,100.06,100610.0,100060.0
2023-09-19,100.75,82.96,27.92,31.04,25.92,1.73,1.88,3.76,222.7,19.45,4.7,100.19,100750.0,100190.0
2023-09-20,100.79,82.64,27.75,30.72,25.72,1.27,1.62,3.02,218.1,19.18,3.42,100.24,100790.0,100240.0
2023-09-21,100.86,84.23,27.15,29.77,25.27,2.0,1.79,3.43,228.1,18.93,4.08,100.31,100860.0,100310.0
2023-09-22,100.79,82.57,28.22,31.81,25.38,0.5,2.97,3.54,189.6,19.7,0.91,100.24,100790.0,100240.0
2023-09-23,100.76,84.47,28.61,31.78,26.03,-0.18,3.67,3.93,177.2,20.65,4.18,100.21,100760.0,100210.0
2023-09-24,100.71,84.45,28.3,30.72,26.21,2.28,0.65,3.54,254.1,20.32,13.01,100.16,100710.0,100160.0
2023-09-25,100.71,88.59,26.79,28.06,25.91,2.67,0.91,3.35,251.2,19.59,16.03,100.15,100710.0,100150.0
2023-09-26,100.68,85.21,27.58,30.86,25.07,1.49,2.78,3.64,208.1,19.64,10.41,100.13,100680.0,100130.0
2023-09-27,100.67,82.77,27.77,30.84,25.71,1.53,2.15,3.22,215.6,19.24,4.95,100.12,100670.0,100120.0
2023-09-28,100.65,82.37,28.02,31.19,25.55,1.37,1.68,3.07,219.2,19.44,12.18,100.1,100650.0,100100.0
2023-09-29,100.68,85.03,27.59,30.68,25.12,2.75,3.31,4.45,219.7,19.65,9.79,100.13,100680.0,100130.0
2023-09-30,100.77,80.61,27.72,31.26,24.66,2.24,2.91,3.91,217.6,18.66,8.53,100.22,100770.0,100220.0
2023-10-01,100.68,82.99,27.44,31.4,23.9,3.21,3.23,4.73,224.8,19.03,1.19,100.13,100680.0,100130.0
2023-10-02,100.7,82.8,27.53,31.95,23.94,3.57,3.51,5.1,225.5,18.99,0.69,100.15,100700.0,100150.0
2023-10-03,100.77,78.69,28.57,32.98,24.28,2.55,2.2,4.02,229.2,19.03,0.64,100.22,100770.0,100220.0
2023-10-04,100.81,80.29,28.87,32.92,25.4,1.54,1.67,3.02,222.7,19.78,5.0,100.26,100810.0,100260.0
2023-10-05,100.78,80.17,28.96,32.69,25.74,0.58,1.32,2.34,203.6,19.86,3.78,100.23,100780.0,100230.0
2023-10-06,100.77,82.18,28.36,31.51,26.09,0.44,1.74,2.35,194.2,19.77,2.56,100.21,100770.0,100210.0
2023-10-07,100.8,82.33,28.68,32.37,25.89,-0.14,1.24,2.22,173.6,20.11,1.1,100.25,100800.0,100250.0
2023-10-08,100.96,85.94,28.23,31.05,26.32,-0.15,2.85,3.08,177.0,20.53,0.63,100.41,100960.0,100410.0
2023-10-09,101.07,85.96,28.05,30.88,25.79,0.27,2.17,2.71,187.2,20.3,0.4,100.52,101070.0,100520.0
2023-10-10,101.03,86.32,28.03,30.51,25.9,0.04,1.96,2.4,181.3,20.38,2.95,100.47,101030.0,100470.0
2023-10-11,101.01,82.89,28.04,31.16,25.89,-0.55,0.69,2.2,141.2,19.5,2.44,100.46,101010.0,100460.0
2023-10-12,101.13,80.09,27.62,31.39,25.01,-2.2,-1.34,2.63,58.6,18.34,0.04,100.58,101130.0,100580.0
2023-10-13,101.24,79.15,27.16,30.55,23.74,-1.33,-1.78,2.48,36.9,17.64,0.7,100.68,101240.0,100680.0
2023-10-14,101.2,81.34,27.58,30.19,25.23,-1.25,-1.47,2.25,40.3,18.68,3.96,100.64,101200.0,100640.0
2023-10-15,101.04,83.92,27.34,29.62,25.29,-0.68,-1.21,2.03,29.5,19.07,0.86,100.49,101040.0,100490.0
2023-10-16,101.07,82.46,27.73,30.37,25.89,-2.55,-0.44,2.61,80.2,19.11,0.7,100.51,101070.0,100510.0
2023-10-17,101.15,79.77,27.83,31.03,25.74,-2.74,-1.75,3.29,57.5,18.55,0.24,100.59,101150.0,100590.0
2023-10-18,101.23,75.35,27.73,31.17,25.03,-2.62,-2.07,3.4,51.7,17.37,0.01,100.67,101230.0,100670.0
2023-10-19,101.22,77.26,27.62,31.06,24.71,-1.94,-2.08,3.05,43.0,17.71,0.0,100.66,101220.0,100660.0
2023-10-20,101.21,78.06,27.65,31.15,24.97,-1.93,-1.8,2.76,47.0,17.93,0.26,100.65,101210.0,100650.0
2023-10-21,101.19,81.5,27.74,31.78,25.09,-1.85,-3.34,4.06,28.9,18.84,7.89,100.63,101190.0,100630.0
2023-10-22,101.2,79.91,27.78,31.05,25.31,-2.29,-3.12,3.98,36.3,18.48,0.46,100.64,101200.0,100640.0
2023-10-23,101.11,68.17,27.41,31.69,24.54,-0.3,-1.83,3.11,9.4,15.17,0.01,100.55,101110.0,100550.0
2023-10-24,101.14,69.26,27.22,31.21,23.63,-0.53,0.48,2.18,132.0,15.39,0.0,100.58,101140.0,100580.0
2023-10-25,101.22,71.58,27.61,32.01,23.72,-0.3,-0.48,2.51,32.4,16.21,0.01,100.67,101220.0,100670.0
2023-10-26,101.24,76.89,27.34,31.14,23.58,-1.07,-1.79,2.84,30.9,17.32,0.01,100.68,101240.0,100680.0
2023-10-27,101.15,78.88,27.55,31.1,24.78,-2.24,-1.67,3.08,53.3,18.0,0.03,100.59,101150.0,100590.0
2023-10-28,101.14,78.68,27.89,31.36,25.63,-2.49,-0.47,2.56,79.3,18.32,1.34,100.59,101140.0,100590.0
2023-10-29,101.13,83.19,27.43,29.82,25.58,-2.54,-0.09,2.79,87.9,18.95,7.24,100.57,101130.0,100570.0
2023-10-30,101.15,85.25,26.63,28.24,25.4,-2.6,0.9,2.84,109.1,18.58,8.84,100.59,101150.0,100590.0
2023-10-31,101.18,80.58,27.41,29.64,25.69,-3.06,-2.96,4.28,45.9,18.34,1.3,100.62,101180.0,100620.0
2023-11-01,101.14,83.84,27.75,30.48,25.95,-3.11,-3.44,4.78,42.1,19.49,5.87,100.59,101140.0,100590.0
2023-11-02,101.08,82.65,27.78,30.41,25.75,-2.53,-2.19,3.41,49.1,19.19,5.84,100.52,101080.0,100520.0
2023-11-03,100.97,88.05,26.99,28.5,25.76,-2.12,-1.05,2.43,63.7,19.64,18.86,100.42,100970.0,100420.0
2023-11-04,100.99,86.19,26.95,29.39,25.5,-2.99,0.31,3.05,95.9,19.14,24.68,100.43,100990.0,100430.0
2023-11-05,101.14,85.35,26.7,28.94,25.09,-1.15,1.14,1.78,134.7,18.64,9.19,100.59,101140.0,100590.0
2023-11-06,101.23,83.1,27.14,29.79,25.52,-1.38,-1.05,1.9,52.9,18.59,8.74,100.68,101230.0,100680.0
2023-11-07,101.19,85.91,26.96,29.26,25.13,-2.45,-1.65,3.03,56.0,19.06,4.44,100.64,101190.0,100640.0
2023-11-08,101.18,86.15,26.76,28.73,25.37,-2.29,-1.37,2.75,59.1,18.89,5.75,100.63,101180.0,100630.0
2023-11-09,101.24,87.36,26.59,28.62,24.84,-1.68,-1.98,2.72,40.2,18.96,12.07,100.69,101240.0,100690.0
2023-11-10,101.36,83.34,27.06,29.71,25.16,-3.06,-2.57,4.02,50.0,18.55,1.73,100.8,101360.0,100800.0
2023-11-11,101.38,78.08,26.6,29.75,23.95,-3.2,-3.07,4.46,46.2,16.86,0.01,100.83,101380.0,100830.0
2023-11-12,101.36,75.52,26.87,30.09,24.61,-3.26,-3.52,4.83,42.8,16.56,0.03,100.8,101360.0,100800.0
2023-11-13,101.28,81.36,27.06,29.93,24.89,-3.4,-4.24,5.47,38.7,18.13,5.77,100.72,101280.0,100720.0
2023-11-14,101.19,88.39,26.14,27.41,25.21,-1.94,-4.98,5.38,21.3,18.72,40.48,100.63,101190.0,100630.0
2023-11-15,101.08,90.77,26.13,27.83,25.14,-1.08,-5.51,5.64,11.1,19.25,10.98,100.52,101080.0,100520.0
2023-11-16,101.14,84.68,26.8,30.05,24.58,-1.2,-4.25,4.61,15.7,18.56,3.49,100.58,101140.0,100580.0
2023-11-17,101.17,85.04,26.74,30.04,24.05,-1.39,-3.89,4.28,19.7,18.55,0.9,100.62,101170.0,100620.0
2023-11-18,101.18,84.42,27.01,30.13,25.18,-2.84,-4.16,5.13,34.3,18.75,0.76,100.63,101180.0,100630.0
2023-11-19,101.2,84.85,27.0,29.7,25.15,-3.2,-3.99,5.13,38.7,18.84,0.38,100.64,101200.0,100640.0
2023-11-20,101.11,90.63,26.57,27.89,25.82,-1.56,-4.95,5.46,17.5,19.73,18.5,100.55,101110.0,100550.0
2023-11-21,101.09,86.09,27.01,29.29,25.48,-3.41,-0.22,3.6,86.3,19.18,14.95,100.53,101090.0,100530.0
2023-11-22,101.1,85.57,26.8,28.73,25.29,-2.69,-0.35,2.9,82.7,18.82,11.15,100.55,101100.0,100550.0
2023-11-23,101.01,86.25,26.93,29.55,24.93,-1.28,-0.77,1.8,59.1,19.12,11.14,100.45,101010.0,100450.0
2023-11-24,101.05,89.94,26.66,28.3,25.35,-3.35,-1.05,3.52,72.5,19.67,14.33,100.5,101050.0,100500.0
2023-11-25,101.19,86.08,26.91,29.03,25.58,-3.71,-2.96,4.77,51.4,19.05,11.86,100.64,101190.0,100640.0
2023-11-26,101.28,85.85,26.71,29.23,25.06,-3.72,-3.3,5.02,48.5,18.75,7.68,100.72,101280.0,100720.0
2023-11-27,101.18,86.53,26.82,29.22,25.23,-3.41,-2.0,3.99,59.7,19.05,18.5,100.62,101180.0,100620.0
2023-11-28,101.06,85.59,26.89,29.42,25.19,-3.59,-2.36,4.33,56.6,18.93,14.1,100.5,101060.0,100500.0
2023-11-29,101.1,87.08,26.36,28.62,24.74,-3.5,-1.39,3.8,68.3,18.66,45.11,100.54,101100.0,100540.0
2023-11-30,101.16,88.69,26.02,28.56,24.31,-2.96,-2.24,3.75,52.9,18.63,19.95,100.6,101160.0,100600.0
2023-12-01,101.05,86.66,26.32,28.63,24.78,-2.55,-4.28,5.04,30.8,18.56,13.28,100.49,101050.0,100490.0
2023-12-02,100.86,88.14,26.38,28.46,24.9,-2.69,-6.28,6.97,23.2,19.02,35.1,100.31,100860.0,100310.0
2023-12-03,100.67,90.4,26.28,27.92,25.15,-1.82,-8.49,8.93,12.1,19.43,50.09,100.12,100670.0,100120.0
2023-12-04,100.15,89.68,24.8,26.13,23.62,9.69,-7.02,14.75,305.9,17.74,187.88,99.6,100150.0,99600.0
2023-12-05,100.55,86.3,25.84,29.99,23.43,2.92,4.52,5.96,212.8,18.04,2.58,100.0,100550.0,100000.0
2023-12-06,100.9,87.78,27.07,30.09,24.59,-0.72,1.2,2.22,149.0,19.64,1.83,100.35,100900.0,100350.0
2023-12-07,101.02,87.08,27.07,29.72,25.27,-1.8,0.27,2.14,98.5,19.45,1.35,100.47,101020.0,100470.0
2023-12-08,101.12,89.08,26.38,28.68,24.81,-3.12,-2.34,3.92,53.2,19.12,0.69,100.57,101120.0,100570.0
2023-12-09,101.22,86.13,26.1,28.51,24.49,-2.51,-3.9,4.65,32.7,18.16,0.34,100.67,101220.0,100670.0
2023-12-10,101.21,84.14,25.51,28.43,23.41,-2.11,-3.9,4.44,28.5,17.09,0.07,100.65,101210.0,100650.0
2023-12-11,101.24,84.5,25.1,28.35,22.59,-2.13,-3.6,4.22,30.6,16.75,0.08,100.68,101240.0,100680.0
2023-12-12,101.18,81.09,24.49,27.44,22.38,-2.37,-3.29,4.08,35.7,15.5,0.12,100.62,101180.0,100620.0
2023-12-13,101.25,77.51,24.29,27.67,21.61,-2.52,-3.76,4.57,33.8,14.62,0.02,100.68,101250.0,100680.0
2023-12-14,101.36,80.25,24.53,27.33,22.29,-2.43,-4.63,5.24,27.7,15.38,0.03,100.79,101360.0,100790.0
2023-12-15,101.32,88.2,25.18,27.46,23.39,-3.19,-4.6,5.7,34.7,17.63,7.0,100.76,101320.0,100760.0
2023-12-16,101.22,86.69,25.99,28.6,24.68,-4.87,-3.16,5.83,57.0,18.15,1.85,100.67,101220.0,100670.0
2023-12-17,101.27,83.44,25.5,27.88,24.0,-4.44,-3.18,5.47,54.3,16.96,0.13,100.71,101270.0,100710.0
2023-12-18,101.38,81.4,25.15,27.5,23.77,-4.18,-3.86,5.69,47.3,16.18,0.04,100.82,101380.0,100820.0
2023-12-19,101.42,81.44,24.75,27.37,23.29,-3.54,-4.29,5.58,39.5,15.78,0.01,100.86,101420.0,100860.0
2023-12-20,101.43,82.83,24.69,27.55,22.69,-2.7,-4.55,5.31,30.6,16.0,0.01,100.87,101430.0,100870.0
2023-12-21,101.4,83.89,24.69,27.34,22.94,-2.68,-3.79,4.66,35.3,16.22,0.02,100.85,101400.0,100850.0
2023-12-22,101.41,80.25,24.23,27.73,21.58,-2.17,-2.96,3.69,36.3,15.03,0.0,100.85,101410.0,100850.0
2023-12-23,101.5,77.38,23.75,27.3,20.91,-2.33,-2.51,3.47,42.9,14.06,0.0,100.94,101500.0,100940.0
2023-12-24,101.57,84.37,24.62,27.85,21.93,-2.09,-4.9,5.4,23.1,16.24,0.01,101.01,101570.0,101010.0
2023-12-25,101.51,85.29,25.17,28.34,22.71,-2.78,-4.52,5.39,31.6,16.93,0.02,100.95,101510.0,100950.0
2023-12-26,101.53,82.05,24.53,28.04,22.04,-2.85,-3.67,4.65,37.8,15.64,0.0,100.96,101530.0,100960.0
2023-12-27,101.55,80.46,24.45,27.62,22.2,-2.73,-4.44,5.21,31.6,15.25,0.02,100.99,101550.0,100990.0
2023-12-28,101.46,84.87,25.1,28.4,22.95,-2.89,-4.25,5.2,34.3,16.79,0.15,100.9,101460.0,100900.0
2023-12-29,101.49,84.25,25.2,28.4,23.22,-3.34,-3.95,5.25,40.2,16.74,0.21,100.93,101490.0,100930.0
2023-12-30,101.46,80.46,24.34,27.58,21.97,-2.8,-3.32,4.36,40.2,15.14,0.01,100.9,101460.0,100900.0
2023-12-31,101.42,77.83,24.46,27.79,21.96,-2.83,-2.57,3.85,47.8,14.78,0.01,100.87,101420.0,100870.0
2024-01-01,101.44,77.47,24.34,27.64,22.04,-2.35,-2.63,3.59,41.7,14.62,0.23,100.88,101440.0,100880.0
2024-01-02,101.37,77.42,24.28,27.54,21.47,-3.01,-2.5,3.94,50.2,14.56,0.04,100.81,101370.0,100810.0
2024-01-03,101.31,81.63,24.57,27.71,22.4,-3.25,-2.57,4.18,51.6,15.64,1.01,100.74,101310.0,100740.0
2024-01-04,101.29,80.49,25.06,28.04,22.8,-3.16,-2.28,3.94,54.1,15.9,2.55,100.72,101290.0,100720.0
2024-01-05,101.28,80.22,25.03,27.96,23.35,-3.03,-3.02,4.33,45.1,15.8,1.07,100.72,101280.0,100720.0
2024-01-06,101.28,81.29,25.18,28.26,23.24,-3.0,-4.01,5.05,36.8,16.16,2.85,100.72,101280.0,100720.0
2024-01-07,101.3,87.52,24.68,26.71,23.52,-3.86,-5.15,6.51,36.9,16.96,40.16,100.74,101300.0,100740.0
2024-01-08,101.38,83.75,25.39,27.98,23.72,-4.63,-3.11,5.71,56.2,16.87,8.1,100.82,101380.0,100820.0
2024-01-09,101.4,80.62,25.29,28.05,23.68,-4.43,-3.08,5.4,55.2,16.13,0.68,100.84,101400.0,100840.0
2024-01-10,101.38,79.34,24.91,27.76,22.99,-3.5,-2.81,4.51,51.2,15.53,0.02,100.82,101380.0,100820.0
2024-01-11,101.4,80.75,24.61,27.73,22.37,-3.24,-3.13,4.51,46.0,15.48,0.0,100.84,101400.0,100840.0
2024-01-12,101.4,81.21,25.09,28.17,22.79,-3.46,-2.32,4.18,56.2,16.04,0.0,100.84,101400.0,100840.0
2024-01-13,101.45,83.2,24.89,27.96,22.51,-2.56,-2.62,3.68,44.3,16.23,0.0,100.89,101450.0,100890.0
2024-01-14,101.38,83.35,24.31,28.08,21.61,-2.04,-2.18,3.16,43.1,15.62,0.0,100.82,101380.0,100820.0
2024-01-15,101.37,80.62,24.4,28.33,21.77,-2.46,-1.11,2.75,65.7,15.19,0.0,100.8,101370.0,100800.0
2024-01-16,101.26,75.78,23.97,27.88,21.39,-2.87,0.06,2.88,91.1,13.92,0.0,100.7,101260.0,100700.0
2024-01-17,101.2,74.92,24.11,27.78,21.39,-2.09,0.31,2.21,98.6,13.97,0.0,100.64,101200.0,100640.0
2024-01-18,101.28,76.36,24.49,28.16,21.61,-2.23,-0.67,2.35,73.3,14.52,0.0,100.71,101280.0,100710.0
2024-01-19,101.29,81.61,25.01,28.71,22.17,-2.59,-1.5,3.06,59.9,16.05,0.01,100.73,101290.0,100730.0
2024-01-20,101.39,81.47,24.89,28.41,22.33,-3.3,-1.76,3.74,62.0,15.85,0.0,100.83,101390.0,100830.0
2024-01-21,101.42,78.16,24.68,28.59,21.79,-2.68,-0.5,2.82,79.4,14.98,0.0,100.86,101420.0,100860.0
2024-01-22,101.5,78.55,24.93,28.7,22.55,-2.68,0.57,2.76,102.1,15.31,0.0,100.94,101500.0,100940.0
2024-01-23,101.44,79.42,24.96,28.3,22.6,-2.75,1.39,3.12,116.7,15.53,0.0,100.88,101440.0,100880.0
2024-01-24,101.4,77.54,25.06,28.99,22.43,-1.83,2.43,3.09,142.9,15.2,0.0,100.84,101400.0,100840.0
2024-01-25,101.5,76.96,25.07,28.94,22.28,-2.52,1.17,3.06,114.9,15.1,0.0,100.94,101500.0,100940.0
2024-01-26,101.7,79.5,24.64,28.1,22.31,-3.31,-1.52,3.73,65.4,15.19,0.02,101.13,101700.0,101130.0
2024-01-27,101.7,82.07,24.82,28.38,22.21,-3.45,-2.7,4.4,52.0,15.84,0.05,101.13,101700.0,101130.0
2024-01-28,101.65,80.17,24.73,28.34,22.0,-3.67,-2.47,4.43,56.0,15.38,0.0,101.08,101650.0,101080.0
2024-01-29,101.59,75.11,24.16,28.39,20.95,-3.09,-3.27,4.52,43.4,13.86,0.0,101.02,101590.0,101020.0
2024-01-30,101.49,80.26,24.13,28.26,20.29,-2.26,-2.24,3.29,45.3,14.86,0.0,100.93,101490.0,100930.0
2024-01-31,101.43,78.98,25.19,29.31,21.65,-2.46,-0.9,2.81,69.9,15.58,0.0,100.87,101430.0,100870.0
2024-02-01,101.42,80.4,26.1,29.89,23.35,-2.22,0.06,2.3,91.7,16.77,0.02,100.86,101420.0,100860.0
2024-02-02,101.38,79.65,26.56,30.15,24.15,-2.72,0.66,2.86,103.7,17.06,0.02,100.82,101380.0,100820.0
2024-02-03,101.46,77.72,26.23,30.54,23.31,-3.02,-0.84,3.21,74.5,16.25,0.0,100.9,101460.0,100900.0
2024-02-04,101.62,76.29,25.56,30.05,22.66,-3.05,-0.97,3.25,72.4,15.25,0.0,101.06,101620.0,101060.0
2024-02-05,101.65,77.48,25.42,30.09,22.29,-3.03,-1.29,3.34,67.0,15.34,0.0,101.09,101650.0,101090.0
2024-02-06,101.59,77.52,25.28,29.88,22.09,-2.71,-0.87,2.96,72.1,15.28,0.0,101.03,101590.0,101030.0
2024-02-07,101.53,75.18,25.35,30.55,21.27,-2.18,-0.92,2.58,67.1,14.82,0.0,100.98,101530.0,100980.0
2024-02-08,101.43,77.01,25.48,31.24,21.05,-1.86,-0.35,2.52,79.4,15.24,0.0,100.88,101430.0,100880.0
2024-02-09,101.52,78.03,25.84,30.52,22.46,-2.35,-0.78,2.58,71.5,15.91,0.0,100.96,101520.0,100960.0
2024-02-10,101.64,78.56,26.17,30.33,23.15,-3.88,-1.0,4.01,75.5,16.35,0.0,101.08,101640.0,101080.0
2024-02-11,101.71,75.23,25.8,29.79,22.83,-3.89,-1.87,4.4,64.4,15.32,0.0,101.15,101710.0,101150.0
2024-02-12,101.65,73.01,25.5,30.31,22.35,-3.65,-2.19,4.33,59.0,14.48,0.0,101.09,101650.0,101090.0
2024-02-13,101.59,78.03,26.01,30.27,22.75,-3.56,-2.21,4.21,58.2,16.13,0.0,101.02,101590.0,101020.0
2024-02-14,101.5,74.59,26.1,30.47,22.93,-3.79,-1.95,4.29,62.8,15.4,0.0,100.94,101500.0,100940.0
2024-02-15,101.51,73.76,25.65,30.54,22.2,-3.79,-1.73,4.21,65.5,14.79,0.0,100.95,101510.0,100950.0
2024-02-16,101.52,74.93,25.85,30.64,22.2,-3.75,-2.71,4.64,54.1,15.27,0.0,100.96,101520.0,100960.0
2024-02-17,101.38,74.64,25.81,31.12,22.16,-3.26,-2.49,4.19,52.5,15.02,0.0,100.82,101380.0,100820.0
2024-02-18,101.32,71.31,25.97,31.59,22.17,-2.8,0.22,2.96,94.4,14.31,0.0,100.76,101320.0,100760.0
2024-02-19,101.35,70.53,26.67,31.89,22.96,-2.74,1.42,3.11,117.4,14.92,0.0,100.79,101350.0,100790.0
2024-02-20,101.31,68.57,26.95,32.56,23.53,-2.09,1.57,2.78,126.9,14.6,0.0,100.75,101310.0,100750.0
2024-02-21,101.18,70.2,26.98,32.82,22.33,-1.17,2.85,3.45,157.7,14.99,0.0,100.62,101180.0,100620.0
2024-02-22,101.16,72.86,27.77,32.92,24.17,-1.17,3.92,4.33,163.4,16.55,0.0,100.61,101160.0,100610.0
2024-02-23,101.11,76.63,28.41,33.44,25.26,-1.17,4.01,4.65,163.8,18.14,0.01,100.56,101110.0,100560.0
2024-02-24,101.16,75.11,28.0,32.31,25.49,-2.42,3.17,4.05,142.7,17.45,0.0,100.61,101160.0,100610.0
2024-02-25,101.17,74.06,27.35,31.92,24.9,-3.42,1.12,3.73,108.1,16.51,0.0,100.62,101170.0,100620.0
2024-02-26,101.26,72.45,27.31,31.8,24.34,-4.74,-1.07,4.9,77.2,16.12,0.0,100.7,101260.0,100700.0
2024-02-27,101.32,72.99,27.15,31.67,24.13,-3.99,-2.4,4.66,59.0,16.06,0.0,100.76,101320.0,100760.0
2024-02-28,101.24,70.5,26.59,32.24,22.53,-3.15,-2.08,3.88,56.6,14.75,0.0,100.68,101240.0,100680.0
2024-02-29,101.27,68.36,27.01,33.06,21.88,-2.62,-0.8,3.02,73.1,14.6,0.0,100.71,101270.0,100710.0
2024-03-01,101.37,67.99,27.48,33.31,23.4,-3.04,-0.48,3.14,81.1,14.78,0.0,100.81,101370.0,100810.0
2024-03-02,101.27,65.42,27.65,33.86,23.36,-2.1,1.49,2.73,125.3,14.3,0.0,100.71,101270.0,100710.0
2024-03-03,101.21,66.14,27.46,33.59,23.68,-2.77,1.5,3.19,118.3,14.38,0.0,100.65,101210.0,100650.0
2024-03-04,101.2,66.98,27.14,32.95,22.77,-2.58,1.46,3.2,119.5,14.52,0.0,100.64,101200.0,100640.0
2024-03-05,101.2,66.59,27.56,33.91,22.84,-2.17,0.81,2.84,110.4,14.6,0.0,100.65,101200.0,100650.0
2024-03-06,101.17,66.87,27.74,34.24,22.71,-1.23,1.52,2.87,141.1,14.73,0.0,100.62,101170.0,100620.0
2024-03-07,101.11,65.88,27.87,34.37,23.05,-1.23,2.68,3.49,155.4,14.68,0.0,100.56,101110.0,100560.0
2024-03-08,101.13,67.66,27.96,33.85,23.18,-0.63,3.68,4.34,170.2,15.2,0.0,100.58,101130.0,100580.0
2024-03-09,101.16,67.63,28.49,34.9,23.77,-1.86,2.02,3.93,137.3,15.61,0.0,100.61,101160.0,100610.0
2024-03-10,101.33,67.62,28.55,34.4,24.62,-2.5,1.49,3.64,120.9,15.86,0.0,100.78,101330.0,100780.0
2024-03-11,101.43,68.19,28.76,34.61,24.77,-2.79,1.75,3.6,122.1,16.14,0.01,100.88,101430.0,100880.0
2024-03-12,101.33,66.64,28.95,35.42,24.09,-1.12,2.77,3.52,157.9,15.82,0.0,100.78,101330.0,100780.0
2024-03-13,101.19,64.06,29.33,36.06,24.05,-0.7,4.32,4.88,170.8,15.43,0.0,100.64,101190.0,100640.0
2024-03-14,101.18,62.11,29.38,35.71,25.17,-1.25,3.66,4.58,161.2,15.07,0.0,100.63,101180.0,100630.0
2024-03-15,101.12,65.0,28.98,34.89,24.98,-1.63,3.49,4.22,155.0,15.63,0.0,100.57,101120.0,100570.0
2024-03-16,101.2,69.5,29.0,34.83,25.07,-1.75,3.58,4.43,153.9,16.72,0.0,100.65,101200.0,100650.0
2024-03-17,101.21,65.29,29.02,35.15,24.24,-2.64,2.67,3.87,135.4,15.48,0.0,100.65,101210.0,100650.0
2024-03-18,101.14,63.23,29.04,35.55,23.86,-2.21,2.55,3.55,139.1,14.94,0.0,100.59,101140.0,100590.0
2024-03-19,101.11,62.8,29.06,35.41,24.34,-3.08,2.01,3.88,123.2,14.94,0.0,100.55,101110.0,100550.0
2024-03-20,101.14,67.19,28.56,34.18,23.91,-3.39,2.22,4.22,123.2,15.85,0.0,100.59,101140.0,100590.0
2024-03-21,101.17,66.99,29.23,33.77,25.92,-4.49,-0.33,4.52,85.9,16.64,0.02,100.61,101170.0,100610.0
2024-03-22,100.98,64.87,29.56,34.88,25.79,-3.6,0.21,3.69,93.3,16.28,0.0,100.43,100980.0,100430.0
2024-03-23,100.97,64.19,29.25,35.72,24.21,-2.71,1.98,3.62,126.2,15.43,0.0,100.41,100970.0,100410.0
2024-03-24,101.14,64.0,29.34,35.87,24.32,-3.12,2.59,4.24,129.7,15.42,0.0,100.59,101140.0,100590.0
2024-03-25,101.17,60.89,29.39,35.69,24.63,-3.49,1.67,3.9,115.6,14.67,0.0,100.62,101170.0,100620.0
2024-03-26,101.24,55.98,29.14,36.11,23.8,-2.95,2.37,4.01,128.7,13.0,0.0,100.68,101240.0,100680.0
2024-03-27,101.36,53.68,29.3,36.6,23.6,-2.38,2.12,3.64,131.8,12.68,0.0,100.81,101360.0,100810.0
2024-03-28,101.18,56.08,30.12,37.38,23.8,-1.84,2.28,3.2,141.1,13.89,0.0,100.62,101180.0,100620.0
2024-03-29,101.06,61.32,30.39,37.05,25.09,-1.75,3.5,4.23,153.4,15.71,0.0,100.51,101060.0,100510.0
2024-03-30,101.17,57.79,30.17,37.12,24.9,-2.14,3.01,4.02,144.7,14.43,0.0,100.62,101170.0,100620.0
2024-03-31,101.22,61.77,30.04,36.91,24.36,-1.93,2.78,3.68,145.2,15.37,0.0,100.67,101220.0,100670.0
2024-04-01,100.99,64.24,30.65,37.33,25.7,-1.47,2.71,3.46,151.5,16.75,0.0,100.44,100990.0,100440.0
2024-04-02,100.84,63.11,30.71,38.07,25.0,-0.92,2.83,3.64,162.0,16.19,0.0,100.29,100840.0,100290.0
2024-04-03,100.9,66.31,30.49,37.22,25.64,-0.95,4.27,4.81,167.4,17.12,0.0,100.35,100900.0,100350.0
2024-04-04,100.92,61.89,30.88,38.08,25.34,-0.83,3.75,4.14,167.5,15.94,0.0,100.37,100920.0,100370.0
2024-04-05,100.85,58.27,31.29,38.65,24.77,-0.53,3.27,3.63,170.8,15.36,0.0,100.3,100850.0,100300.0
2024-04-06,100.71,57.48,31.85,39.04,25.82,-0.64,3.73,4.29,170.3,15.87,0.0,100.17,100710.0,100170.0
2024-04-07,100.71,58.15,31.75,38.66,26.83,-1.08,3.88,4.31,164.4,15.85,0.0,100.16,100710.0,100160.0
2024-04-08,100.88,65.34,30.84,38.04,25.38,-2.43,3.09,4.9,141.8,17.12,0.0,100.33,100880.0,100330.0
2024-04-09,100.99,63.48,30.85,36.86,26.29,-4.01,0.54,4.26,97.7,16.88,0.0,100.43,100990.0,100430.0
2024-04-10,100.98,63.93,30.95,36.47,26.97,-3.54,0.02,3.71,90.3,17.33,0.0,100.43,100980.0,100430.0
2024-04-11,101.01,60.35,31.41,37.31,26.81,-3.59,0.26,3.63,94.2,16.66,0.03,100.46,101010.0,100460.0
2024-04-12,101.01,61.52,31.39,37.1,27.31,-4.37,0.63,4.42,98.3,16.98,0.05,100.45,101010.0,100450.0
2024-04-13,101.0,59.2,31.33,37.09,27.02,-3.48,0.49,3.56,98.0,16.22,0.06,100.44,101000.0,100440.0
2024-04-14,101.04,59.78,31.25,37.03,26.93,-3.51,0.26,3.59,94.3,16.26,0.04,100.48,101040.0,100480.0
2024-04-15,101.07,58.94,31.41,37.65,26.35,-2.51,1.57,3.19,122.0,16.09,0.0,100.52,101070.0,100520.0
2024-04-16,100.95,59.97,31.61,37.96,25.97,-1.47,3.32,4.01,156.2,16.42,0.0,100.4,100950.0,100400.0
2024-04-17,100.81,60.26,32.22,38.75,27.15,-0.91,4.52,5.19,168.6,17.18,0.0,100.27,100810.0,100270.0
2024-04-18,100.64,63.08,32.5,39.25,27.89,-0.63,4.57,5.38,172.1,18.45,0.0,100.1,100640.0,100100.0
2024-04-19,100.51,64.21,32.59,39.36,28.4,-0.95,4.9,5.58,169.0,18.87,0.0,99.97,100510.0,99970.0
2024-04-20,100.56,65.69,32.29,39.03,27.93,-1.3,3.86,4.89,161.4,18.92,0.01,100.02,100560.0,100020.0
2024-04-21,100.66,65.82,32.18,38.41,27.57,-1.6,3.3,4.16,154.2,18.93,0.01,100.12,100660.0,100120.0
2024-04-22,100.73,64.6,32.05,38.69,27.15,-1.21,3.4,4.2,160.5,18.2,0.0,100.18,100730.0,100180.0
2024-04-23,100.69,60.03,31.95,38.42,27.29,-1.96,3.34,4.22,149.6,16.78,0.0,100.15,100690.0,100150.0
2024-04-24,100.63,59.06,32.32,39.36,26.12,-1.38,2.92,3.98,154.7,16.73,0.0,100.08,100630.0,100080.0
2024-04-25,100.62,58.56,32.51,38.67,27.7,-1.58,2.69,3.49,149.6,17.15,0.0,100.08,100620.0,100080.0
2024-04-26,100.64,57.77,32.34,38.76,27.53,-1.72,3.27,4.14,152.3,16.66,0.0,100.09,100640.0,100090.0
2024-04-27,100.67,56.99,32.01,38.7,26.74,-2.49,1.97,3.52,128.4,15.95,0.0,100.12,100670.0,100120.0
2024-04-28,100.69,57.51,32.16,39.23,26.56,-1.72,2.78,3.78,148.2,16.17,0.0,100.15,100690.0,100150.0
2024-04-29,100.77,59.37,32.14,39.33,26.65,-1.5,2.59,3.65,149.9,16.56,0.0,100.22,100770.0,100220.0
2024-04-30,100.64,59.07,32.17,39.58,26.37,-0.6,4.15,4.73,171.8,16.49,0.0,100.1,100640.0,100100.0
2024-05-01,100.38,61.59,33.78,41.06,28.23,-0.29,5.13,5.69,176.8,19.27,0.01,99.84,100380.0,99840.0
2024-05-02,100.39,62.58,33.83,40.05,29.56,0.28,5.84,6.17,182.8,19.87,0.01,99.85,100390.0,99850.0
2024-05-03,100.5,60.39,33.53,38.85,29.89,-0.18,5.68,6.08,178.1,19.08,0.03,99.96,100500.0,99960.0
2024-05-04,100.56,63.57,33.14,39.08,29.47,-0.52,5.39,5.89,174.5,19.64,0.86,100.02,100560.0,100020.0
2024-05-05,100.44,63.15,33.5,39.65,29.48,0.0,6.26,6.72,180.0,19.81,0.29,99.9,100440.0,99900.0
2024-05-06,100.53,64.07,33.43,39.47,29.77,-0.53,5.72,6.14,174.7,20.16,0.64,99.99,100530.0,99990.0
2024-05-07,100.76,67.03,32.48,37.26,29.78,-1.65,4.19,5.16,158.5,20.12,2.35,100.21,100760.0,100210.0
2024-05-08,100.75,67.79,31.53,36.16,28.43,-2.53,1.77,3.26,125.0,19.16,4.73,100.21,100750.0,100210.0
2024-05-09,100.75,67.06,31.37,35.92,28.18,-2.82,2.6,3.94,132.7,18.88,0.83,100.2,100750.0,100200.0
2024-05-10,100.8,65.08,31.75,36.43,28.59,-2.71,2.98,4.3,137.7,18.7,0.98,100.25,100800.0,100250.0
2024-05-11,100.89,66.29,31.72,35.77,29.09,-2.12,3.52,4.25,149.0,19.12,0.31,100.35,100890.0,100350.0
2024-05-12,100.88,65.15,31.54,35.15,28.46,-1.91,3.0,3.72,147.5,18.62,0.41,100.33,100880.0,100330.0
2024-05-13,100.84,65.51,31.32,34.89,28.51,-2.75,1.28,3.27,114.9,18.56,0.64,100.29,100840.0,100290.0
2024-05-14,100.83,65.17,31.12,34.54,28.78,-2.17,1.2,2.73,118.8,18.27,0.59,100.28,100830.0,100280.0
2024-05-15,100.85,63.61,31.48,36.26,28.29,-2.96,0.32,3.42,96.2,17.99,0.4,100.31,100850.0,100310.0
2024-05-16,100.84,76.75,28.92,30.53,26.68,-0.71,-1.56,2.94,24.4,19.15,7.7,100.29,100840.0,100290.0
2024-05-17,100.72,70.49,29.78,34.33,26.37,-0.06,2.15,3.15,178.4,18.18,2.99,100.17,100720.0,100170.0
2024-05-18,100.59,72.19,30.2,33.8,27.28,-1.61,1.95,3.06,140.5,19.22,1.74,100.04,100590.0,100040.0
2024-05-19,100.41,70.55,30.71,34.89,27.59,-1.66,1.42,2.5,130.4,19.23,2.76,99.86,100410.0,99860.0
2024-05-20,100.42,74.04,30.12,32.81,28.34,-2.58,0.34,2.75,97.6,19.74,4.13,99.87,100420.0,99870.0
2024-05-21,100.4,74.55,30.2,33.5,27.87,-1.99,0.33,2.62,99.5,19.94,1.98,99.85,100400.0,99850.0
2024-05-22,100.26,70.72,30.97,34.94,27.8,-1.94,-1.45,2.95,53.2,19.66,0.73,99.72,100260.0,99720.0
2024-05-23,100.14,71.27,31.09,35.6,28.1,-0.44,0.8,2.75,151.2,19.92,0.34,99.59,100140.0,99590.0
2024-05-24,100.04,67.1,31.75,36.44,28.05,-0.1,3.14,3.78,178.2,19.34,0.03,99.5,100040.0,99500.0
2024-05-25,100.09,64.34,31.53,36.31,28.66,3.79,0.46,4.92,263.1,18.46,1.18,99.54,100090.0,99540.0
2024-05-26,100.05,56.5,33.33,39.16,27.76,3.04,1.5,3.69,243.7,17.7,0.05,99.51,100050.0,99510.0
2024-05-27,100.06,54.07,34.14,39.75,29.3,3.71,1.01,4.19,254.8,17.91,0.01,99.52,100060.0,99520.0
2024-05-28,100.17,53.24,33.79,38.53,30.02,3.29,0.43,3.75,262.5,17.23,0.01,99.62,100170.0,99620.0
2024-05-29,100.14,49.91,34.6,40.94,29.33,2.3,1.51,3.47,236.8,16.59,0.01,99.6,100140.0,99600.0
2024-05-30,100.18,54.25,34.53,40.01,30.45,0.83,1.84,3.46,204.3,18.2,0.26,99.63,100180.0,99630.0
2024-05-31,100.21,58.58,34.06,39.22,30.57,0.52,1.55,4.0,198.6,19.09,0.29,99.67,100210.0,99670.0
2024-06-01,100.34,65.18,33.33,37.33,30.2,0.54,1.74,3.02,197.1,20.64,6.81,99.8,100340.0,99800.0
2024-06-02,100.65,74.94,29.65,31.31,27.87,0.72,0.53,3.04,233.7,19.51,12.36,100.1,100650.0,100100.0
2024-06-03,100.65,73.79,29.58,32.78,27.19,0.31,1.66,2.61,190.5,18.93,1.7,100.1,100650.0,100100.0
2024-06-04,100.68,75.36,30.56,34.12,27.6,1.04,3.09,3.47,198.6,20.46,5.73,100.13,100680.0,100130.0
2024-06-05,100.73,81.18,29.74,32.29,27.86,1.86,2.22,3.09,220.1,21.19,22.77,100.18,100730.0,100180.0
2024-06-06,100.79,85.94,28.47,29.96,27.35,1.11,3.14,3.46,199.5,20.94,13.65,100.24,100790.0,100240.0
2024-06-07,100.72,77.28,28.78,31.8,26.27,1.28,3.22,4.17,201.6,18.98,11.92,100.16,100720.0,100160.0
2024-06-08,100.59,72.86,30.3,35.03,26.88,2.39,4.73,5.45,206.8,19.32,4.97,100.04,100590.0,100040.0
2024-06-09,100.53,73.69,29.9,33.93,26.69,3.0,4.1,5.17,216.2,19.2,2.93,99.98,100530.0,99980.0
2024-06-10,100.54,66.07,30.54,35.6,26.11,5.14,2.4,5.85,245.0,17.64,1.81,99.99,100540.0,99990.0
2024-06-11,100.64,66.51,29.07,33.5,26.13,4.45,-0.14,4.81,271.8,16.44,4.55,100.09,100640.0,100090.0
2024-06-12,100.75,69.65,28.93,33.34,25.6,4.48,-1.11,4.82,283.9,17.17,6.39,100.2,100750.0,100200.0
2024-06-13,100.68,65.37,30.14,35.77,25.78,3.74,0.24,4.03,266.3,17.05,1.3,100.13,100680.0,100130.0
2024-06-14,100.6,61.42,29.67,33.88,25.46,4.67,-0.14,4.83,271.8,15.71,0.07,100.06,100600.0,100060.0
2024-06-15,100.53,62.99,30.09,35.65,24.79,2.71,-1.07,3.62,291.6,16.41,0.96,99.98,100530.0,99980.0
2024-06-16,100.52,68.94,30.79,35.98,26.89,1.47,1.3,3.45,228.5,18.6,6.97,99.97,100520.0,99970.0
2024-06-17,100.59,72.78,29.86,33.91,26.91,1.1,1.89,3.18,210.2,18.93,13.08,100.04,100590.0,100040.0
2024-06-18,100.56,73.75,29.65,33.6,26.21,3.39,0.54,3.79,261.0,19.01,36.01,100.01,100560.0,100010.0
2024-06-19,100.47,75.37,28.99,32.78,25.93,2.83,1.24,3.33,246.4,18.74,5.54,99.92,100470.0,99920.0
2024-06-20,100.43,72.24,29.83,35.19,25.59,3.52,1.03,4.0,253.7,18.63,2.52,99.88,100430.0,99880.0
2024-06-21,100.39,69.58,29.72,35.02,25.52,5.31,1.34,5.59,255.8,17.84,4.92,99.85,100390.0,99850.0
2024-06-22,100.23,68.53,30.01,35.37,25.37,3.99,1.56,4.97,248.6,17.9,3.38,99.68,100230.0,99680.0
2024-06-23,100.25,74.27,29.25,32.74,26.38,3.08,2.07,4.37,236.1,18.78,2.96,99.7,100250.0,99700.0
2024-06-24,100.21,72.8,29.67,34.26,25.74,3.81,2.3,4.7,238.9,18.85,1.01,99.66,100210.0,99660.0
2024-06-25,100.22,67.57,29.23,33.32,25.76,5.21,2.75,5.92,242.2,17.06,0.63,99.68,100220.0,99680.0
2024-06-26,100.32,65.4,28.91,32.68,25.7,5.53,2.8,6.31,243.1,16.08,0.66,99.77,100320.0,99770.0
2024-06-27,100.54,67.12,28.09,32.59,25.17,4.53,0.58,4.6,262.7,15.79,0.07,99.99,100540.0,99990.0
2024-06-28,100.53,63.67,29.3,34.86,24.26,3.31,1.88,4.25,240.4,15.8,0.0,99.99,100530.0,99990.0
2024-06-29,100.54,64.76,29.76,35.27,24.7,2.58,2.97,4.65,221.0,16.44,0.04,99.99,100540.0,99990.0
2024-06-30,100.7,73.1,29.05,33.18,26.61,1.62,4.48,5.0,199.9,18.17,17.07,100.15,100700.0,100150.0
2024-07-01,100.71,72.12,29.29,33.32,26.32,3.68,3.85,5.46,223.7,18.1,2.41,100.16,100710.0,100160.0
2024-07-02,100.51,64.9,30.42,36.72,25.43,3.35,2.84,4.52,229.7,17.07,0.89,99.96,100510.0,99960.0
2024-07-03,100.49,72.07,29.93,35.87,24.75,2.69,2.31,3.63,229.4,18.67,19.5,99.94,100490.0,99940.0
2024-07-04,100.59,73.88,30.04,35.19,25.92,1.93,1.68,3.39,228.9,19.26,2.61,100.04,100590.0,100040.0
2024-07-05,100.57,75.22,29.45,33.75,26.59,2.44,2.08,3.31,229.6,19.1,22.96,100.02,100570.0,100020.0
2024-07-06,100.51,76.22,28.28,32.46,25.35,3.39,2.43,4.32,234.3,18.2,9.82,99.96,100510.0,99960.0
2024-07-07,100.46,74.79,28.85,33.16,25.66,1.95,1.55,3.2,231.6,18.38,11.48,99.91,100460.0,99910.0
2024-07-08,100.35,73.46,29.3,33.83,25.85,2.84,1.46,3.43,242.8,18.54,2.77,99.8,100350.0,99800.0
2024-07-09,100.53,77.08,28.35,31.4,25.98,1.83,2.48,3.7,216.4,18.55,3.48,99.98,100530.0,99980.0
2024-07-10,100.73,76.83,28.81,31.96,26.38,2.63,2.18,3.95,230.3,18.96,4.31,100.18,100730.0,100180.0
2024-07-11,100.64,75.74,28.65,32.3,25.89,1.99,0.94,3.97,244.7,18.45,17.07,100.09,100640.0,100090.0
2024-07-12,100.49,76.31,28.79,32.13,26.53,2.85,2.21,3.89,232.2,18.83,29.31,99.94,100490.0,99940.0
2024-07-13,100.45,73.49,28.81,33.77,24.72,3.43,0.0,3.58,270.0,18.01,8.48,99.9,100450.0,99900.0
2024-07-14,100.27,74.02,28.79,33.91,25.17,5.46,1.06,5.83,259.0,18.22,7.89,99.72,100270.0,99720.0
2024-07-15,100.24,80.34,27.74,31.69,25.0,4.83,2.5,5.56,242.6,18.75,5.31,99.69,100240.0,99690.0
2024-07-16,100.24,78.81,28.61,33.17,25.75,5.13,3.31,6.31,237.2,19.24,1.88,99.69,100240.0,99690.0
2024-07-17,100.38,73.91,28.87,33.93,25.09,5.73,2.18,6.35,249.2,18.23,1.21,99.83,100380.0,99830.0
2024-07-18,100.38,76.66,28.36,33.11,25.3,5.84,2.21,6.32,249.3,18.44,4.56,99.84,100380.0,99840.0
2024-07-19,100.27,74.5,28.4,33.18,25.26,6.38,0.86,6.68,262.3,17.89,0.46,99.73,100270.0,99730.0
2024-07-20,100.32,74.0,29.03,34.58,24.97,5.16,1.01,5.52,258.9,18.38,0.36,99.77,100320.0,99770.0
2024-07-21,100.35,71.0,29.88,35.53,25.31,5.23,2.25,5.82,246.7,18.51,0.18,99.8,100350.0,99800.0
2024-07-22,100.55,70.01,29.76,34.34,25.53,5.25,1.54,5.65,253.6,18.11,0.02,100.0,100550.0,100000.0
2024-07-23,100.63,67.65,29.69,35.45,24.84,5.37,0.91,5.56,260.4,17.4,0.66,100.08,100630.0,100080.0
2024-07-24,100.5,69.45,29.28,34.39,25.66,4.99,1.43,5.4,254.0,17.51,0.27,99.95,100500.0,99950.0
2024-07-25,100.35,69.27,29.53,35.05,25.35,5.6,1.27,5.99,257.2,17.69,0.05,99.8,100350.0,99800.0
2024-07-26,100.35,67.69,29.73,34.38,25.73,5.9,1.47,6.3,256.0,17.55,0.47,99.8,100350.0,99800.0
2024-07-27,100.37,63.94,30.47,36.67,25.41,6.46,0.03,6.71,269.8,17.06,0.02,99.82,100370.0,99820.0
2024-07-28,100.21,65.5,30.16,35.61,25.81,5.43,1.59,5.84,253.7,17.35,0.01,99.67,100210.0,99670.0
2024-07-29,100.2,69.7,30.07,35.61,25.69,4.36,2.39,5.12,241.3,18.43,1.08,99.66,100200.0,99660.0
2024-07-30,100.5,72.67,29.47,33.73,26.2,4.12,1.97,4.71,244.4,18.56,3.44,99.94,100500.0,99940.0
2024-07-31,100.61,72.79,29.7,33.54,26.33,3.45,1.06,3.7,252.9,18.87,0.93,100.06,100610.0,100060.0
2024-08-01,100.54,71.42,30.32,35.39,26.44,2.85,0.94,3.21,251.8,18.93,1.33,99.99,100540.0,99990.0
2024-08-02,100.56,69.3,29.87,34.48,26.28,4.13,1.23,4.4,253.5,18.02,3.04,100.01,100560.0,100010.0
2024-08-03,100.69,71.76,29.53,33.49,26.01,2.48,1.29,3.06,242.6,18.35,4.58,100.15,100690.0,100150.0
2024-08-04,100.75,77.17,28.79,32.39,25.83,2.85,1.17,3.19,247.7,18.95,14.82,100.2,100750.0,100200.0
2024-08-05,100.76,77.07,28.59,32.62,25.8,0.51,2.58,3.16,191.2,18.63,15.59,100.21,100760.0,100210.0
2024-08-06,100.66,83.47,27.85,29.92,25.92,1.87,-0.35,2.78,280.6,19.58,25.91,100.11,100660.0,100110.0
2024-08-07,100.67,83.01,27.62,30.04,25.62,1.72,1.31,2.44,232.8,19.18,9.33,100.12,100670.0,100120.0
2024-08-08,100.69,80.87,28.45,31.53,25.5,1.54,0.82,3.01,241.8,19.58,12.35,100.14,100690.0,100140.0
2024-08-09,100.72,79.72,28.82,33.06,25.54,1.15,1.28,3.1,222.0,19.62,10.74,100.17,100720.0,100170.0
2024-08-10,100.72,81.53,28.92,31.53,26.42,1.78,0.79,2.69,246.0,20.31,11.65,100.18,100720.0,100180.0
2024-08-11,100.55,81.33,29.06,32.01,26.53,1.06,0.82,2.11,232.3,20.48,19.28,100.0,100550.0,100000.0
2024-08-12,100.5,83.85,29.06,31.67,26.91,0.64,0.59,2.58,227.5,21.15,16.13,99.95,100500.0,99950.0
2024-08-13,100.52,82.64,29.07,32.01,26.93,-0.45,2.1,2.43,167.9,20.8,0.35,99.97,100520.0,99970.0
2024-08-14,100.52,83.68,28.85,31.44,26.65,-0.41,2.59,2.91,171.0,20.84,0.63,99.98,100520.0,99980.0
2024-08-15,100.44,82.27,28.86,32.02,26.59,-0.02,2.62,2.95,179.6,20.45,0.6,99.89,100440.0,99890.0
2024-08-16,100.39,83.2,28.96,31.77,27.04,-0.4,3.64,3.91,173.8,20.86,0.24,99.84,100390.0,99840.0
2024-08-17,100.44,86.35,28.64,30.84,26.73,-0.9,1.65,2.28,151.3,21.3,0.94,99.9,100440.0,99900.0
2024-08-18,100.57,85.42,28.71,31.28,26.68,-1.14,1.81,2.27,147.7,21.1,1.34,100.02,100570.0,100020.0
2024-08-19,100.51,84.86,28.92,31.32,27.19,0.26,3.78,3.9,183.9,21.24,0.21,99.96,100510.0,99960.0
2024-08-20,100.55,85.41,28.62,30.82,26.57,-0.36,3.95,4.06,174.8,21.02,1.12,100.0,100550.0,100000.0
2024-08-21,100.65,81.24,28.59,31.2,26.75,1.23,6.64,6.79,190.5,19.88,0.49,100.1,100650.0,100100.0
2024-08-22,100.75,81.11,28.01,30.71,25.26,1.94,4.68,5.23,202.5,19.16,0.04,100.2,100750.0,100200.0
2024-08-23,100.79,79.15,28.69,32.34,25.95,1.98,4.11,4.79,205.7,19.33,0.03,100.24,100790.0,100240.0
2024-08-24,100.81,79.36,28.62,32.33,25.87,3.37,3.48,4.97,224.1,19.34,0.06,100.25,100810.0,100250.0
2024-08-25,100.76,77.48,28.7,32.98,25.37,3.72,2.68,4.69,234.3,18.98,0.05,100.21,100760.0,100210.0
2024-08-26,100.66,77.31,28.92,33.07,25.62,4.01,2.8,5.02,235.1,19.18,0.05,100.11,100660.0,100110.0
2024-08-27,100.79,76.36,28.65,32.11,25.02,2.82,0.95,3.11,251.4,18.61,2.37,100.24,100790.0,100240.0
2024-08-28,100.82,78.39,28.09,31.33,25.6,1.81,1.0,2.67,241.2,18.52,1.33,100.27,100820.0,100270.0
2024-08-29,100.63,79.48,28.07,32.13,25.09,3.41,1.27,3.73,249.5,18.82,1.95,100.08,100630.0,100080.0
2024-08-30,100.57,83.13,27.91,31.24,25.43,3.74,0.51,3.82,262.2,19.54,12.54,100.02,100570.0,100020.0
2024-08-31,100.57,76.29,27.7,32.1,25.15,5.5,-0.84,5.66,278.7,17.58,4.11,100.01,100570.0,100010.0
2024-09-01,100.42,73.65,28.48,33.53,24.63,4.78,1.46,5.18,253.0,17.75,0.87,99.87,100420.0,99870.0
2024-09-02,100.52,77.05,28.42,33.06,24.23,2.84,2.36,3.93,230.2,18.52,8.19,99.97,100520.0,99970.0
2024-09-03,100.67,77.75,28.64,31.92,25.63,1.13,1.6,2.49,215.0,18.99,5.58,100.12,100670.0,100120.0
2024-09-04,100.67,80.19,28.76,32.76,25.64,3.21,0.28,3.44,264.9,19.71,1.23,100.12,100670.0,100120.0
2024-09-05,100.52,79.38,28.51,31.97,25.54,3.48,0.03,3.54,269.6,19.39,3.24,99.97,100520.0,99970.0
2024-09-06,100.59,81.4,28.21,31.42,25.82,3.26,-1.33,3.75,292.2,19.47,3.45,100.04,100590.0,100040.0
2024-09-07,100.65,79.81,28.29,31.79,25.25,3.37,-1.19,3.76,289.4,19.14,0.82,100.1,100650.0,100100.0
2024-09-08,100.65,76.4,28.71,33.16,25.03,3.97,-0.68,4.13,279.7,18.69,0.16,100.1,100650.0,100100.0
2024-09-09,100.47,77.46,28.52,32.84,24.92,4.08,1.29,4.34,252.4,18.8,0.95,99.92,100470.0,99920.0
2024-09-10,100.44,77.27,28.91,33.28,24.71,4.49,1.61,4.8,250.3,19.18,0.04,99.89,100440.0,99890.0
2024-09-11,100.61,75.81,28.77,33.12,25.01,3.36,1.76,3.97,242.3,18.59,0.04,100.06,100610.0,100060.0
2024-09-12,100.73,73.28,29.1,33.36,24.71,2.95,0.43,3.2,261.7,18.24,0.01,100.18,100730.0,100180.0
2024-09-13,100.66,70.78,29.73,34.13,25.77,1.63,0.0,2.34,270.1,18.13,0.01,100.11,100660.0,100110.0
2024-09-14,100.6,69.48,29.85,34.85,25.64,2.48,-0.5,2.74,281.5,17.94,0.02,100.05,100600.0,100050.0
2024-09-15,100.59,68.51,29.8,35.04,25.0,2.85,-1.56,3.59,298.7,17.55,0.01,100.04,100590.0,100040.0
2024-09-16,100.6,67.6,29.93,35.52,25.12,3.59,-1.41,4.13,291.5,17.39,0.01,100.05,100600.0,100050.0
2024-09-17,100.55,67.92,30.24,35.76,25.11,2.44,-0.34,3.57,278.0,17.82,0.14,100.0,100550.0,100000.0
2024-09-18,100.47,73.11,29.75,33.8,26.08,1.21,-0.29,3.46,283.4,18.89,4.48,99.92,100470.0,99920.0
2024-09-19,100.53,72.38,29.73,33.55,26.43,0.65,-0.75,2.88,319.1,18.65,0.56,99.98,100530.0,99980.0
2024-09-20,100.56,75.14,29.08,32.83,26.33,-0.2,-1.09,2.91,10.3,18.77,1.55,100.01,100560.0,100010.0
2024-09-21,100.56,67.62,29.75,33.99,26.05,0.68,-1.09,1.63,328.1,17.38,5.32,100.01,100560.0,100010.0
2024-09-22,100.48,70.61,30.01,34.75,25.52,2.65,-1.82,3.4,304.4,18.52,2.59,99.93,100480.0,99930.0
2024-09-23,100.44,76.86,29.2,32.88,25.4,1.35,-0.81,2.6,300.8,19.4,6.34,99.89,100440.0,99890.0
2024-09-24,100.37,82.71,28.53,31.07,26.54,1.64,1.51,3.16,227.4,20.22,19.09,99.82,100370.0,99820.0
2024-09-25,100.44,83.51,28.14,31.44,26.4,0.74,1.43,2.81,207.2,19.91,23.58,99.89,100440.0,99890.0
2024-09-26,100.52,79.77,28.53,31.8,26.26,0.2,1.55,2.58,187.3,19.35,4.18,99.97,100520.0,99970.0
2024-09-27,100.77,77.9,28.28,31.23,26.22,-0.26,1.91,2.56,172.2,18.54,2.41,100.21,100770.0,100210.0
2024-09-28,100.89,81.87,27.94,30.66,25.99,-0.57,1.54,2.21,159.6,19.2,3.84,100.34,100890.0,100340.0
2024-09-29,100.99,82.37,27.97,31.52,25.66,-1.1,2.65,3.0,157.6,19.31,0.39,100.44,100990.0,100440.0
2024-09-30,100.96,79.7,28.39,31.85,25.87,-0.92,2.43,2.72,159.2,19.11,0.21,100.41,100960.0,100410.0
2024-10-01,100.81,78.62,28.73,32.76,25.5,-0.5,3.16,3.34,171.0,19.18,0.1,100.26,100810.0,100260.0
2024-10-02,100.77,78.02,29.5,33.82,25.89,1.56,3.68,4.21,202.9,19.89,1.93,100.22,100770.0,100220.0
2024-10-03,100.71,78.79,29.42,32.77,25.77,2.39,0.68,2.8,254.1,20.15,7.28,100.16,100710.0,100160.0
2024-10-04,100.78,80.7,28.44,31.14,26.35,1.95,0.66,2.3,251.3,19.49,4.02,100.22,100780.0,100220.0
2024-10-05,100.78,80.84,28.44,31.2,25.75,1.27,0.78,2.48,238.4,19.54,4.03,100.23,100780.0,100230.0
2024-10-06,100.86,80.09,28.09,30.42,26.08,-0.38,0.61,1.34,147.9,18.99,1.16,100.31,100860.0,100310.0
2024-10-07,101.01,79.74,27.83,30.57,25.56,-1.28,0.65,1.85,116.9,18.58,2.79,100.45,101010.0,100450.0
2024-10-08,101.07,81.35,27.76,30.44,25.57,-0.79,1.34,2.07,149.6,18.85,5.44,100.51,101070.0,100510.0
2024-10-09,100.88,81.8,27.84,30.83,25.64,-1.12,1.55,2.22,144.1,19.09,7.55,100.33,100880.0,100330.0
2024-10-10,100.76,81.75,27.75,30.28,25.88,-1.66,0.99,1.95,120.8,19.03,7.17,100.21,100760.0,100210.0
2024-10-11,100.77,82.75,27.86,30.47,25.83,-1.93,1.61,2.57,130.0,19.38,8.53,100.22,100770.0,100220.0
2024-10-12,100.86,85.6,27.59,29.25,26.34,-2.14,0.83,2.42,111.1,19.79,6.25,100.31,100860.0,100310.0
2024-10-13,100.89,83.74,27.87,29.95,26.39,-2.57,0.19,2.64,94.3,19.65,5.78,100.33,100890.0,100330.0
2024-10-14,100.83,87.72,27.1,28.92,25.59,-0.82,-3.86,4.11,12.0,19.75,43.95,100.28,100830.0,100280.0
2024-10-15,100.79,86.71,26.88,29.02,25.55,-0.94,-2.23,3.09,22.8,19.24,69.18,100.24,100790.0,100240.0
2024-10-16,100.63,86.95,27.02,29.12,25.19,0.89,1.01,2.58,221.4,19.48,42.95,100.08,100630.0,100080.0
2024-10-17,100.67,83.82,27.72,30.24,25.68,-1.62,3.23,3.92,153.3,19.55,6.4,100.12,100670.0,100120.0
2024-10-18,100.81,78.81,28.16,30.93,26.23,0.17,1.76,2.45,185.5,18.72,11.4,100.25,100810.0,100250.0
2024-10-19,100.96,82.57,27.44,29.04,25.67,-0.43,-0.14,1.57,72.4,18.91,15.22,100.41,100960.0,100410.0
2024-10-20,101.03,84.62,27.53,29.96,25.72,-0.91,0.1,1.64,96.0,19.44,4.84,100.47,101030.0,100470.0
2024-10-21,101.06,82.52,28.06,30.7,26.26,-1.61,1.02,1.98,122.2,19.53,2.64,100.5,101060.0,100500.0
2024-10-22,101.05,81.95,28.03,30.83,25.95,-1.4,-0.42,1.53,73.1,19.35,1.8,100.5,101050.0,100500.0
2024-10-23,100.97,78.7,28.3,31.67,25.17,-0.28,-1.24,1.93,12.8,18.82,1.17,100.42,100970.0,100420.0
2024-10-24,100.92,77.11,28.32,31.0,25.39,1.23,0.41,1.61,251.5,18.48,0.63,100.37,100920.0,100370.0
2024-10-25,100.87,72.84,28.77,32.42,25.31,1.98,1.25,2.42,237.7,17.72,0.45,100.32,100870.0,100320.0
2024-10-26,100.81,71.29,28.25,32.65,23.93,2.24,-0.72,2.97,287.9,16.85,0.0,100.26,100810.0,100260.0
2024-10-27,100.74,71.41,28.56,32.56,25.22,-0.02,-0.17,2.14,6.9,17.18,0.05,100.19,100740.0,100190.0
2024-10-28,100.72,73.78,29.05,32.28,26.17,-0.33,1.5,1.72,167.6,18.44,0.21,100.16,100720.0,100160.0
2024-10-29,100.81,76.59,28.46,31.98,25.81,0.07,1.4,2.21,183.1,18.46,2.6,100.25,100810.0,100250.0
2024-10-30,100.9,84.93,27.49,30.06,25.38,-0.58,1.97,2.55,163.6,19.5,16.49,100.35,100900.0,100350.0
2024-10-31,101.02,83.35,27.54,29.94,25.86,-1.81,0.3,1.95,99.4,19.15,8.62,100.47,101020.0,100470.0
2024-11-01,101.12,84.74,27.25,29.49,25.51,-1.71,-0.7,1.97,67.7,19.15,4.86,100.57,101120.0,100570.0
2024-11-02,101.18,83.48,27.24,29.81,25.37,-2.38,-0.69,2.58,73.9,18.8,6.99,100.63,101180.0,100630.0
2024-11-03,101.19,84.75,26.85,28.98,24.88,-2.35,-1.42,2.83,58.9,18.69,4.73,100.64,101190.0,100640.0
2024-11-04,101.08,78.66,27.39,30.7,25.13,-2.74,-1.85,3.31,56.0,17.81,0.1,100.52,101080.0,100520.0
2024-11-05,101.12,77.86,27.14,30.51,24.63,-1.91,-3.47,4.01,28.8,17.36,0.34,100.57,101120.0,100570.0
2024-11-06,101.08,85.08,26.88,29.76,24.48,-1.11,-4.87,5.31,12.8,18.82,9.46,100.52,101080.0,100520.0
2024-11-07,101.08,85.02,27.46,30.28,25.83,-2.9,-4.17,5.13,34.8,19.44,12.07,100.53,101080.0,100530.0
2024-11-08,101.1,81.44,27.45,30.44,25.42,-3.2,-3.51,4.78,42.3,18.56,1.3,100.54,101100.0,100540.0
2024-11-09,101.12,79.39,27.15,29.65,25.41,-2.87,-3.93,4.87,36.1,17.78,0.71,100.56,101120.0,100560.0
2024-11-10,101.08,78.44,26.97,29.84,24.63,-2.28,-4.71,5.25,25.8,17.37,0.21,100.52,101080.0,100520.0
2024-11-11,100.98,79.57,26.71,29.74,24.53,-0.91,-5.64,5.74,9.1,17.38,4.45,100.43,100980.0,100430.0
2024-11-12,100.92,89.56,26.0,28.1,24.15,-1.38,-3.58,4.19,21.1,18.87,32.81,100.36,100920.0,100360.0
2024-11-13,100.9,88.95,26.86,28.49,25.86,-3.51,-1.97,4.12,60.7,19.72,21.94,100.34,100900.0,100340.0
2024-11-14,101.02,86.77,27.15,29.17,25.6,-2.88,-1.81,3.4,57.9,19.53,19.89,100.47,101020.0,100470.0
2024-11-15,101.08,87.81,26.95,28.66,25.95,-2.6,-2.32,3.51,48.2,19.52,14.61,100.52,101080.0,100520.0
2024-11-16,101.02,88.54,26.97,28.76,25.87,-3.56,-2.4,4.31,56.0,19.74,22.68,100.46,101020.0,100460.0
2024-11-17,101.06,83.19,26.65,29.12,25.02,-3.44,-3.54,4.96,44.2,18.12,2.12,100.51,101060.0,100510.0
2024-11-18,101.13,81.52,26.46,29.53,24.4,-3.8,-3.42,5.11,48.0,17.53,0.03,100.57,101130.0,100570.0
2024-11-19,101.22,81.47,25.89,28.67,23.98,-3.33,-4.11,5.3,39.0,16.94,0.02,100.66,101220.0,100660.0
2024-11-20,101.19,80.88,25.33,28.41,23.23,-2.69,-3.7,4.58,36.1,16.25,0.01,100.63,101190.0,100630.0
2024-11-21,101.16,80.14,25.17,28.62,22.62,-2.15,-4.18,4.73,27.2,15.92,0.01,100.6,101160.0,100600.0
2024-11-22,101.13,82.32,24.83,28.06,22.22,-1.9,-4.48,4.91,23.0,16.05,0.07,100.57,101130.0,100570.0
2024-11-23,101.2,85.16,25.76,29.11,23.28,-1.99,-4.03,4.64,26.3,17.56,1.37,100.64,101200.0,100640.0
2024-11-24,101.21,83.61,25.78,28.17,23.93,-2.47,-4.2,4.88,30.4,17.28,0.5,100.65,101210.0,100650.0
2024-11-25,101.11,84.26,25.47,28.07,23.37,-1.85,-5.5,5.82,18.6,17.11,2.11,100.55,101110.0,100550.0
2024-11-26,100.91,91.71,26.02,27.14,24.96,-3.13,-5.41,6.3,30.0,19.38,41.96,100.36,100910.0,100360.0
2024-11-27,100.86,86.7,25.47,27.01,24.11,-2.19,-7.91,8.31,15.5,17.7,2.84,100.3,100860.0,100300.0
2024-11-28,100.72,90.87,24.85,26.45,22.92,0.58,-8.52,8.62,356.1,17.94,33.16,100.16,100720.0,100160.0
2024-11-29,100.59,92.11,26.41,27.84,25.35,-2.07,-7.98,8.33,14.6,19.97,13.71,100.04,100590.0,100040.0
2024-11-30,100.06,93.29,26.57,26.89,26.22,-4.61,-11.36,13.02,22.1,20.54,128.29,99.51,100060.0,99510.0
2024-12-01,100.12,92.89,26.63,27.27,26.3,-9.39,-2.18,9.83,76.9,20.51,26.52,99.57,100120.0,99570.0
2024-12-02,100.49,90.96,26.87,28.43,25.87,-5.88,3.43,6.94,120.3,20.28,15.65,99.94,100490.0,99940.0
2024-12-03,100.92,87.36,26.69,29.1,25.23,-3.26,1.45,3.94,114.0,19.15,3.13,100.36,100920.0,100360.0
2024-12-04,101.04,89.4,26.47,28.8,24.81,-2.42,-1.56,2.93,57.2,19.35,9.92,100.48,101040.0,100480.0
2024-12-05,101.1,86.05,26.63,29.58,24.66,-1.63,-1.24,2.16,52.7,18.69,3.32,100.54,101100.0,100540.0
2024-12-06,101.1,87.42,26.1,28.79,24.22,-1.81,-0.99,2.17,61.5,18.45,1.01,100.54,101100.0,100540.0
2024-12-07,101.1,82.96,26.4,29.32,24.41,-2.4,0.34,2.45,98.1,17.79,0.12,100.54,101100.0,100540.0
2024-12-08,101.1,82.18,26.13,29.07,24.3,-2.43,0.33,2.47,97.7,17.37,0.03,100.54,101100.0,100540.0
2024-12-09,101.04,83.05,26.38,29.59,24.0,-2.32,-1.59,2.83,55.5,17.81,0.11,100.49,101040.0,100490.0
2024-12-10,101.04,83.97,26.37,29.1,24.37,-2.69,-4.07,4.9,33.4,18.02,0.17,100.49,101040.0,100490.0
2024-12-11,101.04,87.97,25.99,27.85,24.72,-3.32,-4.7,5.79,35.2,18.48,20.16,100.49,101040.0,100490.0
2024-12-12,101.01,90.69,26.07,27.64,24.99,-4.45,-3.26,5.6,53.8,19.18,79.36,100.45,101010.0,100450.0
2024-12-13,101.15,84.59,25.43,27.74,23.73,-3.8,-3.45,5.15,47.8,17.14,1.73,100.59,101150.0,100590.0
2024-12-14,101.3,82.29,24.6,26.97,23.07,-2.99,-4.04,5.05,36.5,15.84,0.64,100.75,101300.0,100750.0
2024-12-15,101.36,79.73,24.02,26.81,22.04,-2.71,-4.57,5.35,30.7,14.8,0.26,100.8,101360.0,100800.0
2024-12-16,101.26,80.4,23.5,26.6,20.67,-1.36,-5.11,5.37,14.9,14.45,4.15,100.7,101260.0,100700.0
2024-12-17,101.07,86.65,22.36,24.46,20.34,1.35,-6.91,7.1,349.0,14.61,3.95,100.52,101070.0,100520.0
2024-12-18,100.92,90.2,24.25,27.86,20.52,-0.56,-5.2,5.69,6.2,17.19,9.15,100.37,100920.0,100370.0
2024-12-19,100.87,90.44,25.7,28.19,24.16,-1.15,-4.39,4.62,14.7,18.7,4.99,100.31,100870.0,100310.0
2024-12-20,100.81,88.48,26.26,29.2,24.06,1.77,-3.56,4.12,333.6,18.88,1.4,100.25,100810.0,100250.0
2024-12-21,100.88,89.27,26.19,29.08,24.2,-0.44,-3.51,4.3,7.2,18.98,0.26,100.33,100880.0,100330.0
2024-12-22,101.04,88.55,25.17,27.95,22.66,-1.44,-4.51,4.76,17.8,17.68,0.08,100.48,101040.0,100480.0
2024-12-23,101.05,88.42,24.85,28.66,21.77,-0.58,-5.69,5.75,5.8,17.28,0.4,100.49,101050.0,100490.0
2024-12-24,100.97,90.49,24.96,27.41,23.09,1.41,-6.18,6.38,347.2,17.9,4.83,100.42,100970.0,100420.0
2024-12-25,101.12,89.41,25.17,28.52,22.35,-0.26,-4.52,4.67,3.3,17.86,7.4,100.56,101120.0,100560.0
2024-12-26,101.32,89.08,25.94,28.4,24.1,-4.3,-1.48,4.96,71.0,18.58,11.98,100.76,101320.0,100760.0
2024-12-27,101.52,84.66,25.67,28.18,23.89,-4.91,-2.0,5.32,67.8,17.31,12.62,100.96,101520.0,100960.0
2024-12-28,101.48,82.48,25.21,28.05,23.33,-3.5,-2.17,4.2,58.1,16.39,0.23,100.92,101480.0,100920.0
2024-12-29,101.45,85.57,25.14,28.02,23.04,-2.32,-4.74,5.29,26.1,16.98,1.31,100.89,101450.0,100890.0
2024-12-30,101.43,85.18,25.49,28.28,23.61,-3.04,-4.25,5.34,35.5,17.26,1.47,100.87,101430.0,100870.0
2024-12-31,101.47,83.91,25.13,27.85,23.17,-3.3,-3.69,4.97,41.8,16.61,0.0,100.9,101470.0,100900.0
2025-01-01,101.39,83.31,24.48,27.49,22.28,-2.91,-3.16,4.32,42.7,15.88,0.0,100.82,101390.0,100820.0
2025-01-02,101.36,82.63,24.06,27.22,21.54,-2.72,-2.92,4.01,43.0,15.34,0.03,100.8,101360.0,100800.0
2025-01-03,101.38,79.01,23.63,27.07,21.43,-2.58,-3.27,4.18,38.3,14.24,0.01,100.82,101380.0,100820.0
2025-01-04,101.31,77.78,23.48,26.76,20.62,-2.31,-2.38,3.36,44.1,13.93,0.02,100.75,101310.0,100750.0
2025-01-05,101.33,76.19,23.74,27.3,20.81,-1.84,-1.84,2.79,44.9,13.85,0.0,100.77,101330.0,100770.0
2025-01-06,101.31,71.06,24.22,27.85,21.58,-2.21,-1.33,2.67,58.9,13.26,0.0,100.74,101310.0,100740.0
2025-01-07,101.28,76.78,23.66,27.47,20.71,-1.68,-2.85,3.41,30.5,13.86,0.0,100.72,101280.0,100720.0
2025-01-08,101.28,76.7,23.06,26.8,19.72,-2.32,-3.36,4.11,34.7,13.42,0.0,100.72,101280.0,100720.0
2025-01-09,101.35,78.76,23.51,26.82,20.8,-3.08,-3.38,4.59,42.3,14.13,0.05,100.79,101350.0,100790.0
2025-01-10,101.48,82.27,24.06,26.98,22.03,-3.72,-3.54,5.18,46.5,15.32,0.13,100.91,101480.0,100910.0
2025-01-11,101.49,80.1,24.16,27.31,22.04,-3.44,-3.59,5.0,43.7,14.93,0.04,100.93,101490.0,100930.0
2025-01-12,101.37,85.27,24.71,27.59,22.21,-2.63,-4.2,5.0,32.1,16.52,1.95,100.81,101370.0,100810.0
2025-01-13,101.24,87.43,25.21,27.82,23.52,-4.36,-2.82,5.4,57.1,17.47,4.08,100.68,101240.0,100680.0
2025-01-14,101.4,82.34,24.6,27.53,22.56,-3.84,-3.17,4.99,50.4,15.78,0.23,100.84,101400.0,100840.0
2025-01-15,101.46,80.15,24.69,27.34,23.06,-4.38,-3.29,5.49,53.1,15.46,0.07,100.9,101460.0,100900.0
2025-01-16,101.46,79.37,24.39,27.34,22.36,-3.91,-2.78,4.81,54.6,15.01,0.16,100.9,101460.0,100900.0
2025-01-17,101.33,80.39,23.77,26.65,22.07,-3.69,-3.41,5.03,47.3,14.66,0.36,100.77,101330.0,100770.0
2025-01-18,101.25,83.58,24.12,27.0,21.91,-2.86,-5.01,5.83,29.7,15.64,14.07,100.69,101250.0,100690.0
2025-01-19,101.25,87.98,24.59,27.0,22.17,-3.56,-4.66,5.88,37.4,16.97,23.57,100.69,101250.0,100690.0
2025-01-20,101.22,82.93,23.63,27.36,20.78,-2.4,-3.68,4.44,33.1,15.0,0.04,100.66,101220.0,100660.0
2025-01-21,101.16,81.76,23.35,27.08,20.03,-2.32,-2.86,3.71,39.0,14.52,0.04,100.61,101160.0,100610.0
2025-01-22,101.15,81.12,24.12,27.41,21.65,-2.65,-2.71,3.83,44.4,15.16,0.01,100.6,101150.0,100600.0
2025-01-23,101.19,78.92,23.91,27.45,21.37,-2.73,-1.62,3.24,59.2,14.52,0.02,100.64,101190.0,100640.0
2025-01-24,101.17,79.83,23.29,26.28,20.74,-2.66,-2.03,3.37,52.7,14.17,0.03,100.62,101170.0,100620.0
2025-01-25,101.25,79.53,22.94,26.91,20.14,-2.64,-2.85,3.9,42.8,13.78,0.01,100.69,101250.0,100690.0
2025-01-26,101.22,81.58,23.26,27.5,19.37,-2.42,-2.15,3.28,48.3,14.42,0.0,100.66,101220.0,100660.0
2025-01-27,101.16,78.0,23.78,27.98,20.36,-2.1,-1.62,2.83,52.3,14.18,0.0,100.6,101160.0,100600.0
2025-01-28,101.19,75.23,23.85,27.86,21.19,-2.29,-0.9,2.56,68.5,13.73,0.0,100.63,101190.0,100630.0
2025-01-29,101.32,77.17,23.36,27.33,20.59,-2.8,-2.51,3.84,48.1,13.67,0.0,100.76,101320.0,100760.0
2025-01-30,101.17,81.55,23.99,27.95,20.11,-1.3,-2.08,2.78,32.0,15.08,0.0,100.61,101170.0,100610.0
2025-01-31,101.11,85.87,25.19,29.05,22.02,-2.19,-0.98,2.56,65.9,17.11,0.08,100.56,101110.0,100560.0
2025-02-01,101.19,81.17,25.22,29.42,22.21,-2.29,-0.3,2.41,82.6,16.05,0.03,100.63,101190.0,100630.0
2025-02-02,101.23,77.3,24.56,28.93,21.67,-1.72,-0.49,1.88,74.0,14.61,0.02,100.67,101230.0,100670.0
2025-02-03,101.26,72.48,24.12,28.64,20.16,-1.26,-0.06,1.55,87.3,13.37,0.0,100.71,101260.0,100710.0
2025-02-04,101.25,66.46,24.82,29.69,20.07,-1.17,-0.46,1.69,68.5,12.81,0.0,100.69,101250.0,100690.0
2025-02-05,101.15,68.85,25.27,29.78,22.05,-1.72,-0.01,2.09,89.7,13.63,0.0,100.59,101150.0,100590.0
2025-02-06,101.17,78.54,25.14,29.57,22.26,-2.21,0.27,2.26,97.1,15.48,0.0,100.61,101170.0,100610.0
2025-02-07,101.3,76.16,24.88,29.4,21.42,-1.46,-0.01,1.88,89.8,14.69,0.0,100.74,101300.0,100740.0
2025-02-08,101.28,77.13,24.93,28.97,21.04,-1.34,-1.0,2.22,53.3,15.01,0.0,100.72,101280.0,100720.0
2025-02-09,101.26,80.02,24.97,28.93,21.4,-2.12,-1.38,2.67,56.9,15.65,0.0,100.7,101260.0,100700.0
2025-02-10,101.34,78.3,25.01,29.17,22.15,-2.45,-1.41,2.89,60.0,15.3,0.0,100.78,101340.0,100780.0
2025-02-11,101.39,74.09,24.45,28.74,21.63,-1.84,-0.14,1.97,85.8,13.96,0.0,100.83,101390.0,100830.0
2025-02-12,101.35,73.4,24.47,29.47,20.66,-1.56,-0.1,1.79,86.3,13.76,0.0,100.8,101350.0,100800.0
2025-02-13,101.33,72.31,24.19,29.6,19.21,-0.99,1.0,2.0,135.0,13.29,0.0,100.77,101330.0,100770.0
2025-02-14,101.26,74.71,24.12,29.63,19.49,-0.86,1.29,2.25,146.2,13.68,0.0,100.7,101260.0,100700.0
2025-02-15,101.19,76.41,24.57,30.12,19.94,-0.98,1.14,2.51,139.3,14.35,0.0,100.63,101190.0,100630.0
2025-02-16,101.26,76.24,25.13,30.1,21.33,-1.76,0.76,2.51,113.5,14.86,0.0,100.71,101260.0,100710.0
2025-02-17,101.38,77.4,25.52,30.41,22.3,-2.24,1.18,2.6,117.9,15.45,0.0,100.82,101380.0,100820.0
2025-02-18,101.36,76.6,25.2,30.19,21.73,-1.54,1.52,2.32,134.5,14.98,0.0,100.81,101360.0,100810.0
2025-02-19,101.18,75.61,25.32,30.61,21.21,-1.78,1.42,2.58,128.5,14.9,0.0,100.62,101180.0,100620.0
2025-02-20,101.25,76.83,25.53,30.64,21.74,-2.11,1.33,2.78,122.1,15.34,0.0,100.69,101250.0,100690.0
2025-02-21,101.37,76.47,25.9,30.84,22.68,-2.42,-0.08,2.6,88.1,15.63,0.0,100.82,101370.0,100820.0
2025-02-22,101.42,72.18,26.4,32.02,22.75,-1.9,0.51,2.31,105.0,14.97,0.0,100.86,101420.0,100860.0
2025-02-23,101.41,70.42,26.22,32.26,21.61,-1.65,-0.02,2.71,89.4,14.36,0.0,100.85,101410.0,100850.0
2025-02-24,101.44,73.72,26.29,31.51,22.48,-2.7,-1.47,3.41,61.6,15.3,0.0,100.88,101440.0,100880.0
2025-02-25,101.53,75.32,26.53,31.34,22.63,-3.41,-3.27,4.74,46.2,15.87,0.0,100.97,101530.0,100970.0
2025-02-26,101.5,74.61,26.63,31.61,23.16,-3.93,-3.58,5.32,47.7,15.82,0.0,100.93,101500.0,100930.0
2025-02-27,101.36,72.07,26.25,31.66,22.3,-3.76,-2.86,4.74,52.7,14.92,0.0,100.8,101360.0,100800.0
2025-02-28,101.29,71.62,26.3,31.42,21.77,-3.18,-2.68,4.29,50.0,14.82,0.05,100.73,101290.0,100730.0
2025-03-01,101.17,75.13,27.19,32.08,23.58,-3.22,-2.1,3.91,56.9,16.59,1.14,100.61,101170.0,100610.0
2025-03-02,101.07,75.12,27.15,32.55,23.18,-2.32,-0.14,2.44,86.6,16.45,0.04,100.52,101070.0,100520.0
2025-03-03,101.08,70.23,27.41,33.6,23.16,-1.19,0.76,2.41,122.7,15.24,0.0,100.53,101080.0,100530.0
2025-03-04,101.05,69.77,27.25,34.17,21.91,-1.17,1.27,2.9,137.3,14.89,0.0,100.49,101050.0,100490.0
2025-03-05,101.03,65.97,27.57,34.09,22.82,-1.11,1.5,2.51,143.5,14.37,0.0,100.48,101030.0,100480.0
2025-03-06,101.07,64.66,27.61,34.88,22.2,-0.78,-0.87,3.48,41.9,13.98,0.0,100.52,101070.0,100520.0
2025-03-07,101.03,64.28,26.27,33.46,19.96,-1.37,-0.54,2.65,68.4,12.68,0.0,100.47,101030.0,100470.0
2025-03-08,100.94,69.98,26.24,32.97,21.13,-1.07,1.45,2.97,143.5,14.12,0.0,100.39,100940.0,100390.0
2025-03-09,101.07,70.88,26.26,32.22,21.58,-2.51,0.95,3.3,110.8,14.57,0.0,100.51,101070.0,100510.0
2025-03-10,101.29,71.13,27.18,32.66,23.16,-3.56,-2.12,4.18,59.2,15.58,0.07,100.73,101290.0,100730.0
2025-03-11,101.29,80.24,27.26,31.29,24.07,-4.02,-2.57,4.86,57.5,17.96,10.2,100.74,101290.0,100740.0
2025-03-12,101.13,78.25,28.2,32.31,25.16,-2.28,-0.63,2.82,74.6,18.45,2.97,100.58,101130.0,100580.0
2025-03-13,101.0,71.74,28.51,34.47,24.45,-1.29,1.19,2.25,132.7,16.78,0.01,100.45,101000.0,100450.0
2025-03-14,101.04,74.28,27.85,34.31,23.39,-1.22,2.54,3.35,154.4,16.58,0.0,100.49,101040.0,100490.0
2025-03-15,101.12,72.15,27.73,34.35,23.05,-1.6,2.33,3.4,145.4,15.88,0.0,100.57,101120.0,100570.0
2025-03-16,101.13,72.86,28.22,34.27,23.7,-1.44,1.81,2.57,141.5,16.77,0.0,100.58,101130.0,100580.0
2025-03-17,101.07,76.39,28.36,33.42,24.46,-0.9,2.46,3.11,160.0,18.03,0.0,100.51,101070.0,100510.0
2025-03-18,101.07,77.5,28.32,32.88,24.75,-1.46,2.9,3.41,153.2,18.32,0.01,100.52,101070.0,100520.0
2025-03-19,101.27,75.0,28.47,33.71,24.6,-2.5,2.98,4.09,140.0,17.66,0.01,100.72,101270.0,100720.0
2025-03-20,101.38,70.4,28.77,34.0,24.98,-2.83,2.59,3.86,132.4,16.8,0.01,100.82,101380.0,100820.0
2025-03-21,101.38,71.53,28.85,34.13,24.92,-3.05,2.3,3.86,127.0,17.14,0.0,100.82,101380.0,100820.0
2025-03-22,101.29,74.4,28.98,33.54,25.37,-3.16,2.54,4.09,128.8,18.17,0.02,100.73,101290.0,100730.0
2025-03-23,101.28,71.74,29.2,33.04,26.65,-3.39,1.52,3.81,114.2,17.87,0.02,100.72,101280.0,100720.0
2025-03-24,101.23,67.7,29.0,33.86,25.31,-3.04,0.36,3.07,96.8,16.47,0.0,100.68,101230.0,100680.0
2025-03-25,100.97,65.61,28.84,35.33,24.03,-2.13,0.98,2.61,114.6,15.44,0.02,100.41,100970.0,100410.0
2025-03-26,100.85,65.6,29.08,35.48,23.87,-1.43,2.21,3.36,147.0,15.66,0.01,100.3,100850.0,100300.0
2025-03-27,100.77,60.12,29.74,36.52,24.19,-0.57,1.59,2.98,160.4,14.74,0.02,100.22,100770.0,100220.0
2025-03-28,100.71,61.56,29.82,37.35,23.73,-0.28,2.87,3.88,174.4,15.01,0.0,100.16,100710.0,100160.0
2025-03-29,100.72,61.22,29.61,37.0,23.5,-0.77,2.88,3.75,165.0,14.59,0.0,100.17,100720.0,100170.0
2025-03-30,100.86,66.86,28.82,35.18,23.74,-1.51,3.24,4.11,155.0,15.73,0.0,100.31,100860.0,100310.0
2025-03-31,100.93,67.54,28.65,34.12,24.4,-2.58,2.61,3.98,135.4,16.0,0.0,100.38,100930.0,100380.0
2025-04-01,100.9,66.18,27.75,32.65,23.99,-2.53,2.11,3.43,129.8,15.01,0.01,100.35,100900.0,100350.0
2025-04-02,100.96,65.6,29.07,34.54,24.57,-2.26,2.09,3.65,132.8,16.07,1.78,100.41,100960.0,100410.0
2025-04-03,101.12,67.5,29.33,34.36,26.01,-2.5,2.63,3.65,136.5,16.6,4.87,100.57,101120.0,100570.0
2025-04-04,101.1,62.76,29.5,35.44,24.31,-2.16,-0.6,3.38,74.5,15.4,0.32,100.55,101100.0,100550.0
2025-04-05,100.97,66.74,29.77,35.2,25.23,-1.48,1.16,2.88,128.1,16.94,1.57,100.42,100970.0,100420.0
2025-04-06,100.87,64.81,30.37,36.05,26.11,-1.88,0.67,3.1,109.6,16.94,0.07,100.32,100870.0,100320.0
2025-04-07,100.91,67.5,29.96,35.3,26.26,-2.12,0.84,2.97,111.6,17.34,0.04,100.36,100910.0,100360.0
2025-04-08,101.01,67.23,29.82,34.99,25.9,-2.3,-1.67,3.12,54.1,17.06,0.04,100.46,101010.0,100460.0
2025-04-09,100.88,68.98,29.92,35.37,25.77,-1.93,-2.66,4.08,35.9,17.72,0.12,100.33,100880.0,100330.0
2025-04-10,100.62,62.73,31.1,37.38,26.0,-0.68,1.7,2.91,158.1,16.98,0.32,100.07,100620.0,100070.0
2025-04-11,100.55,63.85,31.72,37.74,27.87,-0.65,1.69,3.74,158.9,17.96,2.77,100.0,100550.0,100000.0
2025-04-12,100.65,59.71,32.04,38.83,27.34,-0.31,1.97,3.8,170.9,16.77,0.69,100.11,100650.0,100110.0
2025-04-13,100.76,61.11,31.72,37.68,26.94,-0.91,0.93,3.03,135.8,17.01,2.15,100.22,100760.0,100220.0
2025-04-14,100.83,62.42,30.94,36.58,26.73,-1.8,2.04,3.12,138.5,16.76,0.53,100.28,100830.0,100280.0
2025-04-15,100.84,67.09,30.04,35.29,25.89,-0.92,3.23,3.92,164.0,17.33,1.65,100.29,100840.0,100290.0
2025-04-16,100.87,70.27,29.82,34.45,26.79,-1.45,3.41,3.95,157.0,18.07,8.33,100.32,100870.0,100320.0
2025-04-17,100.76,70.63,29.97,35.22,26.34,-0.9,3.27,3.82,164.6,18.35,2.91,100.21,100760.0,100210.0
2025-04-18,100.71,70.69,30.46,35.22,27.06,-0.53,4.05,4.42,172.5,18.9,0.45,100.16,100710.0,100160.0
2025-04-19,100.65,71.11,30.85,36.12,27.35,-0.84,3.07,3.83,164.7,19.3,2.5,100.1,100650.0,100100.0
2025-04-20,100.69,72.42,30.83,36.13,27.48,-0.44,3.78,4.16,173.4,19.65,3.16,100.15,100690.0,100150.0
2025-04-21,100.88,75.62,29.78,33.63,26.77,-0.7,2.51,2.95,164.4,19.53,0.46,100.33,100880.0,100330.0
2025-04-22,100.97,67.73,30.65,36.15,26.2,-1.53,3.19,3.75,154.4,17.93,0.0,100.42,100970.0,100420.0
2025-04-23,100.81,65.8,30.66,36.24,26.67,-0.52,3.54,4.08,171.7,17.41,0.0,100.27,100810.0,100270.0
2025-04-24,100.72,70.33,30.14,34.06,26.72,-0.93,3.37,3.84,164.7,18.46,0.0,100.17,100720.0,100170.0
2025-04-25,100.76,70.33,30.84,35.97,27.1,-1.56,3.68,4.22,157.0,19.11,0.0,100.21,100760.0,100210.0
2025-04-26,100.77,70.76,30.63,35.87,26.57,-1.62,4.12,4.62,158.5,18.99,0.01,100.22,100770.0,100220.0
2025-04-27,100.88,71.0,30.39,34.68,27.41,-2.44,3.04,4.07,141.3,18.97,0.08,100.33,100880.0,100330.0
2025-04-28,100.76,66.59,30.57,35.03,27.24,-1.97,2.7,3.72,143.8,17.92,0.01,100.21,100760.0,100210.0
2025-04-29,100.73,63.72,31.2,36.55,27.17,-2.08,2.55,3.45,140.9,17.64,0.01,100.18,100730.0,100180.0
2025-04-30,100.75,65.41,31.33,36.81,27.07,-1.7,3.31,4.1,152.9,18.15,0.01,100.2,100750.0,100200.0
2025-05-01,100.79,64.5,31.77,37.03,28.04,-1.32,3.83,4.52,161.0,18.4,0.2,100.24,100790.0,100240.0
2025-05-02,100.81,65.66,31.55,36.73,27.96,-1.61,4.02,4.46,158.2,18.55,0.24,100.27,100810.0,100270.0
2025-05-03,100.72,65.08,31.55,37.21,27.68,-0.79,3.87,4.38,168.4,18.28,0.4,100.17,100720.0,100170.0
2025-05-04,100.65,66.83,31.12,35.64,28.23,-1.1,3.29,4.37,161.4,18.52,4.57,100.11,100650.0,100110.0
2025-05-05,100.68,73.2,29.86,33.94,26.9,-0.13,3.0,3.67,177.5,19.05,2.52,100.13,100680.0,100130.0
2025-05-06,100.71,75.56,29.83,33.63,27.31,-0.51,3.57,4.02,171.9,19.66,3.14,100.17,100710.0,100170.0
2025-05-07,100.66,74.4,29.7,33.25,27.02,-0.42,2.68,3.04,171.2,19.17,5.05,100.12,100660.0,100120.0
2025-05-08,100.69,71.49,30.18,34.4,26.44,-0.39,3.0,3.5,172.5,18.78,2.69,100.14,100690.0,100140.0
2025-05-09,100.76,72.56,29.94,34.39,27.05,-1.17,0.97,2.21,129.7,18.78,3.37,100.21,100760.0,100210.0
2025-05-10,100.73,70.2,30.55,35.67,26.59,-0.4,2.61,3.33,171.4,18.75,0.39,100.18,100730.0,100180.0
2025-05-11,100.63,72.71,30.16,33.66,27.66,0.22,2.59,3.11,184.8,19.28,0.51,100.09,100630.0,100090.0
2025-05-12,100.46,66.17,31.39,36.88,27.43,-0.1,1.19,2.8,175.0,18.44,0.22,99.91,100460.0,99910.0
2025-05-13,100.42,63.41,31.78,37.31,28.07,-0.17,1.24,3.3,172.1,18.01,0.09,99.88,100420.0,99880.0
2025-05-14,100.52,66.91,31.35,36.09,27.55,-0.54,0.61,2.31,138.8,18.72,0.39,99.97,100520.0,99970.0
2025-05-15,100.55,67.21,32.0,37.26,28.51,-0.67,1.63,2.46,157.7,19.47,0.48,100.0,100550.0,100000.0
2025-05-16,100.63,61.58,30.27,32.81,27.79,-0.77,1.67,2.54,155.3,16.39,1.55,100.08,100630.0,100080.0
2025-05-17,100.54,59.45,30.96,36.7,26.33,-0.87,0.8,3.07,132.6,16.19,7.68,99.99,100540.0,99990.0
2025-05-18,100.46,72.24,30.09,34.28,27.23,-0.93,-0.12,2.64,82.4,19.07,8.05,99.92,100460.0,99920.0
2025-05-19,100.35,73.72,30.07,33.61,27.52,-0.47,-0.76,2.48,32.0,19.52,8.72,99.8,100350.0,99800.0
2025-05-20,100.29,78.6,29.27,32.01,27.1,0.57,2.67,3.36,192.1,20.0,15.23,99.74,100290.0,99740.0
2025-05-21,100.38,73.33,30.16,34.39,26.61,1.83,2.55,3.27,215.7,19.44,3.43,99.83,100380.0,99830.0
2025-05-22,100.45,67.37,30.68,35.27,26.84,2.09,2.64,3.78,218.5,18.31,0.22,99.9,100450.0,99900.0
2025-05-23,100.31,67.84,31.0,36.04,26.64,1.41,3.36,4.45,202.8,18.7,4.82,99.76,100310.0,99760.0
2025-05-24,100.24,69.27,30.96,36.1,27.18,4.1,3.96,5.78,226.0,19.06,3.01,99.69,100240.0,99690.0
2025-05-25,100.37,72.13,30.16,33.95,27.25,3.09,5.25,6.15,210.4,19.22,2.32,99.82,100370.0,99820.0
2025-05-26,100.29,67.9,29.89,34.57,26.55,6.06,3.29,7.15,241.5,17.69,1.7,99.75,100290.0,99750.0
2025-05-27,100.15,62.07,30.83,36.78,26.39,5.63,2.08,6.23,249.7,16.84,0.86,99.6,100150.0,99600.0
2025-05-28,100.14,63.14,30.66,35.49,26.73,5.6,0.05,5.99,269.5,17.11,1.02,99.59,100140.0,99590.0
2025-05-29,100.11,65.21,30.54,35.65,26.99,4.98,2.05,5.47,247.6,17.64,0.66,99.56,100110.0,99560.0
2025-05-30,100.24,69.36,29.59,33.84,26.35,3.98,1.97,4.88,243.7,17.88,12.93,99.69,100240.0,99690.0
2025-05-31,100.52,62.37,29.68,34.05,26.17,3.47,1.28,4.36,249.8,15.89,0.1,99.97,100520.0,99970.0
2025-06-01,100.6,59.46,30.9,37.9,25.88,2.79,1.1,4.34,248.5,15.62,0.03,100.05,100600.0,100050.0
2025-06-02,100.6,60.29,31.43,37.91,25.52,2.31,2.06,4.01,228.2,16.4,0.53,100.05,100600.0,100050.0
2025-06-03,100.62,60.9,31.52,37.32,26.89,4.02,0.89,4.22,257.6,16.99,3.77,100.07,100620.0,100070.0
2025-06-04,100.67,61.03,30.88,36.75,25.41,1.32,1.01,3.52,232.8,16.36,1.65,100.12,100670.0,100120.0
2025-06-05,100.69,64.34,31.08,36.34,27.11,-0.05,0.47,3.36,174.1,17.56,1.14,100.14,100690.0,100140.0
2025-06-06,100.74,64.91,30.97,36.69,26.53,0.31,2.51,3.54,187.1,17.52,0.75,100.19,100740.0,100190.0
2025-06-07,100.69,68.52,31.24,35.89,27.65,0.81,2.12,3.16,200.8,19.07,1.99,100.14,100690.0,100140.0
2025-06-08,100.58,68.14,31.21,34.96,27.97,2.27,0.08,3.51,268.0,19.11,1.5,100.03,100580.0,100030.0
2025-06-09,100.49,71.65,30.33,33.31,27.43,2.79,-0.5,3.74,280.2,19.29,3.45,99.94,100490.0,99940.0
2025-06-10,100.23,73.29,29.9,34.61,26.96,3.02,-0.39,4.01,277.4,19.19,2.86,99.68,100230.0,99680.0
2025-06-11,100.16,77.09,29.47,32.86,26.97,2.48,1.9,3.38,232.5,19.83,7.73,99.62,100160.0,99620.0
2025-06-12,100.11,73.62,29.64,33.93,26.91,1.87,2.77,4.21,214.0,18.89,5.97,99.57,100110.0,99570.0
2025-06-13,100.17,73.21,29.97,33.94,26.54,1.74,5.37,5.74,198.0,19.3,5.61,99.63,100170.0,99630.0
2025-06-14,100.31,78.38,28.62,31.25,26.29,2.78,4.17,5.07,213.7,19.3,1.56,99.76,100310.0,99760.0
2025-06-15,100.35,68.32,29.5,33.15,26.43,4.71,4.3,6.48,227.6,17.42,0.63,99.8,100350.0,99800.0
2025-06-16,100.41,63.83,29.66,34.39,25.84,5.64,3.32,6.79,239.5,16.32,0.01,99.86,100410.0,99860.0
2025-06-17,100.55,61.49,30.19,35.83,25.47,4.48,3.01,5.46,236.1,16.14,0.07,100.0,100550.0,100000.0
2025-06-18,100.56,64.59,30.44,35.63,25.98,3.25,2.99,4.67,227.4,17.21,0.39,100.01,100560.0,100010.0
2025-06-19,100.51,65.1,30.95,36.07,26.42,3.49,2.39,4.41,235.6,17.82,0.55,99.96,100510.0,99960.0
2025-06-20,100.59,66.07,30.9,36.18,26.7,2.63,2.21,4.42,230.0,18.0,3.09,100.04,100590.0,100040.0
2025-06-21,100.59,66.11,30.82,35.74,26.41,3.0,1.23,3.76,247.7,17.98,1.3,100.04,100590.0,100040.0
2025-06-22,100.53,65.81,30.67,35.85,26.81,3.6,1.08,3.93,253.3,17.77,6.11,99.98,100530.0,99980.0
2025-06-23,100.47,61.7,30.7,36.8,25.98,4.89,1.15,5.36,256.8,16.33,0.74,99.92,100470.0,99920.0
2025-06-24,100.43,55.23,30.26,35.77,25.58,6.04,1.81,6.45,253.3,14.36,0.37,99.88,100430.0,99880.0
2025-06-25,100.46,62.47,29.39,33.34,26.05,4.29,2.38,5.03,240.9,15.87,0.52,99.91,100460.0,99910.0
2025-06-26,100.47,64.32,30.36,35.86,25.69,3.54,2.71,4.55,232.6,16.96,0.14,99.92,100470.0,99920.0
2025-06-27,100.55,63.92,30.17,34.97,26.15,3.4,2.51,4.43,233.5,16.82,0.33,100.0,100550.0,100000.0
2025-06-28,100.53,66.73,30.08,34.27,26.26,3.12,1.7,3.76,241.5,17.56,1.9,99.99,100530.0,99990.0
2025-06-29,100.45,62.96,31.2,37.09,26.48,3.83,0.64,4.11,260.5,17.34,0.16,99.9,100450.0,99900.0
2025-06-30,100.46,62.4,30.53,35.48,26.39,3.65,0.23,3.89,266.4,16.74,1.05,99.92,100460.0,99920.0
2025-07-01,100.5,64.28,30.11,34.07,26.04,3.14,1.17,3.59,249.5,16.94,0.43,99.95,100500.0,99950.0
2025-07-02,100.46,62.62,30.37,35.12,26.15,3.45,1.57,3.96,245.5,16.58,3.16,99.91,100460.0,99910.0
2025-07-03,100.56,63.71,29.83,34.89,25.76,4.04,2.13,4.67,242.2,16.39,1.29,100.01,100560.0,100010.0
2025-07-04,100.59,57.66,31.08,37.33,25.62,4.4,1.86,4.93,247.1,15.81,0.35,100.04,100590.0,100040.0
2025-07-05,100.55,56.62,31.62,38.13,26.31,4.59,0.73,4.67,261.0,15.93,0.44,100.0,100550.0,100000.0
2025-07-06,100.48,57.79,31.43,36.86,27.13,5.26,0.81,5.34,261.2,16.36,0.47,99.94,100480.0,99940.0
2025-07-07,100.45,57.02,31.57,36.44,26.96,5.25,0.68,5.37,262.6,16.24,0.27,99.9,100450.0,99900.0
2025-07-08,100.49,59.73,31.78,38.36,27.29,3.37,1.35,4.61,248.2,17.02,4.39,99.94,100490.0,99940.0
2025-07-09,100.52,63.85,31.12,36.56,26.73,2.47,0.8,3.08,251.9,17.58,0.94,99.97,100520.0,99970.0
2025-07-10,100.46,62.9,31.34,37.21,27.16,1.17,1.28,3.37,222.4,17.52,0.79,99.91,100460.0,99910.0
2025-07-11,100.38,62.46,31.3,36.22,27.58,1.9,1.36,3.59,234.4,17.47,2.88,99.83,100380.0,99830.0
2025-07-12,100.45,66.26,30.7,35.84,27.15,2.99,0.01,3.81,269.9,17.94,8.4,99.91,100450.0,99910.0
2025-07-13,100.46,63.87,30.67,35.79,26.87,3.31,0.54,4.27,260.8,17.27,3.24,99.91,100460.0,99910.0
2025-07-14,100.5,68.19,30.03,34.6,26.42,4.06,0.96,4.36,256.7,17.82,3.44,99.96,100500.0,99960.0
2025-07-15,100.45,67.46,30.13,34.93,26.0,3.53,2.44,4.54,235.4,17.71,2.87,99.9,100450.0,99900.0
2025-07-16,100.36,69.47,30.09,34.54,26.76,0.8,2.19,3.9,200.0,18.25,16.17,99.81,100360.0,99810.0
2025-07-17,100.36,72.96,29.77,33.84,26.51,1.47,0.62,3.78,247.1,18.84,8.42,99.81,100360.0,99810.0
2025-07-18,100.42,77.94,28.52,31.57,26.23,1.54,0.87,2.95,240.5,18.93,19.59,99.87,100420.0,99870.0
2025-07-19,100.21,72.88,29.28,33.07,25.54,2.12,0.75,2.39,250.5,18.43,13.86,99.65,100210.0,99650.0
2025-07-20,100.17,70.4,29.17,33.23,25.59,3.75,0.07,4.37,269.0,17.7,3.97,99.62,100170.0,99620.0
2025-07-21,100.35,70.93,27.8,32.21,24.39,5.75,-0.84,6.08,278.3,16.49,4.67,99.81,100350.0,99810.0
2025-07-22,100.4,62.24,29.07,34.31,24.88,5.51,0.03,5.68,269.7,15.36,0.62,99.85,100400.0,99850.0
2025-07-23,100.33,69.52,28.55,32.78,25.39,4.14,1.01,4.39,256.3,16.9,3.52,99.78,100330.0,99780.0
2025-07-24,100.28,70.59,29.08,33.62,24.98,3.96,1.13,4.31,254.0,17.58,1.54,99.73,100280.0,99730.0
2025-07-25,100.27,66.97,29.18,33.7,25.58,4.64,2.19,5.19,244.7,16.86,0.88,99.72,100270.0,99720.0
2025-07-26,100.44,67.05,28.97,33.11,25.29,4.98,2.77,5.86,240.9,16.69,0.6,99.89,100440.0,99890.0
2025-07-27,100.52,64.46,29.67,34.5,25.16,5.07,1.05,5.31,258.3,16.49,0.01,99.97,100520.0,99970.0
2025-07-28,100.52,61.67,30.21,36.04,24.95,5.01,-0.35,5.18,274.0,16.2,0.01,99.97,100520.0,99970.0
2025-07-29,100.51,61.03,30.58,36.68,24.85,4.72,-0.26,4.86,273.2,16.33,0.07,99.97,100510.0,99970.0
2025-07-30,100.5,62.34,30.68,37.17,25.0,2.85,0.71,3.62,256.0,16.76,0.2,99.96,100500.0,99960.0
2025-07-31,100.54,65.8,30.27,35.27,26.32,1.38,0.71,3.09,242.7,17.37,0.12,99.99,100540.0,99990.0
2025-08-01,100.5,67.01,30.61,36.29,26.64,1.05,0.86,3.24,230.8,17.84,0.69,99.95,100500.0,99950.0
2025-08-02,100.52,72.46,29.62,33.07,26.7,0.78,0.65,3.24,230.0,18.64,3.41,99.97,100520.0,99970.0
2025-08-03,100.61,75.7,29.15,32.63,26.29,1.09,1.91,3.16,209.8,18.96,2.9,100.06,100610.0,100060.0
2025-08-04,100.65,76.78,28.92,32.64,25.9,1.51,1.52,2.58,224.8,18.99,10.4,100.1,100650.0,100100.0
2025-08-05,100.6,76.26,28.77,32.54,25.75,1.05,2.1,2.9,206.6,18.7,3.79,100.05,100600.0,100050.0
2025-08-06,100.5,76.68,29.23,32.88,26.33,-0.7,0.86,1.82,140.9,19.31,7.22,99.95,100500.0,99950.0
2025-08-07,100.49,75.25,29.3,33.36,26.1,0.22,2.59,3.4,184.8,19.01,8.47,99.94,100490.0,99940.0
2025-08-08,100.66,84.46,27.79,29.6,26.45,0.26,1.42,1.61,190.5,19.77,13.42,100.11,100660.0,100110.0
2025-08-09,100.81,75.56,28.43,32.56,25.45,1.79,2.81,3.67,212.5,18.03,2.09,100.25,100810.0,100250.0
2025-08-10,100.79,82.9,27.31,29.56,25.58,1.71,3.61,4.13,205.3,18.82,6.63,100.24,100790.0,100240.0
2025-08-11,100.75,81.25,27.05,30.03,25.06,3.47,0.45,3.76,262.7,18.13,5.99,100.2,100750.0,100200.0
2025-08-12,100.62,75.63,27.7,31.77,24.9,3.71,-0.78,4.09,281.9,17.42,3.55,100.07,100620.0,100070.0
2025-08-13,100.47,71.61,27.85,31.43,24.7,3.77,0.06,4.09,269.0,16.58,3.22,99.92,100470.0,99920.0
2025-08-14,100.48,73.63,28.66,32.81,24.83,3.25,1.66,3.68,243.0,17.94,1.13,99.93,100480.0,99930.0
2025-08-15,100.38,73.35,28.48,32.59,24.46,3.72,1.62,4.24,246.5,17.71,5.37,99.83,100380.0,99830.0
2025-08-16,100.25,75.82,27.97,31.74,24.86,3.82,1.62,4.41,247.0,17.85,6.26,99.7,100250.0,99700.0
2025-08-17,100.29,83.03,27.01,30.56,24.69,3.52,2.35,4.34,236.2,18.58,12.03,99.74,100290.0,99740.0
2025-08-18,100.49,77.24,27.91,32.05,25.06,4.43,2.65,5.31,239.1,18.04,1.55,99.93,100490.0,99930.0
2025-08-19,100.54,71.99,28.49,33.83,24.16,4.89,1.75,5.3,250.3,17.32,1.86,99.99,100540.0,99990.0
2025-08-20,100.67,69.85,28.7,33.57,23.98,2.8,2.17,3.86,232.2,17.01,0.31,100.12,100670.0,100120.0
2025-08-21,100.82,73.15,28.97,33.0,25.37,1.08,1.15,2.69,223.2,18.06,5.29,100.27,100820.0,100270.0
2025-08-22,100.83,80.44,27.99,30.17,26.0,1.54,2.55,3.29,211.2,18.96,25.69,100.28,100830.0,100280.0
2025-08-23,100.81,85.26,26.76,28.12,25.91,2.06,1.37,3.48,236.4,18.79,17.58,100.26,100810.0,100260.0
2025-08-24,100.77,75.33,28.77,33.52,25.38,1.39,0.35,2.91,256.0,18.3,4.46,100.22,100770.0,100220.0
2025-08-25,100.72,73.42,28.7,32.33,25.15,1.88,0.36,2.88,259.3,17.8,0.06,100.17,100720.0,100170.0
2025-08-26,100.66,73.59,28.88,31.85,25.15,2.23,1.45,2.87,237.1,18.15,0.21,100.1,100660.0,100100.0
2025-08-27,100.57,77.58,28.31,31.4,25.61,1.8,1.64,3.22,227.7,18.6,0.93,100.02,100570.0,100020.0
2025-08-28,100.49,77.68,28.59,32.35,25.5,2.58,2.51,3.67,225.8,18.89,0.76,99.94,100490.0,99940.0
2025-08-29,100.56,74.17,28.89,32.92,25.28,2.49,2.54,3.81,224.4,18.34,0.97,100.01,100560.0,100010.0
2025-08-30,100.68,73.78,29.37,33.91,24.84,2.46,0.92,3.04,249.6,18.63,13.45,100.12,100680.0,100120.0
2025-08-31,100.63,75.18,29.12,33.17,25.5,2.03,0.61,2.9,253.3,18.75,10.11,100.08,100630.0,100080.0
2025-09-01,100.45,77.94,28.44,32.04,25.61,3.18,-0.13,3.73,272.4,18.84,8.21,99.9,100450.0,99900.0
2025-09-02,100.42,76.56,28.55,32.54,25.5,3.18,-0.68,3.4,282.1,18.65,3.33,99.87,100420.0,99870.0
2025-09-03,100.42,76.6,28.86,33.13,25.38,2.82,0.98,4.09,250.8,18.88,2.16,99.87,100420.0,99870.0
2025-09-04,100.51,76.85,28.81,32.72,25.61,2.25,1.44,4.01,237.3,18.9,1.66,99.96,100510.0,99960.0
2025-09-05,100.63,75.57,28.98,33.05,25.73,1.26,0.88,2.75,235.2,18.66,1.34,100.08,100630.0,100080.0
2025-09-06,100.7,75.0,29.35,33.49,26.06,0.84,1.3,2.71,212.9,18.9,3.3,100.15,100700.0,100150.0
2025-09-07,100.67,76.44,29.14,32.42,26.19,1.15,0.35,2.9,253.3,19.13,4.69,100.12,100670.0,100120.0
2025-09-08,100.65,75.91,29.01,32.73,25.64,1.08,0.12,2.91,263.5,18.85,2.33,100.1,100650.0,100100.0
2025-09-09,100.75,76.44,28.91,32.38,26.17,0.61,2.29,2.95,194.9,18.86,0.34,100.2,100750.0,100200.0
2025-09-10,100.72,79.14,28.77,32.03,26.3,1.4,3.02,3.51,204.9,19.46,4.93,100.17,100720.0,100170.0
2025-09-11,100.69,81.77,27.8,30.1,25.34,1.56,-0.13,2.66,274.9,19.08,4.48,100.14,100690.0,100140.0
2025-09-12,100.69,78.02,28.26,31.49,25.59,1.23,0.79,2.17,237.2,18.63,4.13,100.13,100690.0,100130.0
2025-09-13,100.71,82.38,27.78,30.12,25.88,1.13,1.59,2.17,215.4,19.23,5.7,100.16,100710.0,100160.0
2025-09-14,100.75,79.39,28.24,31.69,25.83,0.36,2.87,3.38,187.2,18.91,2.34,100.2,100750.0,100200.0
2025-09-15,100.7,79.06,28.43,31.77,25.81,1.14,2.35,3.35,205.8,19.03,2.9,100.15,100700.0,100150.0
2025-09-16,100.69,80.27,28.66,31.7,26.07,0.14,2.42,2.76,183.2,19.62,23.12,100.14,100690.0,100140.0
2025-09-17,100.71,85.2,27.65,29.51,26.03,0.94,3.24,3.49,196.2,19.77,10.36,100.15,100710.0,100150.0
2025-09-18,100.72,86.08,27.18,29.51,25.66,0.92,1.47,2.32,212.0,19.42,12.65,100.17,100720.0,100170.0
2025-09-19,100.79,84.36,27.27,29.78,24.99,2.11,1.92,2.95,227.7,19.11,32.99,100.24,100790.0,100240.0
2025-09-20,100.7,79.98,28.19,31.75,24.92,3.05,1.06,3.42,250.8,19.05,2.88,100.15,100700.0,100150.0
2025-09-21,100.65,80.96,27.89,30.0,25.45,1.38,-0.52,2.18,290.6,19.03,2.84,100.1,100650.0,100100.0
2025-09-22,100.7,80.22,28.36,31.61,25.26,2.34,0.44,2.77,259.3,19.31,6.84,100.15,100700.0,100150.0
2025-09-23,100.76,79.78,28.0,31.36,25.42,3.22,-0.51,3.42,279.1,18.75,3.03,100.21,100760.0,100210.0
2025-09-24,100.62,76.68,27.84,31.61,25.09,3.91,-0.68,4.16,279.8,17.81,0.07,100.07,100620.0,100070.0
2025-09-25,100.5,76.85,28.44,32.4,24.42,3.49,-0.09,3.9,271.5,18.55,3.02,99.95,100500.0,99950.0
2025-09-26,100.43,78.72,28.13,32.31,24.68,4.11,0.78,4.37,259.2,18.67,1.68,99.88,100430.0,99880.0
2025-09-27,100.57,76.8,27.69,32.39,24.22,4.59,1.12,4.8,256.3,17.64,2.89,100.02,100570.0,100020.0
2025-09-28,100.62,79.27,28.06,32.25,24.18,2.82,2.41,4.16,229.5,18.73,1.08,100.07,100620.0,100070.0
2025-09-29,100.62,75.92,28.73,32.47,24.57,2.96,0.39,3.17,262.6,18.59,2.11,100.07,100620.0,100070.0
2025-09-30,100.56,72.8,28.48,32.21,24.72,2.34,-1.51,3.06,302.8,17.52,1.05,100.01,100560.0,100010.0
2025-10-01,100.51,74.45,28.57,32.46,25.52,2.43,-1.12,3.33,294.7,18.1,0.73,99.96,100510.0,99960.0
2025-10-02,100.69,76.65,28.64,32.65,25.45,1.88,1.4,3.05,233.4,18.62,4.88,100.14,100690.0,100140.0
2025-10-03,100.92,78.8,28.16,30.84,25.65,1.46,1.39,2.36,226.4,18.69,15.28,100.37,100920.0,100370.0
2025-10-04,101.0,77.69,28.23,31.11,25.19,1.58,0.49,2.48,252.9,18.47,3.09,100.45,101000.0,100450.0
2025-10-05,100.97,78.79,28.24,31.78,24.37,1.66,2.01,3.02,219.5,18.73,8.16,100.42,100970.0,100420.0
2025-10-06,101.01,78.76,28.18,30.83,25.75,1.34,1.05,2.26,232.0,18.7,6.04,100.46,101010.0,100460.0
2025-10-07,101.01,74.91,28.65,31.74,25.86,0.62,0.19,1.53,252.6,18.24,2.45,100.45,101010.0,100450.0
2025-10-08,101.0,80.7,28.03,31.58,25.32,0.15,2.56,2.83,183.4,18.96,1.86,100.44,101000.0,100440.0
2025-10-09,101.01,82.53,27.61,30.75,24.93,0.49,2.05,2.64,193.4,18.95,2.08,100.45,101010.0,100450.0
2025-10-10,100.9,80.24,27.22,29.89,25.24,-0.18,1.18,1.8,171.6,18.01,3.36,100.34,100900.0,100340.0
2025-10-11,100.85,78.52,27.74,31.71,23.98,0.2,-0.45,2.34,336.0,18.13,1.78,100.29,100850.0,100290.0
2025-10-12,100.82,81.11,27.78,30.82,25.59,-1.43,-0.65,2.12,65.7,18.89,5.67,100.26,100820.0,100260.0
2025-10-13,100.85,80.11,27.68,31.08,25.13,-1.32,-0.71,2.37,61.6,18.5,5.7,100.3,100850.0,100300.0
2025-10-14,100.73,81.23,27.63,30.59,25.43,-2.49,-0.75,2.71,73.2,18.79,5.44,100.18,100730.0,100180.0
2025-10-15,100.69,83.57,27.48,30.01,25.48,-2.64,-2.75,3.83,43.8,19.17,8.9,100.14,100690.0,100140.0
2025-10-16,100.71,86.73,27.46,29.62,26.23,-3.0,-0.46,3.34,81.2,19.93,11.8,100.16,100710.0,100160.0
2025-10-17,100.87,87.12,27.18,29.08,25.52,-3.06,-1.61,3.47,62.3,19.67,15.75,100.32,100870.0,100320.0
2025-10-18,100.87,86.6,26.75,28.81,25.12,-1.47,-0.99,2.0,56.0,19.06,16.69,100.31,100870.0,100310.0
2025-10-19,100.78,86.09,26.65,28.36,25.02,-2.33,-0.63,2.5,74.8,18.84,3.9,100.23,100780.0,100230.0
2025-10-20,100.75,88.73,26.53,27.98,25.46,-2.62,-1.85,3.26,54.8,19.31,30.24,100.19,100750.0,100190.0
2025-10-21,100.71,87.08,27.01,29.27,25.66,-3.63,-3.34,4.98,47.4,19.5,46.95,100.15,100710.0,100150.0
2025-10-22,100.71,90.14,26.73,27.74,25.87,-2.96,0.58,3.96,101.1,19.91,41.19,100.16,100710.0,100160.0
2025-10-23,100.82,88.5,26.94,28.63,25.6,-0.29,2.19,2.26,172.4,19.73,12.37,100.26,100820.0,100260.0
2025-10-24,100.92,87.32,26.32,27.58,25.17,0.05,-0.46,1.41,353.8,18.74,20.42,100.37,100920.0,100370.0
2025-10-25,100.93,86.75,26.27,28.12,24.88,-0.15,-2.07,2.35,4.3,18.55,7.48,100.37,100930.0,100370.0
2025-10-26,100.92,87.4,26.38,27.98,24.84,-0.59,-2.12,2.42,15.5,18.82,6.08,100.36,100920.0,100360.0
2025-10-27,100.78,87.71,25.93,27.92,24.21,3.17,-3.75,5.1,319.8,18.42,16.29,100.22,100780.0,100220.0
2025-10-28,100.52,85.41,25.79,29.28,23.67,5.72,-0.38,5.84,273.8,17.79,26.33,99.97,100520.0,99970.0
2025-10-29,100.67,84.37,26.66,31.06,22.29,2.19,3.74,4.75,210.3,18.4,0.04,100.12,100670.0,100120.0
2025-10-30,100.91,81.01,27.39,31.52,23.09,0.73,1.46,2.6,206.6,18.31,0.13,100.35,100910.0,100350.0
2025-10-31,101.05,81.1,27.86,31.48,24.92,0.03,1.36,2.24,181.4,18.81,0.07,100.5,101050.0,100500.0
2025-11-01,101.08,82.24,27.86,31.1,24.99,0.56,1.91,2.38,196.4,19.15,0.02,100.53,101080.0,100530.0
2025-11-02,101.1,81.91,27.66,29.92,25.28,2.1,0.51,2.74,256.4,18.9,0.39,100.55,101100.0,100550.0
2025-11-03,101.02,79.96,27.92,31.3,25.05,1.95,-0.96,2.49,296.3,18.68,0.86,100.47,101020.0,100470.0
2025-11-04,100.96,82.39,27.1,29.6,24.42,2.11,-1.41,3.06,303.7,18.44,4.18,100.41,100960.0,100410.0
2025-11-05,100.85,81.73,27.3,30.3,24.4,0.31,-0.93,2.07,341.5,18.51,4.79,100.3,100850.0,100300.0
2025-11-06,100.95,81.81,27.21,29.64,25.24,0.25,-1.52,1.98,350.6,18.45,10.41,100.39,100950.0,100390.0
2025-11-07,101.06,79.57,27.12,30.42,24.68,-0.92,-2.75,3.04,18.6,17.74,0.94,100.5,101060.0,100500.0
2025-11-08,101.17,76.93,26.19,30.07,23.58,-0.35,-4.06,4.1,4.9,16.15,0.35,100.61,101170.0,100610.0
2025-11-09,101.1,80.07,25.22,28.23,22.39,-0.45,-4.25,4.34,6.1,16.03,0.02,100.54,101100.0,100540.0
2025-11-10,101.09,80.46,25.99,29.04,23.33,-0.84,-3.98,4.2,11.9,16.86,0.05,100.53,101090.0,100530.0
2025-11-11,101.15,82.85,26.21,29.15,23.71,-1.33,-3.84,4.15,19.1,17.57,0.07,100.59,101150.0,100590.0
2025-11-12,101.21,81.94,26.72,29.74,24.57,-2.58,-3.24,4.22,38.5,17.87,0.02,100.65,101210.0,100650.0
2025-11-13,101.28,82.63,26.6,29.56,24.75,-3.51,-2.81,4.54,51.4,17.92,0.65,100.72,101280.0,100720.0
2025-11-14,101.27,74.82,25.16,28.27,22.97,-2.77,-4.3,5.15,32.8,14.8,0.02,100.71,101270.0,100710.0
2025-11-15,101.33,78.07,25.35,28.69,22.87,-2.02,-4.22,4.77,25.6,15.68,0.4,100.77,101330.0,100770.0
2025-11-16,101.38,84.68,25.39,27.79,23.94,-1.62,-5.83,6.09,15.5,17.08,3.91,100.82,101380.0,100820.0
2025-11-17,101.3,87.62,24.4,26.0,23.2,-0.04,-6.86,6.87,0.3,16.68,11.36,100.74,101300.0,100740.0
2025-11-18,101.15,88.16,25.27,27.66,23.4,-2.83,-1.98,4.14,55.0,17.71,24.32,100.59,101150.0,100590.0
2025-11-19,101.2,80.32,25.66,29.08,23.29,-2.7,-3.9,4.95,34.7,16.44,1.21,100.64,101200.0,100640.0
2025-11-20,101.23,84.71,25.15,28.04,22.33,-0.9,-5.35,5.46,9.5,16.92,2.51,100.68,101230.0,100680.0
2025-11-21,101.29,87.17,26.53,29.06,24.51,-2.73,-2.82,4.02,44.1,18.82,7.87,100.73,101290.0,100730.0
2025-11-22,101.27,86.99,26.72,28.8,25.59,-4.14,-2.28,4.73,61.1,19.03,7.69,100.71,101270.0,100710.0
2025-11-23,101.27,86.86,26.55,28.26,25.45,-4.18,-2.08,4.69,63.5,18.82,6.74,100.72,101270.0,100720.0
2025-11-24,101.32,84.46,25.92,27.93,24.24,-4.3,-2.66,5.06,58.2,17.6,2.33,100.77,101320.0,100770.0
2025-11-25,101.33,80.07,25.25,27.56,23.72,-3.45,-3.54,4.96,44.3,16.0,0.32,100.77,101330.0,100770.0
2025-11-26,101.33,79.42,25.01,27.13,23.67,-3.6,-3.64,5.14,44.6,15.66,0.04,100.76,101330.0,100760.0
2025-11-27,101.32,75.94,25.29,27.8,23.61,-4.26,-4.04,5.92,46.6,15.19,0.15,100.75,101320.0,100750.0
2025-11-28,101.18,78.44,24.85,27.33,23.39,-2.93,-5.56,6.32,27.8,15.32,0.83,100.61,101180.0,100610.0
2025-11-29,100.95,86.83,25.08,27.17,23.65,-3.58,-6.15,7.18,30.2,17.29,18.97,100.4,100950.0,100400.0
2025-11-30,100.7,91.14,25.24,26.56,24.22,-3.44,-8.93,9.59,21.1,18.41,19.99,100.15,100700.0,100150.0
2025-12-01,100.76,90.03,25.29,26.83,24.11,2.36,-8.59,9.21,344.6,18.2,18.38,100.21,100760.0,100210.0
2025-12-02,100.81,91.62,25.51,27.57,23.59,-1.78,-6.6,7.76,15.1,18.79,97.64,100.26,100810.0,100260.0
2025-12-03,101.1,90.53,25.91,27.31,24.7,-4.44,-0.58,4.6,82.6,18.94,10.99,100.54,101100.0,100540.0
2025-12-04,101.29,87.82,25.86,28.55,24.15,-3.56,-2.65,4.46,53.4,18.24,17.1,100.73,101290.0,100730.0
2025-12-05,101.4,86.28,25.55,27.69,24.36,-3.64,-4.2,5.59,40.9,17.56,3.6,100.84,101400.0,100840.0
2025-12-06,101.46,84.64,25.3,28.13,23.43,-2.79,-4.19,5.07,33.7,16.93,0.7,100.9,101460.0,100900.0
2025-12-07,101.46,83.54,24.55,27.24,22.45,-2.53,-3.94,4.69,32.7,15.99,0.08,100.9,101460.0,100900.0
2025-12-08,101.41,82.71,24.09,27.14,21.96,-1.69,-5.0,5.32,18.7,15.4,0.03,100.85,101410.0,100850.0
2025-12-09,101.33,84.61,24.33,27.11,22.49,-2.01,-5.13,5.59,21.4,16.02,0.29,100.77,101330.0,100770.0
2025-12-10,101.39,79.54,24.06,27.07,21.59,-2.26,-4.81,5.34,25.2,14.77,0.0,100.83,101390.0,100830.0
2025-12-11,101.36,78.99,24.42,27.47,22.14,-2.82,-4.45,5.29,32.4,14.98,0.0,100.8,101360.0,100800.0
2025-12-12,101.33,76.75,23.73,26.87,20.93,-2.66,-3.95,4.78,34.0,13.96,0.06,100.77,101330.0,100770.0
2025-12-13,101.37,75.02,22.57,26.44,19.38,-2.18,-3.58,4.26,31.4,12.68,0.0,100.81,101370.0,100810.0
2025-12-14,101.4,74.27,22.78,26.56,19.96,-2.68,-3.21,4.19,39.9,12.74,0.0,100.83,101400.0,100830.0
2025-12-15,101.37,77.67,23.34,27.04,20.16,-2.43,-3.84,4.56,32.3,13.82,0.03,100.81,101370.0,100810.0
2025-12-16,101.29,87.34,24.93,28.13,22.48,-3.7,-3.8,5.55,44.3,17.2,6.23,100.73,101290.0,100730.0
2025-12-17,101.45,83.73,24.36,26.89,21.48,-2.92,-4.7,5.54,31.9,15.84,0.35,100.89,101450.0,100890.0
2025-12-18,101.44,80.39,23.22,26.6,20.72,-2.56,-3.71,4.52,34.7,14.17,0.0,100.88,101440.0,100880.0
2025-12-19,101.31,75.22,22.93,26.48,20.11,-2.18,-2.7,3.5,38.9,13.01,0.0,100.75,101310.0,100750.0
2025-12-20,101.23,74.68,22.72,26.22,19.56,-1.61,-2.36,2.94,34.2,12.78,0.01,100.67,101230.0,100670.0
2025-12-21,101.29,77.23,23.17,26.97,20.53,-2.04,-2.64,3.48,37.7,13.54,0.0,100.72,101290.0,100720.0
2025-12-22,101.27,76.88,23.58,27.43,20.46,-2.64,-2.74,3.88,43.9,13.89,0.0,100.7,101270.0,100700.0
2025-12-23,101.23,75.26,23.41,27.18,20.11,-1.75,-3.02,3.53,30.1,13.35,0.0,100.66,101230.0,100660.0
2025-12-24,101.23,71.04,23.32,27.01,20.62,-1.99,-2.98,3.59,33.7,12.54,0.0,100.67,101230.0,100670.0
2025-12-25,101.3,79.71,23.38,27.31,20.0,-2.48,-3.18,4.17,38.0,14.23,0.03,100.73,101300.0,100730.0
2025-12-26,101.3,73.93,23.7,27.11,21.06,-2.74,-3.06,4.14,41.8,13.35,0.0,100.73,101300.0,100730.0
2025-12-27,101.32,72.36,23.83,27.53,21.06,-2.19,-2.86,3.65,37.5,13.19,0.01,100.75,101320.0,100750.0
2025-12-28,101.39,72.97,23.68,27.45,20.94,-2.17,-2.98,3.71,36.0,13.16,0.02,100.82,101390.0,100820.0
2025-12-29,101.35,78.82,23.45,27.14,20.9,-2.29,-3.71,4.4,31.7,14.09,0.02,100.78,101350.0,100780.0
2025-12-30,101.25,85.17,23.7,26.95,20.37,-1.4,-3.26,3.7,23.2,15.55,0.33,100.69,101250.0,100690.0
2025-12-31,101.08,86.75,24.67,27.82,22.14,-2.07,-3.05,3.79,34.1,16.78,5.15,100.52,101080.0,100520.0
2026-01-01,101.11,85.81,24.68,27.36,22.93,-2.96,-2.59,3.97,48.7,16.62,1.16,100.55,101110.0,100550.0
2026-01-02,101.31,83.53,24.86,28.0,22.7,-2.89,-2.93,4.15,44.6,16.3,0.01,100.75,101310.0,100750.0
2026-01-03,101.41,80.9,24.14,27.65,21.64,-3.58,-2.82,4.59,51.8,15.02,0.0,100.85,101410.0,100850.0
2026-01-04,101.5,78.04,23.39,27.17,20.42,-2.98,-3.46,4.6,40.7,13.83,0.0,100.93,101500.0,100930.0
2026-01-05,101.56,75.3,23.5,27.13,21.11,-3.2,-3.7,4.91,40.9,13.43,0.0,100.99,101560.0,100990.0
2026-01-06,101.57,76.55,23.67,26.74,21.44,-4.02,-3.66,5.44,47.6,13.83,0.14,101.0,101570.0,101000.0
2026-01-07,101.64,75.43,23.48,26.5,21.56,-4.26,-4.07,5.9,46.3,13.45,0.02,101.07,101640.0,101070.0
2026-01-08,101.66,72.86,23.55,26.87,21.43,-4.26,-4.07,5.91,46.3,13.03,0.0,101.09,101660.0,101090.0
2026-01-09,101.52,76.28,23.59,26.36,21.58,-3.94,-4.69,6.15,40.1,13.76,0.3,100.96,101520.0,100960.0
2026-01-10,101.42,80.57,23.74,26.19,21.99,-3.46,-5.27,6.36,33.3,14.68,0.37,100.86,101420.0,100860.0
2026-01-11,101.53,86.58,24.02,26.72,22.41,-3.48,-5.24,6.38,33.5,16.07,1.87,100.97,101530.0,100970.0
2026-01-12,101.63,83.07,24.54,27.34,22.56,-3.75,-4.34,5.88,40.9,15.86,1.08,101.06,101630.0,101060.0
2026-01-13,101.6,80.36,24.74,28.08,22.38,-3.08,-2.68,4.09,49.0,15.48,0.0,101.04,101600.0,101040.0
2026-01-14,101.45,78.53,24.19,28.07,21.48,-2.14,-0.97,2.47,65.7,14.59,0.0,100.89,101450.0,100890.0
2026-01-15,101.34,78.79,24.1,28.06,21.15,-2.02,-0.66,2.25,71.9,14.6,0.0,100.78,101340.0,100780.0
2026-01-16,101.38,77.95,24.01,28.2,21.27,-1.87,-1.58,2.49,49.8,14.25,0.0,100.81,101380.0,100810.0
2026-01-17,101.29,79.35,22.94,27.13,19.83,-1.68,-2.2,2.9,37.4,13.62,0.0,100.72,101290.0,100720.0
2026-01-18,101.18,74.88,23.0,27.19,20.43,-1.82,-0.9,2.08,63.7,12.95,0.0,100.62,101180.0,100620.0
2026-01-19,101.25,72.54,23.08,27.89,19.85,-2.17,-0.9,2.49,67.6,12.56,0.0,100.69,101250.0,100690.0
2026-01-20,101.28,76.08,22.84,27.27,19.19,-2.25,-2.42,3.38,42.9,13.03,0.0,100.72,101280.0,100720.0
2026-01-21,101.39,75.08,22.84,27.14,19.4,-2.92,-2.91,4.17,45.0,12.83,0.02,100.83,101390.0,100830.0
2026-01-22,101.47,69.69,23.19,27.55,19.63,-3.3,-3.25,4.67,45.5,12.12,0.02,100.9,101470.0,100900.0
2026-01-23,101.51,79.17,23.46,26.47,20.11,-2.66,-3.91,4.81,34.3,14.22,3.36,100.94,101510.0,100940.0
2026-01-24,101.52,83.75,24.39,27.43,22.61,-3.98,-4.7,6.24,40.3,15.84,10.76,100.96,101520.0,100960.0
2026-01-25,101.46,83.86,24.45,27.5,22.58,-3.42,-3.09,4.73,47.9,15.95,17.38,100.9,101460.0,100900.0
2026-01-26,101.57,81.89,24.52,27.77,22.38,-3.36,-2.11,4.01,57.9,15.58,7.47,101.01,101570.0,101010.0
2026-01-27,101.64,77.16,24.25,28.04,21.73,-3.21,-2.18,3.9,55.8,14.36,0.07,101.07,101640.0,101070.0
2026-01-28,101.55,78.59,23.71,27.58,21.15,-2.83,-1.74,3.35,58.5,14.18,0.0,100.99,101550.0,100990.0
2026-01-29,101.49,78.41,23.55,27.59,20.44,-2.98,-2.1,3.67,54.8,14.02,0.0,100.92,101490.0,100920.0
2026-01-30,101.57,75.88,23.31,27.88,19.82,-3.06,-2.66,4.08,49.0,13.28,0.0,101.0,101570.0,101000.0
2026-01-31,101.59,75.2,23.16,27.57,19.28,-3.32,-2.82,4.37,49.6,13.09,0.0,101.03,101590.0,101030.0
2026-02-01,101.57,75.42,23.87,27.81,21.13,-3.46,-3.08,4.64,48.4,13.74,0.0,101.0,101570.0,101000.0
2026-02-02,101.53,76.88,23.96,28.19,20.74,-3.3,-3.17,4.59,46.2,14.06,0.0,100.96,101530.0,100960.0
2026-02-03,101.56,75.22,23.75,27.97,20.72,-3.06,-2.82,4.17,47.4,13.53,0.0,101.0,101560.0,101000.0
2026-02-04,101.56,75.11,23.97,28.47,20.98,-3.14,-3.17,4.49,44.7,13.7,0.01,100.99,101560.0,100990.0
2026-02-05,101.6,76.47,24.12,28.75,20.42,-2.63,-3.29,4.24,38.6,14.04,0.02,101.03,101600.0,101030.0
2026-02-06,101.6,77.96,23.77,28.49,20.2,-2.85,-3.25,4.39,41.3,13.96,0.0,101.03,101600.0,101030.0
2026-02-07,101.52,76.0,23.9,28.7,19.79,-2.51,-2.2,3.52,48.8,13.75,0.0,100.96,101520.0,100960.0
2026-02-08,101.38,72.66,24.23,29.45,20.08,-2.3,-1.57,3.06,55.6,13.35,0.0,100.81,101380.0,100810.0
2026-02-09,101.4,72.74,24.21,29.38,20.39,-2.99,-1.08,3.25,70.1,13.33,0.0,100.83,101400.0,100830.0
2026-02-10,101.45,73.87,23.72,28.61,20.32,-3.13,-1.96,3.73,58.0,13.2,0.0,100.88,101450.0,100880.0
2026-02-11,101.57,71.68,23.23,27.49,19.66,-3.23,-3.14,4.56,45.8,12.43,0.0,101.01,101570.0,101010.0
2026-02-12,101.46,75.4,23.68,28.56,19.7,-2.75,-3.35,4.37,39.4,13.5,0.01,100.9,101460.0,100900.0
2026-02-13,101.35,75.78,24.14,29.49,20.16,-2.78,-3.02,4.18,42.6,13.8,0.0,100.79,101350.0,100790.0
2026-02-14,101.33,74.85,24.47,29.87,20.28,-3.01,-2.0,3.69,56.4,13.88,0.0,100.77,101330.0,100770.0
2026-02-15,101.28,73.76,24.62,30.23,20.5,-2.17,-1.81,3.02,50.2,13.75,0.0,100.72,101280.0,100720.0
2026-02-16,101.2,71.35,24.79,30.23,21.05,-3.06,-1.15,3.34,69.3,13.5,0.0,100.64,101200.0,100640.0
2026-02-17,101.23,71.03,24.42,29.35,20.66,-3.9,-2.15,4.46,61.2,13.25,0.0,100.67,101230.0,100670.0
2026-02-18,101.22,71.07,24.6,29.43,21.01,-3.46,-1.45,3.86,67.3,13.41,0.0,100.67,101220.0,100670.0
2026-02-19,101.27,75.14,24.88,30.04,20.89,-3.45,-2.27,4.17,56.7,14.33,0.0,100.72,101270.0,100720.0
2026-02-20,101.29,78.43,26.13,30.94,22.39,-3.6,-2.95,4.73,50.7,16.27,0.01,100.73,101290.0,100730.0
2026-02-21,101.05,78.97,26.52,30.85,23.63,-3.42,-2.76,4.49,51.1,16.87,0.0,100.49,101050.0,100490.0
2026-02-22,100.86,78.78,26.61,30.96,23.58,-3.47,-3.0,4.63,49.1,16.93,0.28,100.31,100860.0,100310.0
2026-02-23,100.86,73.63,26.83,32.24,23.27,-3.25,-1.54,3.61,64.6,15.77,0.03,100.3,100860.0,100300.0
2026-02-24,100.99,76.95,26.22,31.18,22.88,-3.23,-1.23,3.48,69.1,15.97,0.0,100.43,100990.0,100430.0
2026-02-25,101.12,72.73,26.44,31.68,23.23,-2.5,-0.88,2.83,70.6,15.19,0.0,100.56,101120.0,100560.0
2026-02-26,101.02,67.52,26.62,32.96,21.65,-1.34,0.22,2.6,99.3,13.9,0.0,100.46,101020.0,100460.0
2026-02-27,100.87,68.54,26.75,32.96,21.96,-1.43,1.63,3.0,138.6,14.38,0.0,100.31,100870.0,100310.0
2026-02-28,100.86,70.24,26.74,32.63,22.33,-0.93,2.66,3.28,160.8,14.82,0.0,100.3,100860.0,100300.0
2026-03-01,100.95,69.67,26.57,32.46,22.17,-1.42,2.12,3.13,146.3,14.5,0.0,100.39,100950.0,100390.0
2026-03-02,101.08,64.14,26.7,32.89,22.06,-1.56,1.73,3.15,137.9,13.42,0.0,100.52,101080.0,100520.0
2026-03-03,101.16,62.46,26.64,32.57,22.46,-2.22,1.29,2.7,120.1,13.07,0.0,100.6,101160.0,100600.0
2026-03-04,101.18,63.18,26.75,32.92,21.99,-1.97,1.09,2.61,119.1,13.16,0.0,100.62,101180.0,100620.0
2026-03-05,101.02,65.66,27.3,34.3,21.58,-1.06,1.59,2.76,146.1,14.03,0.0,100.47,101020.0,100470.0
2026-03-06,100.89,66.97,27.51,34.91,21.93,0.06,2.62,3.5,181.3,14.28,0.0,100.34,100890.0,100340.0
2026-03-07,100.99,72.11,27.23,33.44,22.63,-1.29,3.81,4.64,161.3,15.61,0.0,100.43,100990.0,100430.0
2026-03-08,101.07,70.25,27.3,33.13,22.59,-2.39,2.89,4.03,140.3,15.36,0.0,100.52,101070.0,100520.0
2026-03-09,101.17,69.7,27.02,32.11,23.48,-3.4,1.49,3.88,113.7,15.11,0.0,100.62,101170.0,100620.0
2026-03-10,101.35,69.75,26.43,31.4,22.69,-3.87,0.2,3.89,93.0,14.67,0.0,100.78,101350.0,100780.0
2026-03-11,101.27,68.5,27.47,32.81,23.61,-3.17,0.2,3.22,93.6,15.22,0.0,100.71,101270.0,100710.0
2026-03-12,101.05,70.01,27.81,34.03,23.35,-2.19,1.67,3.05,127.2,15.66,0.0,100.5,101050.0,100500.0
2026-03-13,100.99,71.16,27.55,33.56,22.83,-1.73,2.99,3.82,150.0,15.66,0.0,100.44,100990.0,100440.0
2026-03-14,101.15,70.92,27.64,33.73,22.89,-1.98,3.41,4.15,149.8,15.62,0.0,100.59,101150.0,100590.0
2026-03-15,101.18,69.23,27.78,33.99,23.18,-2.16,3.12,4.04,145.4,15.34,0.0,100.63,101180.0,100630.0
2026-03-16,101.07,68.74,27.55,33.44,23.23,-2.36,2.86,3.85,140.5,15.06,0.0,100.51,101070.0,100510.0
2026-03-17,101.05,70.62,27.57,32.71,23.69,-2.87,2.3,3.85,128.7,15.77,0.09,100.49,101050.0,100490.0
2026-03-18,101.12,69.56,28.03,32.85,24.94,-3.43,1.17,3.67,108.9,16.03,3.57,100.56,101120.0,100560.0
2026-03-19,101.13,74.59,27.61,32.46,24.72,-2.67,0.79,3.21,106.6,16.78,10.14,100.57,101130.0,100570.0
2026-03-20,100.98,69.56,28.11,33.72,24.03,-1.86,1.58,2.78,130.3,15.93,0.19,100.43,100980.0,100430.0
2026-03-21,101.0,70.87,28.46,33.94,24.16,-1.52,2.37,3.21,147.3,16.67,0.12,100.45,101000.0,100450.0
2026-03-22,101.08,71.12,28.53,33.92,24.69,-2.11,2.91,3.8,144.1,16.77,0.08,100.53,101080.0,100530.0
2026-03-23,101.08,70.64,28.3,33.77,24.28,-2.36,2.11,3.37,131.8,16.43,0.0,100.53,101080.0,100530.0
2026-03-24,101.01,69.11,28.19,33.85,24.2,-2.54,2.44,3.68,133.8,15.93,0.0,100.46,101010.0,100460.0
2026-03-25,101.01,67.87,28.12,34.18,23.81,-2.13,2.3,3.6,137.2,15.54,0.0,100.46,101010.0,100460.0
2026-03-26,101.08,66.49,28.12,33.91,23.9,-2.62,1.23,3.02,115.2,15.22,0.0,100.53,101080.0,100530.0
2026-03-27,100.95,63.79,28.66,35.43,23.13,-1.53,2.47,3.3,148.2,14.81,0.0,100.4,100950.0,100400.0
2026-03-28,100.77,60.92,29.46,36.14,23.97,-0.93,3.13,3.84,163.4,14.79,0.0,100.22,100770.0,100220.0
2026-03-29,100.76,63.6,29.76,36.27,24.75,-0.95,3.65,4.32,165.5,15.86,0.0,100.21,100760.0,100210.0
2026-03-30,100.88,65.68,29.6,35.54,25.49,-1.36,4.09,4.58,161.6,16.34,0.02,100.33,100880.0,100330.0
2026-03-31,100.97,66.62,29.07,34.72,24.95,-2.96,2.38,4.03,128.8,16.11,0.0,100.42,100970.0,100420.0
2026-04-01,100.99,63.83,28.78,34.93,24.89,-2.92,1.89,3.67,123.0,15.02,0.0,100.43,100990.0,100430.0
2026-04-02,101.07,63.15,29.22,35.9,23.95,-2.26,2.41,3.64,136.9,15.1,0.09,100.51,101070.0,100510.0
2026-04-03,100.99,62.53,29.84,35.88,25.1,-1.35,2.73,3.7,153.7,15.54,0.02,100.44,100990.0,100440.0
2026-04-04,100.82,67.33,30.25,36.33,26.11,-1.19,3.24,4.06,159.9,17.51,1.48,100.27,100820.0,100270.0
2026-04-05,100.74,72.05,30.25,35.41,26.89,-1.34,2.54,3.35,152.2,18.93,5.37,100.19,100740.0,100190.0
2026-04-06,100.82,72.91,30.46,35.47,27.6,-1.76,2.49,3.37,144.8,19.45,1.27,100.27,100820.0,100270.0
2026-04-07,100.81,69.8,30.88,36.92,26.81,-1.33,2.52,3.54,152.2,18.76,0.99,100.27,100810.0,100270.0
2026-04-08,100.81,67.78,30.79,36.04,27.02,-1.26,3.55,4.31,160.4,18.27,0.07,100.26,100810.0,100260.0
2026-04-09,100.9,67.44,30.75,35.86,27.32,-1.33,4.46,4.93,163.4,18.19,0.08,100.35,100900.0,100350.0
2026-04-10,101.01,67.27,30.72,36.07,26.97,-1.91,3.76,4.53,153.1,18.13,0.15,100.46,101010.0,100460.0
2026-04-11,100.95,64.43,30.98,37.16,26.49,-1.79,3.47,4.6,152.7,17.31,0.01,100.4,100950.0,100400.0
2026-04-12,100.84,64.47,30.62,36.4,26.51,-1.89,4.04,4.79,155.0,17.1,0.0,100.29,100840.0,100290.0
2026-04-13,100.88,65.15,30.46,36.99,25.87,-1.61,3.53,4.22,155.5,16.91,0.0,100.34,100880.0,100340.0
2026-04-14,100.89,63.58,30.71,37.31,25.67,-1.17,3.91,4.32,163.4,16.53,0.0,100.34,100890.0,100340.0
2026-04-15,100.7,66.26,31.01,37.56,26.17,-1.01,4.48,4.96,167.2,17.8,0.01,100.15,100700.0,100150.0
2026-04-16,100.72,66.53,31.16,37.09,26.99,-1.02,4.94,5.28,168.4,18.1,0.02,100.17,100720.0,100170.0
2026-04-17,100.8,65.01,31.0,37.37,26.08,-1.68,3.89,4.65,156.7,17.47,0.01,100.25,100800.0,100250.0
2026-04-18,100.8,62.65,31.02,37.29,26.7,-1.87,3.97,4.68,154.8,16.79,0.01,100.25,100800.0,100250.0
2026-04-19,100.77,61.11,31.0,37.46,26.57,-1.56,4.59,5.07,161.2,16.4,0.0,100.22,100770.0,100220.0
2026-04-20,100.75,68.48,30.39,35.04,26.77,-1.35,4.4,4.74,162.9,18.19,0.02,100.21,100750.0,100210.0
2026-04-21,100.72,64.78,31.07,37.55,26.18,-1.07,3.92,4.71,164.8,17.46,0.02,100.17,100720.0,100170.0
2026-04-22,100.72,66.53,30.41,35.67,27.08,-1.16,3.38,3.93,161.0,17.56,0.01,100.18,100720.0,100180.0
2026-04-23,100.66,65.29,30.97,36.78,26.82,-1.24,3.99,4.46,162.8,17.61,0.0,100.11,100660.0,100110.0
2026-04-24,100.68,66.53,30.96,36.57,27.37,-1.21,4.25,4.59,164.1,18.05,0.01,100.13,100680.0,100130.0
2026-04-25,100.79,66.67,30.81,35.55,27.42,-1.11,4.33,4.74,165.6,18.07,0.01,100.24,100790.0,100240.0
2026-04-26,100.72,62.43,31.46,37.75,26.51,-1.05,4.55,4.94,166.9,17.08,0.0,100.18,100720.0,100180.0
2026-04-27,100.59,63.25,31.41,37.89,26.54,-0.76,5.19,5.54,171.6,17.35,0.0,100.05,100590.0,100050.0
2026-04-28,100.58,66.56,31.6,37.54,27.2,-0.86,4.94,5.37,170.1,18.63,0.03,100.04,100580.0,100040.0
2026-04-29,100.63,68.7,31.45,36.63,27.98,-0.5,5.44,5.62,174.7,19.34,0.1,100.08,100630.0,100080.0
2026-04-30,100.66,66.79,32.05,37.78,27.82,-0.35,5.29,5.69,176.3,19.27,1.44,100.12,100660.0,100120.0
2026-05-01,100.67,61.4,32.47,37.52,28.91,0.55,4.46,4.68,187.0,18.36,1.98,100.07,100670.0,100070.0
2026-05-02,100.56,60.99,32.56,38.8,28.02,-0.05,4.34,4.77,179.4,18.21,1.97,99.96,100560.0,99960.0
2026-05-03,100.53,60.06,32.85,39.73,28.04,0.29,3.32,3.91,184.9,18.15,4.04,99.94,100530.0,99940.0
2026-05-04,100.61,61.12,32.12,38.51,28.34,-0.58,1.9,2.99,163.0,17.77,3.57,100.01,100610.0,100010.0
2026-05-05,100.68,64.16,31.15,36.59,27.67,-1.12,1.38,2.87,140.8,17.73,2.05,100.08,100680.0,100080.0
2026-05-06,100.69,67.4,30.88,36.18,27.42,-1.93,1.83,3.23,133.4,18.41,1.69,100.08,100690.0,100080.0
2026-05-07,100.67,67.43,30.95,36.3,27.68,-2.33,0.41,2.56,99.9,18.55,4.22,100.07,100670.0,100070.0
2026-05-08,100.74,72.76,30.34,34.08,27.79,-3.1,-0.48,3.2,81.2,19.56,6.68,100.13,100740.0,100130.0
2026-05-09,100.75,73.72,30.12,34.01,27.85,-2.81,-1.08,3.15,69.0,19.59,9.91,100.14,100750.0,100140.0
2026-05-10,100.66,70.26,30.23,34.92,26.92,-2.49,-1.32,3.1,62.1,18.64,0.88,100.05,100660.0,100050.0
2026-05-11,100.59,67.83,30.68,35.55,27.47,-2.15,-2.16,3.19,44.8,18.41,1.31,99.99,100590.0,99990.0
2026-05-12,100.43,69.41,30.36,35.44,26.53,-1.84,-2.97,3.75,31.7,18.51,0.26,99.82,100430.0,99820.0
2026-05-13,100.33,64.62,30.92,35.85,27.05,-1.25,-2.27,2.97,28.9,17.73,0.53,99.73,100330.0,99730.0
2026-05-14,100.26,64.7,31.48,37.35,27.94,-1.22,-2.1,3.12,30.1,18.27,0.85,99.65,100260.0,99650.0
2026-05-15,100.26,67.01,30.74,34.74,27.51,-1.07,-1.76,2.82,31.3,18.4,0.12,99.66,100260.0,99660.0
2026-05-16,100.31,67.59,31.52,37.06,27.68,-1.39,-0.14,2.7,84.1,19.26,1.72,99.71,100310.0,99710.0
2026-05-17,,,,,,,,,,,,,,
2026-05-18,,,,,,,,,,,,,,
2026-05-19,,,,,,,,,,,,,,
2026-05-20,100.37,61.37,32.42,37.87,28.17,3.82,2.58,4.78,236.0,18.37,2.72,99.77,100370.0,99770.0
2026-05-21,100.35,57.48,33.56,40.37,28.36,1.7,1.9,3.66,221.8,18.3,3.55,99.76,100350.0,99760.0
2026-05-22,100.52,61.38,33.47,39.87,28.95,1.47,0.13,3.31,264.8,19.45,4.16,99.92,100520.0,99920.0
2026-05-23,100.6,60.44,32.28,35.96,28.78,2.88,0.56,3.33,259.0,18.07,3.79,100.0,100600.0,100000.0
2026-05-24,100.62,61.21,32.63,38.62,28.08,1.59,1.04,3.36,236.6,18.67,3.96,100.02,100620.0,100020.0
2026-05-25,100.57,58.52,33.0,39.91,28.24,1.12,1.9,3.38,210.6,17.9,3.05,99.97,100570.0,99970.0
2026-05-26,100.6,60.92,32.69,38.84,28.26,1.01,1.96,3.23,207.2,18.44,2.57,100.0,100600.0,100000.0
2026-05-27,100.63,57.9,32.86,39.19,28.39,0.87,1.14,3.49,217.2,17.47,0.97,100.03,100630.0,100030.0
2026-05-28,100.65,60.84,33.26,39.95,28.36,0.78,2.22,3.86,199.3,18.91,2.14,100.05,100650.0,100050.0
2026-05-29,100.6,59.71,33.41,39.59,28.65,0.5,1.0,2.74,206.4,18.81,2.98,100.0,100600.0,100000.0
2026-05-30,100.59,60.38,32.79,38.59,29.03,0.81,0.67,3.08,230.3,18.39,4.09,99.99,100590.0,99990.0
2026-05-31,100.63,67.41,32.13,38.36,28.48,0.09,2.12,3.49,182.4,19.69,3.14,100.03,100630.0,100030.0
2026-06-01,100.7,62.07,32.22,38.93,27.94,0.99,1.2,3.13,219.4,18.06,4.87,100.1,100700.0,100100.0
2026-06-02,100.64,64.45,31.92,37.93,27.73,1.33,3.61,4.32,200.3,18.62,3.94,100.04,100640.0,100040.0
