date,SLP,RH2m,TMP2m,TMP2m_max,TMP2m_min,U10m,V10m,WS,WD,QV2m,PRCP,PS,PRmsl,PS_Pa
2021-01-01,101.14,73.72,24.52,31.35,19.28,-1.2,0.85,3.03,125.2,14.02,0.03,100.04,101140.0,100040.0
2021-01-02,101.21,76.92,23.85,28.52,21.02,0.2,-0.88,2.01,347.4,14.1,0.02,100.11,101210.0,100110.0
2021-01-03,101.1,71.22,23.59,29.32,19.98,0.56,-1.06,1.91,332.0,12.79,0.01,100.0,101100.0,100000.0
2021-01-04,101.06,71.52,23.68,29.5,19.22,0.4,-0.48,1.94,320.3,12.93,0.08,99.96,101060.0,99960.0
2021-01-05,101.18,71.57,23.33,29.57,19.31,0.0,-1.67,2.04,360.0,12.63,0.08,100.08,101180.0,100080.0
2021-01-06,101.14,68.91,23.69,30.64,19.04,0.24,-1.92,2.43,352.7,12.41,0.0,100.03,101140.0,100030.0
2021-01-07,100.92,75.7,24.45,29.32,19.83,-0.79,-0.35,1.89,66.0,14.6,0.6,99.82,100920.0,99820.0
2021-01-08,100.83,81.37,25.0,29.26,21.76,0.41,-0.53,1.84,322.5,16.06,3.32,99.74,100830.0,99740.0
2021-01-09,100.9,79.22,25.53,30.81,21.45,-0.08,-1.13,1.88,3.8,16.03,3.92,99.8,100900.0,99800.0
2021-01-10,101.0,76.34,26.17,31.41,22.78,-1.02,-0.38,2.47,69.6,15.97,0.19,99.91,101000.0,99910.0
2021-01-11,101.07,68.57,26.9,33.66,22.02,-1.41,-0.53,2.36,69.4,14.52,0.02,99.98,101070.0,99980.0
2021-01-12,101.13,60.23,27.02,34.73,21.15,-2.13,-1.04,3.09,64.1,12.98,0.0,100.04,101130.0,100040.0
2021-01-13,101.12,60.54,26.35,33.79,21.27,-1.14,-1.2,2.74,43.5,12.54,0.0,100.03,101120.0,100030.0
2021-01-14,101.05,61.05,25.32,33.06,19.24,-0.52,-0.27,2.0,62.8,11.8,0.0,99.95,101050.0,99950.0
2021-01-15,101.0,61.77,24.75,32.57,19.17,-0.3,-0.32,2.64,43.7,11.56,0.0,99.9,101000.0,99900.0
2021-01-16,100.89,59.34,24.72,32.68,18.78,-0.17,-0.22,2.04,37.0,11.1,0.0,99.8,100890.0,99800.0
2021-01-17,100.97,63.81,25.22,32.83,19.34,0.24,-0.27,2.07,318.5,12.29,0.0,99.88,100970.0,99880.0
2021-01-18,101.12,63.03,25.17,32.84,20.28,0.21,-1.61,2.23,352.5,12.15,0.0,100.03,101120.0,100030.0
2021-01-19,101.13,59.8,25.09,32.88,20.33,0.08,-1.19,2.15,356.2,11.5,0.0,100.03,101130.0,100030.0
2021-01-20,101.23,55.82,24.38,32.31,19.44,0.16,-1.44,2.37,353.8,10.16,0.0,100.13,101230.0,100130.0
2021-01-21,101.22,53.2,22.98,31.04,17.4,0.02,-1.03,2.31,358.7,8.71,0.0,100.12,101220.0,100120.0
2021-01-22,101.13,55.84,23.7,33.05,16.61,-0.83,-0.9,2.12,42.6,9.56,0.0,100.03,101130.0,100030.0
2021-01-23,101.13,58.23,23.92,32.52,18.87,0.09,-1.16,2.1,355.6,10.19,0.0,100.04,101130.0,100040.0
2021-01-24,101.23,59.11,23.25,31.56,18.0,0.04,-1.63,2.52,358.5,9.99,0.0,100.13,101230.0,100130.0
2021-01-25,101.28,50.99,22.63,32.16,15.69,-0.55,-1.37,2.91,22.0,8.2,0.0,100.18,101280.0,100180.0
2021-01-26,101.26,47.57,22.36,31.11,17.15,-0.07,-1.39,2.5,2.7,7.53,0.0,100.15,101260.0,100150.0
2021-01-27,101.23,46.51,22.04,31.29,15.37,-0.42,-0.85,2.64,26.5,7.19,0.0,100.13,101230.0,100130.0
2021-01-28,101.29,47.9,21.96,30.93,16.14,-0.07,-1.06,2.58,3.8,7.42,0.0,100.18,101290.0,100180.0
2021-01-29,101.33,44.85,22.34,32.72,14.57,-0.89,-1.38,2.84,32.9,7.07,0.0,100.22,101330.0,100220.0
2021-01-30,101.27,43.98,23.41,32.83,16.87,-0.75,-1.26,2.52,30.5,7.56,0.0,100.17,101270.0,100170.0
2021-01-31,101.31,45.92,23.95,33.14,17.69,-0.72,-1.7,2.62,23.0,8.08,0.0,100.2,101310.0,100200.0
2021-02-01,101.42,49.67,24.54,33.4,18.14,-2.73,-0.62,3.46,77.2,9.06,0.0,100.31,101420.0,100310.0
2021-02-02,101.43,39.95,24.89,33.85,17.83,-3.1,-0.12,3.73,87.8,7.43,0.0,100.32,101430.0,100320.0
2021-02-03,101.34,41.43,23.91,33.54,16.26,-1.67,-0.29,3.02,80.0,7.0,0.0,100.24,101340.0,100240.0
2021-02-04,101.35,46.78,23.69,32.51,17.19,-0.56,-1.49,2.68,20.5,7.87,0.0,100.24,101350.0,100240.0
2021-02-05,101.31,52.49,22.95,31.57,16.99,0.15,-2.4,3.32,356.5,8.58,0.0,100.2,101310.0,100200.0
2021-02-06,101.21,42.33,23.35,33.17,15.14,-2.41,-1.71,3.38,54.6,7.09,0.0,100.1,101210.0,100100.0
2021-02-07,101.31,41.54,24.14,33.2,16.79,-3.26,-0.9,3.99,74.7,7.25,0.0,100.2,101310.0,100200.0
2021-02-08,101.35,40.12,24.25,34.07,16.6,-2.52,-0.64,3.44,75.7,6.84,0.0,100.24,101350.0,100240.0
2021-02-09,101.26,39.1,24.01,34.55,16.54,-2.07,-0.08,3.46,87.6,6.56,0.0,100.16,101260.0,100160.0
2021-02-10,101.14,40.48,24.15,34.38,16.51,-0.66,-1.16,2.64,29.5,6.78,0.0,100.04,101140.0,100040.0
2021-02-11,101.02,41.42,24.64,35.04,16.76,-1.01,-1.35,2.78,36.7,7.14,0.0,99.92,101020.0,99920.0
2021-02-12,101.09,43.49,24.72,34.55,17.56,-0.08,-1.81,2.73,2.6,7.68,0.0,99.99,101090.0,99990.0
2021-02-13,101.2,45.39,24.96,33.74,19.1,0.27,-1.64,2.57,350.8,8.27,0.0,100.1,101200.0,100100.0
2021-02-14,101.24,54.19,25.01,33.57,19.09,0.41,-1.47,2.34,344.4,9.91,0.0,100.13,101240.0,100130.0
2021-02-15,101.17,56.93,24.44,32.22,19.37,0.85,-1.58,2.43,331.6,10.24,0.01,100.06,101170.0,100060.0
2021-02-16,101.14,64.84,24.01,31.69,18.12,1.2,-1.8,2.73,326.3,11.49,0.0,100.04,101140.0,100040.0
2021-02-17,101.1,62.56,24.9,32.71,18.88,0.93,-1.65,2.49,330.5,11.61,0.01,99.99,101100.0,99990.0
2021-02-18,101.15,59.29,26.01,34.1,20.6,0.16,0.38,2.13,202.9,11.66,3.26,100.04,101150.0,100040.0
2021-02-19,101.35,60.75,25.78,32.27,21.31,-2.51,0.43,2.79,99.7,11.9,8.1,100.24,101350.0,100240.0
2021-02-20,101.33,51.27,25.37,33.07,18.68,-3.14,-0.6,3.42,79.1,9.69,0.0,100.22,101330.0,100220.0
2021-02-21,101.29,49.5,26.75,34.37,20.22,-3.88,-0.49,4.1,82.7,10.26,0.0,100.19,101290.0,100190.0
2021-02-22,101.32,53.24,27.47,35.1,21.35,-1.48,-0.25,2.87,80.5,11.49,0.0,100.22,101320.0,100220.0
2021-02-23,101.21,50.79,27.63,36.23,20.81,-0.28,-1.28,2.42,12.2,10.73,0.0,100.11,101210.0,100110.0
2021-02-24,101.08,43.82,27.53,36.68,20.58,-0.68,-1.39,2.76,26.1,9.21,0.0,99.99,101080.0,99990.0
2021-02-25,101.13,44.9,27.34,35.93,20.91,0.17,-1.96,3.02,355.0,9.55,0.0,100.04,101130.0,100040.0
2021-02-26,101.05,48.2,27.1,35.5,21.09,0.78,-2.24,2.97,340.7,9.97,0.0,99.96,101050.0,99960.0
2021-02-27,100.94,47.23,27.29,36.74,19.72,0.4,-2.64,3.26,351.4,9.74,0.0,99.85,100940.0,99850.0
2021-02-28,100.9,40.16,29.01,38.83,21.11,-0.71,-1.79,2.89,21.8,8.95,0.0,99.81,100900.0,99810.0
2021-03-01,101.12,35.17,29.82,39.51,22.26,-0.07,-3.47,3.95,1.1,8.36,0.0,100.03,101120.0,100030.0
2021-03-02,101.22,30.13,29.2,38.97,21.76,-0.5,-2.53,3.63,11.2,6.84,0.0,100.13,101220.0,100130.0
2021-03-03,101.06,25.65,29.44,39.71,21.04,-1.21,-2.43,3.23,26.5,5.9,0.0,99.97,101060.0,99970.0
2021-03-04,101.04,23.08,29.38,39.78,21.34,-0.73,-1.3,3.49,29.3,5.41,0.0,99.95,101040.0,99950.0
2021-03-05,101.11,26.28,29.86,39.82,22.0,-0.71,-2.13,3.29,18.4,6.22,0.0,100.03,101110.0,100030.0
2021-03-06,101.22,40.86,28.84,37.65,22.26,0.81,-0.39,2.23,295.3,9.24,0.0,100.12,101220.0,100120.0
2021-03-07,101.14,46.2,28.28,37.03,22.08,0.94,-1.69,2.85,330.8,9.92,0.0,100.05,101140.0,100050.0
2021-03-08,101.12,43.26,28.34,37.98,20.51,0.43,-2.18,3.07,348.9,8.93,0.0,100.03,101120.0,100030.0
2021-03-09,101.12,45.88,28.78,38.64,21.18,0.61,-2.15,3.0,344.1,9.79,0.01,100.04,101120.0,100040.0
2021-03-10,101.17,46.96,28.69,37.72,22.48,1.06,-1.58,2.64,326.2,10.3,0.01,100.08,101170.0,100080.0
2021-03-11,101.13,45.42,28.55,37.36,21.93,1.12,-1.67,2.89,326.2,10.07,0.0,100.04,101130.0,100040.0
2021-03-12,101.22,46.46,28.86,37.83,21.84,0.59,-2.19,2.94,344.9,10.08,0.0,100.12,101220.0,100120.0
2021-03-13,101.15,33.35,30.55,40.19,23.15,-1.0,-2.36,3.51,22.9,8.19,0.0,100.06,101150.0,100060.0
2021-03-14,100.99,33.56,29.97,39.27,22.22,0.41,-1.65,2.86,345.9,8.09,0.0,99.91,100990.0,99910.0
2021-03-15,100.95,30.65,29.89,38.52,22.42,0.7,-1.83,2.83,339.1,7.53,0.0,99.87,100950.0,99870.0
2021-03-16,100.97,35.27,30.42,38.8,24.03,1.2,-2.05,2.86,329.8,8.78,0.0,99.88,100970.0,99880.0
2021-03-17,100.85,32.96,30.44,39.4,23.4,0.48,-2.23,3.16,347.8,8.28,0.02,99.77,100850.0,99770.0
2021-03-18,100.87,36.0,30.44,39.06,24.72,0.93,-1.87,2.91,333.6,8.92,0.09,99.79,100870.0,99790.0
2021-03-19,100.96,47.33,28.84,37.23,23.12,1.24,-2.58,3.22,334.4,10.68,0.07,99.87,100960.0,99870.0
2021-03-20,100.82,47.56,28.48,37.26,21.37,1.31,-1.51,2.68,319.0,10.39,0.01,99.73,100820.0,99730.0
2021-03-21,100.79,44.62,29.0,37.49,22.27,1.43,0.21,2.23,261.7,9.99,0.02,99.7,100790.0,99700.0
2021-03-22,100.97,46.26,29.7,38.66,22.85,0.69,-1.09,2.28,327.6,10.78,1.46,99.88,100970.0,99880.0
2021-03-23,100.98,41.87,30.59,39.37,23.31,0.54,-2.18,2.95,346.1,10.34,0.37,99.9,100980.0,99900.0
2021-03-24,101.02,32.95,32.07,39.8,26.35,-0.08,-2.79,3.18,1.5,9.4,0.04,99.93,101020.0,99930.0
2021-03-25,100.92,23.66,31.93,41.2,24.65,-0.12,-4.0,4.73,1.8,6.33,0.2,99.83,100920.0,99830.0
2021-03-26,100.84,23.36,31.51,41.55,22.87,-0.37,-1.98,3.36,10.6,6.14,0.0,99.76,100840.0,99760.0
2021-03-27,100.72,21.81,32.4,42.96,23.47,-0.88,-1.17,3.51,37.0,5.92,0.0,99.64,100720.0,99640.0
2021-03-28,100.72,30.15,31.83,41.97,24.52,0.2,-0.65,2.7,342.7,7.81,0.01,99.65,100720.0,99650.0
2021-03-29,100.74,36.77,31.31,41.31,24.47,0.98,-0.9,2.75,312.7,9.38,0.01,99.66,100740.0,99660.0
2021-03-30,100.75,49.63,29.89,38.63,23.34,1.63,-0.76,2.26,295.0,11.69,0.0,99.66,100750.0,99660.0
2021-03-31,100.69,53.94,29.0,38.05,21.51,1.8,-1.11,2.43,301.7,12.1,0.0,99.61,100690.0,99610.0
2021-04-01,100.63,61.81,29.12,37.19,23.53,2.17,0.25,2.4,263.4,14.4,0.04,99.54,100630.0,99540.0
2021-04-02,100.67,60.38,28.99,37.56,23.03,2.15,0.37,2.32,260.3,13.58,0.01,99.59,100670.0,99590.0
2021-04-03,100.77,58.85,28.9,37.33,23.05,2.26,0.67,2.45,253.4,13.69,0.0,99.69,100770.0,99690.0
2021-04-04,100.96,57.26,29.79,38.13,23.63,2.18,-0.75,2.8,288.9,13.86,0.0,99.87,100960.0,99870.0
2021-04-05,100.94,53.4,30.38,39.29,24.14,1.65,-1.94,3.0,319.7,13.25,0.0,99.86,100940.0,99860.0
2021-04-06,100.85,44.66,31.32,41.3,23.66,1.3,-2.43,3.42,331.7,11.34,0.01,99.78,100850.0,99780.0
2021-04-07,100.91,44.59,31.36,40.76,23.52,1.35,-2.14,3.21,327.7,11.06,0.0,99.83,100910.0,99830.0
2021-04-08,100.82,54.42,30.37,38.32,24.46,1.86,-1.26,2.63,304.0,13.59,0.07,99.74,100820.0,99740.0
2021-04-09,100.76,50.59,30.81,39.64,23.78,1.43,-1.37,2.45,313.8,12.31,0.04,99.68,100760.0,99680.0
2021-04-10,100.86,46.12,31.36,39.66,24.83,1.78,-1.45,2.62,309.2,11.89,0.08,99.78,100860.0,99780.0
2021-04-11,100.97,43.46,32.31,40.82,26.32,0.67,-0.93,1.94,324.2,11.83,0.91,99.89,100970.0,99890.0
2021-04-12,101.07,46.5,32.07,40.39,25.22,1.68,-1.14,2.32,304.3,12.36,0.25,99.98,101070.0,99980.0
2021-04-13,101.0,41.6,32.59,40.42,26.58,0.76,-1.15,2.01,326.8,11.56,1.78,99.91,101000.0,99910.0
2021-04-14,100.94,42.23,32.16,39.59,26.53,1.26,-0.13,2.61,275.9,11.74,0.54,99.86,100940.0,99860.0
2021-04-15,100.93,44.26,31.34,38.96,25.71,1.8,-0.55,2.63,287.1,11.69,0.32,99.85,100930.0,99850.0
2021-04-16,100.92,49.28,30.92,38.77,24.77,2.0,-1.99,3.11,314.9,12.57,0.24,99.83,100920.0,99830.0
2021-04-17,100.97,51.25,31.08,39.27,23.69,1.63,-2.94,3.67,331.0,12.96,0.0,99.88,100970.0,99880.0
2021-04-18,100.99,50.25,31.9,40.78,24.61,1.42,-2.43,3.39,329.7,13.28,0.01,99.91,100990.0,99910.0
2021-04-19,100.87,53.61,31.11,38.67,25.67,2.27,-0.68,2.54,286.8,13.91,0.0,99.79,100870.0,99790.0
2021-04-20,100.8,55.28,30.81,38.31,25.19,2.5,-1.06,2.79,292.9,14.07,0.01,99.72,100800.0,99720.0
2021-04-21,100.97,58.0,29.69,35.69,25.49,1.61,-1.82,2.57,318.6,14.4,0.57,99.88,100970.0,99880.0
2021-04-22,100.94,56.25,30.91,39.88,24.43,1.62,-1.9,2.97,319.5,14.15,0.09,99.86,100940.0,99860.0
2021-04-23,100.92,50.32,30.81,38.81,24.95,2.16,-1.42,2.89,303.3,12.74,0.01,99.83,100920.0,99830.0
2021-04-24,100.91,47.07,30.95,38.91,25.35,2.04,-1.44,2.73,305.1,12.08,0.03,99.83,100910.0,99830.0
2021-04-25,100.77,48.9,32.01,41.04,24.38,1.64,-1.69,2.92,315.9,13.22,0.26,99.7,100770.0,99700.0
2021-04-26,100.78,59.41,31.41,37.65,26.34,2.15,0.22,2.48,264.1,16.2,0.65,99.7,100780.0,99700.0
2021-04-27,100.84,51.28,31.83,39.42,26.36,2.09,-0.44,2.25,281.8,14.07,0.47,99.76,100840.0,99760.0
2021-04-28,100.95,47.91,31.64,38.87,26.14,1.92,-1.23,2.36,302.5,12.94,0.47,99.87,100950.0,99870.0
2021-04-29,100.87,54.07,31.47,39.56,25.91,2.04,-1.56,2.83,307.4,14.6,0.39,99.79,100870.0,99790.0
2021-04-30,100.78,48.16,32.26,39.24,26.57,1.75,-1.4,2.65,308.5,13.73,0.42,99.7,100780.0,99700.0
2021-05-01,100.68,45.33,32.85,39.26,27.53,1.03,-2.11,2.66,334.0,13.4,0.57,99.6,100680.0,99600.0
2021-05-02,100.75,47.71,32.43,38.57,27.28,1.09,-0.53,2.25,296.1,13.96,1.48,99.67,100750.0,99670.0
2021-05-03,100.69,49.4,32.52,39.76,26.51,1.19,-1.41,2.49,320.0,14.35,1.39,99.61,100690.0,99610.0
2021-05-04,100.65,47.92,32.7,39.97,27.12,1.66,-2.03,2.91,320.6,14.01,0.69,99.57,100650.0,99570.0
2021-05-05,100.66,48.73,32.69,39.73,27.42,1.96,-1.74,2.83,311.5,14.39,1.2,99.58,100660.0,99580.0
2021-05-06,100.71,53.84,32.3,39.35,26.75,2.16,-0.86,2.54,291.6,15.36,0.75,99.63,100710.0,99630.0
2021-05-07,100.82,51.87,32.49,39.43,27.1,1.99,-1.0,2.5,296.6,14.85,0.8,99.74,100820.0,99740.0
2021-05-08,100.7,49.81,32.84,40.42,27.54,2.11,-1.09,2.6,297.2,14.61,0.09,99.62,100700.0,99620.0
2021-05-09,100.62,53.27,32.61,39.38,27.86,2.44,-0.28,2.64,276.6,15.69,0.38,99.55,100620.0,99550.0
2021-05-10,100.62,52.71,32.34,39.16,27.05,2.7,-0.92,3.12,288.8,15.32,0.04,99.55,100620.0,99550.0
2021-05-11,100.64,51.96,32.04,39.05,26.73,2.7,-1.47,3.19,298.6,14.69,0.01,99.56,100640.0,99560.0
2021-05-12,100.54,56.32,31.36,38.68,25.92,3.14,-0.75,3.45,283.4,15.29,0.0,99.46,100540.0,99460.0
2021-05-13,100.47,53.38,30.99,36.54,27.05,2.45,-1.01,2.71,292.4,14.24,0.12,99.39,100470.0,99390.0
2021-05-14,100.24,50.16,32.43,40.19,26.74,1.77,-2.03,3.12,319.0,14.28,0.13,99.17,100240.0,99170.0
2021-05-15,99.89,46.23,34.65,39.74,28.97,-2.61,-2.06,3.82,51.8,15.48,3.09,98.83,99890.0,98830.0
2021-05-16,99.74,54.63,32.75,38.82,29.1,-8.81,0.21,8.89,91.3,16.82,11.81,98.67,99740.0,98670.0
2021-05-17,99.65,82.99,28.09,29.47,27.03,-6.4,11.93,14.62,151.8,20.15,192.72,98.57,99650.0,98570.0
2021-05-18,100.18,86.49,28.38,30.38,27.12,1.88,8.76,9.2,192.1,21.21,77.57,99.11,100180.0,99110.0
2021-05-19,100.41,83.65,28.52,30.94,26.57,3.39,2.45,4.58,234.1,20.58,12.87,99.33,100410.0,99330.0
2021-05-20,100.59,77.0,28.88,32.66,25.94,1.73,-0.71,2.11,292.3,19.13,0.35,99.5,100590.0,99500.0
2021-05-21,100.68,76.76,29.12,33.25,26.4,1.86,-0.79,2.12,293.1,19.22,0.26,99.59,100680.0,99590.0
2021-05-22,100.67,79.58,28.74,32.64,26.03,2.46,-0.34,2.52,277.8,19.53,0.48,99.58,100670.0,99580.0
2021-05-23,100.76,79.42,28.31,32.55,25.28,2.68,-0.61,2.81,282.9,19.0,0.34,99.67,100760.0,99670.0
2021-05-24,100.82,78.5,28.87,33.36,25.28,2.47,-1.94,3.23,308.2,19.31,0.24,99.73,100820.0,99730.0
2021-05-25,100.64,79.47,29.01,33.79,25.55,3.04,-1.95,3.74,302.6,19.74,0.18,99.56,100640.0,99560.0
2021-05-26,100.58,78.96,28.75,32.72,25.95,3.97,-0.51,4.04,277.4,19.46,0.24,99.5,100580.0,99500.0
2021-05-27,100.55,75.87,29.23,33.41,25.99,3.94,0.76,4.05,259.1,19.16,0.21,99.47,100550.0,99470.0
2021-05-28,100.59,78.37,29.44,33.57,26.3,3.51,1.11,3.72,252.4,20.07,0.23,99.51,100590.0,99510.0
2021-05-29,100.67,80.43,29.4,33.02,26.97,2.5,0.8,2.66,252.2,20.58,3.98,99.59,100670.0,99590.0
2021-05-30,100.67,83.18,28.93,32.42,26.54,1.86,0.83,2.2,246.0,20.77,5.6,99.6,100670.0,99600.0
2021-05-31,100.48,83.1,28.69,31.59,26.53,2.1,0.32,2.17,261.3,20.54,10.8,99.41,100480.0,99410.0
2021-06-01,100.5,83.43,28.6,31.48,26.25,2.21,0.88,2.43,248.3,20.53,18.38,99.42,100500.0,99420.0
2021-06-02,100.59,80.86,28.78,32.28,26.15,1.76,0.02,1.86,269.5,20.01,14.08,99.51,100590.0,99510.0
2021-06-03,100.68,77.64,29.15,33.6,26.19,1.5,0.46,1.78,253.1,19.48,4.88,99.6,100680.0,99600.0
2021-06-04,100.72,77.88,29.08,32.66,26.59,1.25,0.06,1.37,267.3,19.53,3.62,99.65,100720.0,99650.0
2021-06-05,100.69,83.37,27.91,30.08,26.12,1.39,1.23,2.0,228.4,19.71,13.56,99.61,100690.0,99610.0
2021-06-06,100.71,80.94,28.29,32.07,25.1,2.15,1.29,2.75,239.0,19.38,10.04,99.62,100710.0,99620.0
2021-06-07,100.74,80.52,28.48,32.15,25.87,3.11,1.56,3.52,243.3,19.52,6.18,99.65,100740.0,99650.0
2021-06-08,100.65,84.22,28.27,31.36,25.64,3.09,1.39,3.51,245.8,20.32,31.0,99.57,100650.0,99570.0
2021-06-09,100.49,85.73,28.19,30.35,26.75,4.86,0.81,4.97,260.5,20.71,54.2,99.41,100490.0,99410.0
2021-06-10,100.41,89.85,27.56,28.85,26.64,4.63,2.54,5.42,241.2,20.99,55.91,99.32,100410.0,99320.0
2021-06-11,100.36,87.86,28.05,30.24,26.57,3.65,3.44,5.06,226.7,21.07,37.06,99.28,100360.0,99280.0
2021-06-12,100.32,90.49,28.24,29.79,26.98,4.58,1.49,4.84,252.0,22.02,32.49,99.25,100320.0,99250.0
2021-06-13,100.31,90.32,28.07,29.75,26.84,4.29,1.48,4.58,250.9,21.76,19.53,99.23,100310.0,99230.0
2021-06-14,100.19,87.04,28.55,30.9,26.87,4.08,1.86,4.59,245.5,21.51,5.61,99.11,100190.0,99110.0
2021-06-15,100.09,88.22,28.13,30.06,26.81,4.42,3.49,5.65,231.7,21.34,29.75,99.01,100090.0,99010.0
2021-06-16,100.16,90.12,27.79,29.23,26.65,3.89,3.65,5.36,226.8,21.38,43.4,99.08,100160.0,99080.0
2021-06-17,100.29,88.08,27.81,29.85,26.33,4.73,3.98,6.21,229.9,20.88,61.14,99.21,100290.0,99210.0
2021-06-18,100.38,87.82,27.82,29.98,26.34,5.64,3.64,6.73,237.2,20.81,54.49,99.29,100380.0,99290.0
2021-06-19,100.55,88.26,27.48,29.3,26.13,5.1,2.76,5.81,241.5,20.46,44.56,99.46,100550.0,99460.0
2021-06-20,100.65,87.53,27.5,29.56,25.73,4.39,2.53,5.1,240.1,20.28,19.16,99.56,100650.0,99560.0
2021-06-21,100.71,88.0,27.28,29.77,25.45,3.9,0.78,4.03,258.7,20.11,5.09,99.62,100710.0,99620.0
2021-06-22,100.69,86.22,27.48,29.97,25.28,3.79,0.03,3.79,269.6,19.9,4.08,99.6,100690.0,99600.0
2021-06-23,100.65,86.95,27.28,29.68,25.24,3.73,0.3,3.8,265.4,19.85,5.47,99.56,100650.0,99560.0
2021-06-24,100.68,87.78,27.29,29.5,25.48,3.52,1.36,3.84,248.9,20.07,10.57,99.59,100680.0,99590.0
2021-06-25,100.59,88.61,27.02,29.18,25.34,3.79,1.24,4.08,251.9,19.97,21.47,99.5,100590.0,99500.0
2021-06-26,100.57,86.91,27.18,29.88,25.18,4.01,-0.19,4.08,272.7,19.73,7.69,99.49,100570.0,99490.0
2021-06-27,100.75,86.35,26.79,29.21,24.98,2.87,-0.44,2.96,278.7,19.15,6.28,99.67,100750.0,99670.0
2021-06-28,100.65,91.42,26.25,27.99,24.75,3.26,-0.82,3.39,284.0,19.72,26.0,99.57,100650.0,99570.0
2021-06-29,100.58,89.09,27.3,29.94,25.29,2.91,0.43,2.95,261.6,20.4,6.74,99.5,100580.0,99500.0
2021-06-30,100.61,89.75,27.11,29.24,25.36,2.96,0.63,3.11,258.1,20.34,3.91,99.53,100610.0,99530.0
2021-07-01,100.44,87.89,27.43,29.54,25.88,3.73,1.21,3.95,252.0,20.31,2.31,99.36,100440.0,99360.0
2021-07-02,100.48,85.97,27.59,30.4,25.34,3.56,2.5,4.4,234.9,20.02,0.85,99.4,100480.0,99400.0
2021-07-03,100.59,86.79,27.58,30.29,25.34,2.87,1.82,3.45,237.6,20.17,1.03,99.5,100590.0,99500.0
2021-07-04,100.66,85.69,27.53,30.39,24.91,2.33,0.32,2.47,262.2,19.81,0.99,99.58,100660.0,99580.0
2021-07-05,100.65,85.4,27.41,29.56,25.4,1.88,-0.49,1.98,284.6,19.64,3.95,99.57,100650.0,99570.0
2021-07-06,100.51,84.77,27.52,30.63,25.18,1.87,-0.66,2.07,289.4,19.62,2.78,99.43,100510.0,99430.0
2021-07-07,100.51,85.77,27.66,30.13,25.59,2.32,-0.59,2.46,284.2,20.03,4.93,99.43,100510.0,99430.0
2021-07-08,100.5,87.7,27.64,29.72,26.11,2.81,0.1,2.83,268.0,20.51,20.77,99.41,100500.0,99410.0
2021-07-09,100.32,87.92,27.24,29.23,25.66,2.03,0.37,2.09,259.7,20.12,24.21,99.23,100320.0,99230.0
2021-07-10,100.22,85.02,26.93,29.77,24.95,2.2,0.26,2.25,263.4,19.03,9.61,99.13,100220.0,99130.0
2021-07-11,100.1,91.29,26.74,28.69,24.97,4.64,0.21,4.75,267.4,20.38,15.08,99.03,100100.0,99030.0
2021-07-12,99.9,93.27,26.58,27.8,25.76,5.95,3.3,6.83,241.0,20.69,93.46,98.83,99900.0,98830.0
2021-07-13,100.14,89.9,26.83,28.44,25.38,4.1,2.9,5.05,234.8,20.16,41.63,99.06,100140.0,99060.0
2021-07-14,100.2,92.04,26.64,28.03,25.59,4.28,1.99,4.74,245.1,20.42,27.06,99.12,100200.0,99120.0
2021-07-15,100.03,94.0,26.84,28.05,25.93,5.32,1.91,5.68,250.3,21.15,89.19,98.96,100030.0,98960.0
2021-07-16,100.35,90.86,26.99,28.82,25.39,3.47,2.98,4.78,229.3,20.52,26.92,99.27,100350.0,99270.0
2021-07-17,100.55,92.18,26.86,28.5,25.42,3.99,1.26,4.26,252.4,20.63,64.44,99.47,100550.0,99470.0
2021-07-18,100.44,92.76,26.9,28.02,26.09,5.88,-0.46,5.94,274.5,20.85,69.83,99.36,100440.0,99360.0
2021-07-19,100.38,92.5,26.65,28.23,25.58,6.46,1.21,6.63,259.4,20.49,105.98,99.29,100380.0,99290.0
2021-07-20,100.57,92.2,26.52,28.17,25.35,5.21,2.67,5.88,242.9,20.24,60.3,99.49,100570.0,99490.0
2021-07-21,100.47,92.08,26.32,27.74,25.47,6.97,2.14,7.32,253.0,19.99,119.2,99.39,100470.0,99390.0
2021-07-22,100.2,90.55,26.47,27.85,25.51,6.7,1.92,6.99,254.0,19.88,44.19,99.12,100200.0,99120.0
2021-07-23,100.18,92.32,26.33,27.62,25.47,5.51,1.68,5.77,253.1,20.12,55.22,99.11,100180.0,99110.0
2021-07-24,100.27,90.69,27.16,29.45,25.39,4.75,0.12,4.82,268.5,20.73,31.3,99.19,100270.0,99190.0
2021-07-25,100.34,92.11,26.85,28.48,25.66,5.43,1.47,5.66,254.9,20.67,26.27,99.26,100340.0,99260.0
2021-07-26,100.39,90.04,26.76,28.66,25.43,6.35,3.04,7.07,244.4,20.05,18.53,99.31,100390.0,99310.0
2021-07-27,100.36,88.75,26.45,28.49,24.91,5.5,4.03,6.86,233.8,19.4,16.2,99.27,100360.0,99270.0
2021-07-28,100.44,88.95,26.37,28.42,24.93,5.82,3.97,7.08,235.7,19.35,18.34,99.35,100440.0,99350.0
2021-07-29,100.54,90.99,25.88,27.34,24.71,5.73,3.1,6.6,241.6,19.22,20.2,99.46,100540.0,99460.0
2021-07-30,100.61,91.43,25.68,26.77,24.72,5.8,2.61,6.43,245.7,19.07,30.93,99.52,100610.0,99520.0
2021-07-31,100.67,89.28,26.16,27.71,24.91,6.21,1.68,6.44,254.9,19.14,6.43,99.58,100670.0,99580.0
2021-08-01,100.62,88.05,26.09,28.2,24.62,5.56,1.68,5.85,253.2,18.78,5.98,99.53,100620.0,99530.0
2021-08-02,100.62,88.37,26.32,28.51,24.66,5.3,2.09,5.73,248.4,19.11,11.06,99.53,100620.0,99530.0
2021-08-03,100.7,89.65,26.5,28.79,24.83,5.34,2.18,5.83,247.8,19.6,15.55,99.61,100700.0,99610.0
2021-08-04,100.71,90.23,26.3,28.47,24.77,5.32,1.98,5.72,249.5,19.49,13.85,99.62,100710.0,99620.0
2021-08-05,100.54,89.26,26.33,28.69,24.65,5.12,1.99,5.52,248.7,19.33,6.41,99.45,100540.0,99450.0
2021-08-06,100.47,88.97,26.48,28.97,24.63,4.34,1.09,4.54,255.9,19.45,3.8,99.39,100470.0,99390.0
2021-08-07,100.54,88.3,26.6,29.58,24.01,2.96,1.17,3.23,248.4,19.37,2.27,99.46,100540.0,99460.0
2021-08-08,100.65,88.93,26.58,29.4,24.27,2.43,1.29,2.81,242.0,19.48,4.96,99.57,100650.0,99570.0
2021-08-09,100.74,87.98,26.84,29.79,24.69,2.36,1.49,2.85,237.8,19.54,1.55,99.66,100740.0,99660.0
2021-08-10,100.74,88.85,26.44,29.09,24.38,2.46,1.02,2.78,247.6,19.29,3.37,99.65,100740.0,99650.0
2021-08-11,100.75,88.49,26.61,29.29,24.43,2.78,0.65,2.92,256.9,19.4,5.82,99.66,100750.0,99660.0
2021-08-12,100.83,88.06,26.5,29.46,24.39,3.44,0.19,3.47,266.8,19.15,10.95,99.74,100830.0,99740.0
2021-08-13,100.72,88.64,26.36,29.4,24.52,3.56,0.71,3.64,258.8,19.14,7.09,99.63,100720.0,99630.0
2021-08-14,100.57,88.96,26.1,28.62,24.38,3.76,0.73,3.87,259.0,18.97,16.19,99.49,100570.0,99490.0
2021-08-15,100.59,88.53,26.27,29.24,24.24,3.54,0.66,3.63,259.5,19.06,17.72,99.5,100590.0,99500.0
2021-08-16,100.7,88.76,26.3,28.93,24.28,2.44,0.31,2.51,262.7,19.11,10.27,99.61,100700.0,99610.0
2021-08-17,100.73,90.55,25.72,28.46,24.02,2.22,0.23,2.38,264.0,18.86,11.53,99.64,100730.0,99640.0
2021-08-18,100.56,92.0,25.06,26.8,23.39,2.15,0.21,2.36,264.4,18.47,28.89,99.47,100560.0,99470.0
2021-08-19,100.53,91.78,25.31,27.67,23.58,2.15,-0.26,2.28,276.8,18.72,38.03,99.44,100530.0,99440.0
2021-08-20,100.56,90.44,25.65,28.48,23.56,2.85,0.22,2.97,265.7,18.79,16.41,99.47,100560.0,99470.0
2021-08-21,100.71,90.67,25.69,28.1,23.98,2.67,0.16,2.8,266.5,18.84,36.37,99.62,100710.0,99620.0
2021-08-22,100.78,90.99,25.14,28.04,23.53,1.0,1.62,2.29,211.6,18.31,1.6,99.69,100780.0,99690.0
2021-08-23,100.76,85.7,25.91,29.91,22.01,0.98,1.19,2.24,219.6,17.96,0.42,99.67,100760.0,99670.0
2021-08-24,100.76,86.82,26.44,29.24,24.05,1.77,0.59,1.91,251.7,18.81,1.09,99.68,100760.0,99680.0
2021-08-25,100.64,86.99,26.6,29.79,24.12,1.98,0.97,2.35,244.0,19.06,1.31,99.56,100640.0,99560.0
2021-08-26,100.5,87.91,26.72,29.73,24.46,2.05,1.19,2.47,239.8,19.45,3.53,99.42,100500.0,99420.0
2021-08-27,100.45,86.81,26.88,29.93,24.43,2.47,0.5,2.59,258.5,19.35,3.63,99.37,100450.0,99370.0
2021-08-28,100.38,85.95,26.64,29.55,24.47,1.97,0.58,2.1,253.7,18.9,0.93,99.29,100380.0,99290.0
2021-08-29,100.38,84.79,26.79,29.66,24.72,1.91,0.46,2.01,256.5,18.8,0.96,99.29,100380.0,99290.0
2021-08-30,100.44,89.8,25.87,28.32,24.28,3.39,-0.19,3.48,273.2,18.92,15.65,99.36,100440.0,99360.0
2021-08-31,100.39,93.65,25.24,26.8,23.92,5.07,-1.74,5.47,288.9,19.08,81.32,99.31,100390.0,99310.0
2021-09-01,100.53,91.89,25.89,28.0,24.34,3.93,1.43,4.31,250.0,19.41,11.59,99.45,100530.0,99450.0
2021-09-02,100.56,91.81,25.83,28.01,24.23,2.49,2.77,3.74,222.0,19.31,7.96,99.47,100560.0,99470.0
2021-09-03,100.53,89.79,26.31,29.09,24.21,3.23,2.16,3.92,236.2,19.41,18.03,99.44,100530.0,99440.0
2021-09-04,100.58,90.24,26.32,28.72,24.31,2.81,1.23,3.19,246.4,19.52,15.54,99.49,100580.0,99490.0
2021-09-05,100.55,90.33,26.32,28.49,24.69,2.91,0.09,2.94,268.3,19.55,13.12,99.46,100550.0,99460.0
2021-09-06,100.48,92.02,26.19,28.54,24.51,3.65,-0.19,3.69,273.0,19.78,13.94,99.39,100480.0,99390.0
2021-09-07,100.2,94.91,26.24,27.65,25.11,3.35,-2.57,4.28,307.5,20.58,50.27,99.12,100200.0,99120.0
2021-09-08,100.3,94.63,26.15,27.13,25.41,4.93,1.39,5.31,254.3,20.38,37.54,99.22,100300.0,99220.0
2021-09-09,100.56,91.28,26.41,28.55,24.89,4.66,3.44,5.9,233.6,19.9,15.9,99.47,100560.0,99470.0
2021-09-10,100.6,90.56,26.61,28.65,25.22,4.91,3.33,5.98,235.9,19.95,17.93,99.51,100600.0,99510.0
2021-09-11,100.42,91.63,26.73,28.68,25.39,4.48,3.96,6.01,228.5,20.38,31.19,99.34,100420.0,99340.0
2021-09-12,100.24,93.04,26.7,28.23,25.66,4.16,2.37,4.85,240.3,20.7,46.82,99.16,100240.0,99160.0
2021-09-13,100.2,93.46,26.44,27.79,25.58,4.9,0.75,4.97,261.3,20.49,37.0,99.12,100200.0,99120.0
2021-09-14,100.29,91.42,26.37,28.06,25.13,4.76,1.63,5.06,251.0,19.93,14.56,99.21,100290.0,99210.0
2021-09-15,100.46,90.29,26.07,28.23,24.64,3.3,2.92,4.48,228.5,19.28,3.75,99.37,100460.0,99370.0
2021-09-16,100.53,90.44,26.15,28.74,24.5,2.92,2.92,4.23,224.9,19.38,1.98,99.44,100530.0,99440.0
2021-09-17,100.57,90.19,25.85,28.15,24.13,2.32,2.04,3.14,228.7,18.97,0.66,99.48,100570.0,99480.0
2021-09-18,100.74,90.85,25.93,28.54,23.94,1.97,2.45,3.28,218.9,19.17,2.66,99.65,100740.0,99650.0
2021-09-19,100.91,90.84,26.47,29.37,24.18,2.52,1.99,3.39,231.8,19.74,15.01,99.82,100910.0,99820.0
2021-09-20,100.85,91.22,26.44,28.94,24.66,2.96,0.23,3.0,265.5,19.82,16.88,99.76,100850.0,99760.0
2021-09-21,100.72,91.58,26.29,28.59,24.79,3.5,-0.65,3.57,280.5,19.76,34.56,99.63,100720.0,99630.0
2021-09-22,100.55,91.92,26.13,28.3,24.54,3.24,-1.05,3.46,288.0,19.69,37.11,99.46,100550.0,99460.0
2021-09-23,100.57,89.67,26.41,29.12,24.36,2.8,-0.34,2.84,277.0,19.5,6.56,99.48,100570.0,99480.0
2021-09-24,100.69,87.68,26.25,29.16,23.93,2.11,0.32,2.17,261.2,18.83,0.99,99.6,100690.0,99600.0
2021-09-25,100.69,86.81,26.46,29.45,24.02,1.88,0.15,1.94,265.4,18.87,1.75,99.6,100690.0,99600.0
2021-09-26,100.55,88.03,26.26,29.04,24.27,1.87,-0.33,2.01,280.1,18.94,1.63,99.46,100550.0,99460.0
2021-09-27,100.36,89.88,25.83,28.13,24.01,2.09,-0.55,2.22,284.8,18.92,19.86,99.28,100360.0,99280.0
2021-09-28,100.28,94.04,24.93,26.13,24.04,2.47,4.34,5.04,209.7,18.82,72.57,99.2,100280.0,99200.0
2021-09-29,100.42,92.24,25.72,27.89,24.27,2.34,4.04,4.93,210.0,19.32,17.41,99.33,100420.0,99330.0
2021-09-30,100.74,90.81,26.8,29.77,24.82,0.72,3.52,3.8,191.5,20.17,7.01,99.65,100740.0,99650.0
2021-10-01,100.84,88.65,26.67,30.22,23.93,1.08,0.49,2.08,245.4,19.45,2.23,99.75,100840.0,99750.0
2021-10-02,100.77,88.66,27.34,31.15,24.95,0.35,-1.79,2.1,349.1,20.25,1.5,99.68,100770.0,99680.0
2021-10-03,100.74,87.51,27.53,31.62,24.59,0.0,-1.77,2.25,0.0,20.19,1.48,99.65,100740.0,99650.0
2021-10-04,100.64,89.44,27.51,31.4,24.67,0.19,-2.3,2.74,355.3,20.67,2.69,99.56,100640.0,99560.0
2021-10-05,100.65,89.66,27.65,31.36,24.87,-0.25,-2.25,2.6,6.5,20.94,3.83,99.57,100650.0,99570.0
2021-10-06,100.59,84.61,28.22,31.18,25.69,-0.78,-0.21,1.45,75.0,20.31,21.94,99.51,100590.0,99510.0
2021-10-07,100.51,85.64,28.5,32.02,25.3,-0.53,0.36,1.85,124.0,20.97,1.1,99.43,100510.0,99430.0
2021-10-08,100.61,92.55,27.01,28.38,25.97,1.36,1.56,2.15,220.9,20.9,10.44,99.53,100610.0,99530.0
2021-10-09,100.76,90.71,26.85,29.42,25.13,1.76,1.01,2.11,240.1,20.2,10.26,99.68,100760.0,99680.0
2021-10-10,100.79,85.29,27.16,30.67,24.59,0.99,0.3,1.35,253.2,19.2,2.3,99.71,100790.0,99710.0
2021-10-11,100.63,85.62,27.32,30.91,24.58,0.66,-0.88,1.43,323.2,19.51,4.2,99.55,100630.0,99550.0
2021-10-12,100.56,83.29,27.95,32.06,24.25,-0.44,-0.89,1.6,26.2,19.64,8.91,99.48,100560.0,99480.0
2021-10-13,100.54,80.65,28.03,32.22,24.32,-1.12,-0.57,1.99,63.1,19.07,0.99,99.46,100540.0,99460.0
2021-10-14,100.54,75.65,28.12,32.63,23.26,-1.66,-0.32,1.9,79.2,18.01,0.18,99.45,100540.0,99450.0
2021-10-15,100.33,78.49,27.66,32.5,23.9,-1.52,-1.55,2.78,44.5,18.23,0.01,99.24,100330.0,99240.0
2021-10-16,100.3,75.9,26.1,30.92,21.82,-0.64,-1.34,2.63,25.7,15.91,0.0,99.22,100300.0,99220.0
2021-10-17,100.36,80.61,27.1,31.63,23.77,1.04,-0.34,1.88,288.0,18.2,0.14,99.28,100360.0,99280.0
2021-10-18,100.68,79.02,26.5,30.08,24.02,2.43,0.25,2.55,264.2,17.19,0.02,99.59,100680.0,99590.0
2021-10-19,101.06,78.25,25.74,29.35,22.71,1.27,-1.33,1.88,316.3,16.2,0.19,99.96,101060.0,99960.0
2021-10-20,101.28,80.78,24.75,29.71,20.66,-0.09,-1.81,2.29,2.7,15.57,0.07,100.18,101280.0,100180.0
2021-10-21,101.25,74.52,25.28,31.67,19.99,-0.86,-1.18,2.35,36.2,14.71,0.0,100.15,101250.0,100150.0
2021-10-22,101.25,73.98,25.06,30.82,20.32,-0.42,-1.21,2.22,19.2,14.45,0.0,100.16,101250.0,100160.0
2021-10-23,101.28,78.43,24.3,29.72,19.8,-0.12,-1.45,2.34,4.6,14.68,0.0,100.18,101280.0,100180.0
2021-10-24,101.34,85.98,23.69,28.38,19.72,0.01,-2.14,2.59,359.6,15.65,0.11,100.24,101340.0,100240.0
2021-10-25,101.24,82.03,24.32,30.22,19.53,-0.39,-1.88,2.6,11.9,15.32,0.01,100.13,101240.0,100130.0
2021-10-26,101.1,75.96,24.81,30.32,19.72,-0.86,-1.66,2.34,27.4,14.62,0.05,100.0,101100.0,100000.0
2021-10-27,101.14,72.12,24.81,31.02,19.36,-2.58,-0.57,3.02,77.4,13.83,0.0,100.04,101140.0,100040.0
2021-10-28,101.18,75.87,24.61,30.51,19.76,-2.97,-0.88,3.55,73.5,14.48,0.07,100.07,101180.0,100070.0
2021-10-29,101.29,74.47,24.49,30.66,19.6,-3.19,-1.43,3.89,65.9,14.08,0.0,100.18,101290.0,100180.0
2021-10-30,101.27,73.91,24.23,30.84,18.18,-3.41,-1.32,3.9,68.8,13.97,0.05,100.18,101270.0,100180.0
2021-10-31,101.18,75.29,25.19,31.08,19.81,-2.5,-0.9,3.12,70.2,15.01,0.0,100.09,101180.0,100090.0
2021-11-01,101.05,76.44,25.25,31.38,19.99,-1.54,-0.22,2.88,81.7,15.36,0.0,99.95,101050.0,99950.0
2021-11-02,101.01,73.19,25.79,31.68,20.2,-2.5,0.17,2.75,93.9,15.22,0.0,99.92,101010.0,99920.0
2021-11-03,101.06,76.57,25.35,31.27,20.76,-2.61,-0.6,3.2,77.0,15.34,0.0,99.96,101060.0,99960.0
2021-11-04,101.0,78.66,26.53,31.68,22.03,-1.64,-0.45,2.13,74.7,16.98,0.12,99.9,101000.0,99900.0
2021-11-05,100.95,79.93,26.98,30.75,23.22,-2.06,0.69,2.31,108.5,17.79,3.21,99.86,100950.0,99860.0
2021-11-06,100.91,83.01,26.09,29.41,23.46,-1.28,-0.31,1.72,76.6,17.57,5.42,99.82,100910.0,99820.0
2021-11-07,100.93,83.65,25.35,28.51,23.02,-1.55,-0.42,1.96,74.9,16.9,1.34,99.83,100930.0,99830.0
2021-11-08,101.03,74.16,24.8,30.14,20.43,-3.04,-0.27,3.17,84.9,14.29,0.01,99.94,101030.0,99940.0
2021-11-09,101.13,71.0,22.97,30.25,17.47,-3.86,-0.13,3.92,88.1,12.11,0.0,100.03,101130.0,100030.0
2021-11-10,101.06,66.96,22.97,30.35,17.29,-3.44,-0.07,3.58,88.9,11.35,0.0,99.97,101060.0,99970.0
2021-11-11,100.9,70.15,22.49,29.82,16.6,-3.5,-1.03,3.84,73.7,11.75,0.0,99.81,100900.0,99810.0
2021-11-12,100.85,68.81,23.06,31.0,16.73,-3.25,-1.07,3.7,71.7,11.92,0.0,99.76,100850.0,99760.0
2021-11-13,100.82,79.35,25.46,31.73,20.54,-1.95,-1.12,3.12,60.3,16.09,0.0,99.73,100820.0,99730.0
2021-11-14,100.78,81.33,26.3,31.92,22.24,-1.43,-1.08,3.01,53.1,17.36,0.03,99.69,100780.0,99690.0
2021-11-15,100.65,85.35,26.48,30.86,23.34,-0.93,-0.91,2.04,45.6,18.53,0.12,99.56,100650.0,99560.0
2021-11-16,100.58,83.12,27.1,30.86,23.94,-2.59,0.01,2.78,90.2,18.78,2.06,99.5,100580.0,99500.0
2021-11-17,100.75,84.4,26.94,30.32,24.19,-2.38,0.55,2.69,102.9,18.85,3.44,99.66,100750.0,99660.0
2021-11-18,100.78,85.24,26.66,30.61,23.97,-1.07,0.87,2.61,129.2,18.66,7.44,99.7,100780.0,99700.0
2021-11-19,100.6,83.43,26.74,30.98,23.42,-1.28,-0.04,1.92,88.1,18.37,1.71,99.51,100600.0,99510.0
2021-11-20,100.5,82.79,27.22,32.08,23.45,-1.52,-0.32,2.2,78.1,18.74,1.05,99.42,100500.0,99420.0
2021-11-21,100.72,83.62,27.46,32.12,23.93,-1.6,0.1,2.6,93.6,19.17,11.21,99.63,100720.0,99630.0
2021-11-22,101.01,89.31,26.07,29.13,23.91,-0.33,1.62,2.77,168.6,18.93,10.17,99.93,101010.0,99930.0
2021-11-23,101.0,86.58,26.91,30.68,24.31,0.24,-1.37,1.69,350.0,19.22,0.03,99.92,101000.0,99920.0
2021-11-24,101.0,82.78,27.04,31.65,23.74,-1.51,-1.82,2.78,39.6,18.47,0.01,99.91,101000.0,99910.0
2021-11-25,101.07,77.75,26.11,31.58,21.87,-1.29,-0.77,2.12,59.1,16.27,0.0,99.98,101070.0,99980.0
2021-11-26,101.12,76.17,25.32,31.0,20.56,-1.91,-0.31,2.69,80.7,15.16,0.0,100.02,101120.0,100020.0
2021-11-27,101.15,71.67,24.75,30.94,19.39,-1.95,-0.5,2.49,75.7,13.67,0.0,100.05,101150.0,100050.0
2021-11-28,101.22,75.8,22.18,28.0,18.22,-4.01,-0.24,4.11,86.6,12.57,0.0,100.12,101220.0,100120.0
2021-11-29,101.21,72.38,22.98,30.25,16.5,-4.23,-0.15,4.24,88.0,12.74,0.0,100.11,101210.0,100110.0
2021-11-30,101.2,83.38,23.36,26.79,20.97,-3.93,0.48,4.03,97.0,15.03,2.44,100.1,101200.0,100100.0
2021-12-01,101.18,90.21,21.92,24.37,20.22,-3.41,-0.68,3.6,78.7,14.89,63.01,100.08,101180.0,100080.0
2021-12-02,101.08,82.78,22.43,27.64,18.79,-3.42,-0.26,4.38,85.7,14.09,7.07,99.98,101080.0,99980.0
2021-12-03,101.13,84.12,23.72,29.09,19.36,-0.69,-0.36,2.1,62.3,15.37,0.14,100.03,101130.0,100030.0
2021-12-04,101.18,80.28,24.37,29.28,20.36,-1.28,-0.14,2.08,83.9,15.2,0.05,100.07,101180.0,100070.0
2021-12-05,101.28,80.49,23.22,27.97,19.41,0.13,0.0,1.86,271.1,14.15,0.03,100.16,101280.0,100160.0
2021-12-06,101.23,80.91,23.08,29.11,17.89,-1.21,-1.6,2.44,37.1,14.02,0.02,100.12,101230.0,100120.0
2021-12-07,101.21,75.17,23.47,30.02,18.35,-2.8,-0.73,3.28,75.3,13.33,0.0,100.11,101210.0,100110.0
2021-12-08,101.25,73.8,23.34,29.77,18.52,-3.18,-0.56,3.7,80.0,12.98,0.11,100.14,101250.0,100140.0
2021-12-09,101.37,72.09,23.67,30.16,18.38,-2.3,-0.79,2.76,71.1,12.92,0.0,100.26,101370.0,100260.0
2021-12-10,101.43,75.92,23.73,29.86,18.84,-2.85,-1.14,3.55,68.3,13.75,0.0,100.32,101430.0,100320.0
2021-12-11,101.38,76.93,24.02,29.92,19.4,-2.53,-0.58,3.24,77.0,14.17,0.0,100.28,101380.0,100280.0
2021-12-12,101.36,72.77,24.34,29.9,19.49,-2.39,-0.2,2.87,85.1,13.57,0.01,100.25,101360.0,100250.0
2021-12-13,101.33,76.54,23.38,28.95,18.93,-1.17,-0.76,2.22,56.9,13.51,0.01,100.22,101330.0,100220.0
2021-12-14,101.26,75.81,22.59,28.51,17.84,-1.01,-1.27,2.16,38.5,12.74,0.0,100.15,101260.0,100150.0
2021-12-15,101.29,78.08,22.7,28.48,18.06,-1.37,-0.15,2.32,83.7,13.3,0.2,100.18,101290.0,100180.0
2021-12-16,101.39,79.15,22.73,28.98,17.79,-1.21,-0.58,2.39,64.3,13.46,0.0,100.28,101390.0,100280.0
2021-12-17,101.45,78.75,22.33,28.14,18.04,-0.97,-0.89,2.21,47.6,13.05,0.0,100.34,101450.0,100340.0
2021-12-18,101.41,74.19,22.41,29.24,17.16,-2.52,-0.49,3.13,79.0,12.22,0.0,100.3,101410.0,100300.0
2021-12-19,101.52,70.03,21.9,28.27,16.39,-2.95,-0.4,3.49,82.2,11.17,0.0,100.41,101520.0,100410.0
2021-12-20,101.52,70.16,21.16,28.34,15.42,-2.04,-0.61,3.1,73.4,10.7,0.0,100.41,101520.0,100410.0
2021-12-21,101.48,68.61,20.96,28.18,15.19,-1.06,-0.19,2.72,80.0,10.3,0.0,100.37,101480.0,100370.0
2021-12-22,101.33,70.82,20.87,27.87,15.34,-0.65,-0.81,2.18,38.9,10.65,0.0,100.23,101330.0,100230.0
2021-12-23,101.27,69.55,21.08,28.59,15.61,-0.57,-0.69,2.35,39.7,10.51,0.0,100.17,101270.0,100170.0
2021-12-24,101.31,74.84,20.35,26.38,15.66,-0.12,-0.75,2.18,9.0,10.97,0.0,100.21,101310.0,100210.0
2021-12-25,101.35,75.66,20.39,27.18,15.09,-0.34,-1.04,2.07,18.0,10.92,0.0,100.25,101350.0,100250.0
2021-12-26,101.46,73.38,21.05,28.42,15.18,-0.92,-1.41,2.6,33.1,11.06,0.0,100.35,101460.0,100350.0
2021-12-27,101.41,64.51,22.21,29.65,15.61,-1.63,-1.03,2.43,57.7,10.39,0.0,100.31,101410.0,100310.0
2021-12-28,101.34,68.91,22.07,28.57,17.1,-0.47,-0.64,2.02,36.2,11.22,0.0,100.24,101340.0,100240.0
2021-12-29,101.39,72.4,20.91,27.97,15.69,-1.46,-2.37,3.19,31.7,10.86,0.0,100.27,101390.0,100270.0
2021-12-30,101.46,74.9,21.48,28.44,15.25,-3.84,-0.07,4.1,89.0,11.82,0.0,100.35,101460.0,100350.0
2021-12-31,101.54,72.8,23.0,29.32,17.74,-3.68,0.09,4.24,91.4,12.52,0.0,100.43,101540.0,100430.0
2022-01-01,101.58,74.41,23.09,29.35,17.95,-1.72,0.08,3.03,92.5,12.88,0.0,100.47,101580.0,100470.0
2022-01-02,101.44,74.94,23.3,29.72,18.14,-1.57,-0.84,2.59,61.9,13.13,0.0,100.33,101440.0,100330.0
2022-01-03,101.39,75.51,23.4,29.65,18.64,-1.45,-0.22,2.79,81.3,13.3,0.0,100.28,101390.0,100280.0
2022-01-04,101.36,67.61,24.25,30.29,18.7,-1.85,0.01,2.33,90.4,12.4,0.0,100.25,101360.0,100250.0
2022-01-05,101.35,70.5,23.05,29.41,18.01,-0.77,0.19,2.66,103.7,12.1,0.0,100.24,101350.0,100240.0
2022-01-06,101.31,80.65,22.38,28.09,18.12,-0.05,-1.22,2.23,2.3,13.41,0.13,100.2,101310.0,100200.0
2022-01-07,101.26,79.52,22.15,27.91,17.3,0.25,0.42,2.55,210.8,12.99,0.02,100.16,101260.0,100160.0
2022-01-08,101.35,79.95,22.41,27.4,19.02,0.78,-0.14,2.09,279.8,13.41,1.44,100.23,101350.0,100230.0
2022-01-09,101.35,76.65,20.22,25.92,15.43,0.74,-2.67,3.07,344.5,11.14,0.14,100.23,101350.0,100230.0
2022-01-10,101.37,68.16,18.08,25.25,12.58,0.25,-1.96,2.92,352.6,8.55,0.0,100.25,101370.0,100250.0
2022-01-11,101.38,71.33,17.87,24.35,12.68,0.61,-1.17,2.37,332.3,8.83,0.0,100.27,101380.0,100270.0
2022-01-12,101.31,75.72,18.36,25.93,11.78,-0.09,-1.76,2.79,3.0,9.59,0.0,100.19,101310.0,100190.0
2022-01-13,101.23,75.56,18.95,25.61,13.18,0.28,0.1,2.59,249.4,10.13,0.0,100.11,101230.0,100110.0
2022-01-14,101.26,80.04,20.25,26.58,15.5,0.44,-0.66,1.96,326.5,11.55,0.06,100.14,101260.0,100140.0
2022-01-15,101.3,74.81,21.79,28.91,16.46,-1.48,-0.96,2.92,57.1,11.74,0.0,100.19,101300.0,100190.0
2022-01-16,101.33,68.21,23.09,30.69,16.57,-2.53,0.08,3.21,91.9,11.58,0.0,100.22,101330.0,100220.0
2022-01-17,101.54,70.76,23.56,30.24,17.94,-1.39,-0.13,2.75,84.8,12.52,0.0,100.43,101540.0,100430.0
2022-01-18,101.47,67.99,23.45,31.06,18.07,-1.02,-1.33,2.65,37.5,11.72,0.0,100.36,101470.0,100360.0
2022-01-19,101.33,62.79,22.88,31.3,16.52,-1.06,-1.28,2.98,39.6,10.33,0.0,100.23,101330.0,100230.0
2022-01-20,101.16,61.19,22.54,30.23,17.07,0.23,-1.94,2.63,353.3,9.84,0.0,100.06,101160.0,100060.0
2022-01-21,101.16,75.18,22.22,28.86,16.8,0.8,-1.21,2.13,326.6,12.3,0.05,100.06,101160.0,100060.0
2022-01-22,101.01,82.71,22.75,27.72,19.2,2.52,0.26,2.84,264.0,14.11,0.31,99.91,101010.0,99910.0
2022-01-23,101.15,70.54,19.77,23.48,14.12,2.46,-2.31,3.68,313.2,10.06,0.06,100.02,101150.0,100020.0
2022-01-24,101.22,56.47,16.59,24.64,10.42,-0.58,-2.25,3.07,14.4,6.03,0.0,100.1,101220.0,100100.0
2022-01-25,101.21,51.67,17.06,26.25,9.49,-0.92,-1.87,3.12,26.2,5.8,0.0,100.09,101210.0,100090.0
2022-01-26,101.21,53.89,18.84,28.19,10.98,-1.11,-1.38,2.78,38.9,6.88,0.0,100.09,101210.0,100090.0
2022-01-27,101.22,53.18,20.31,29.7,12.62,-2.46,-1.05,3.41,66.9,7.5,0.0,100.1,101220.0,100100.0
2022-01-28,101.29,51.74,21.28,30.47,13.65,-3.16,-0.45,3.94,82.0,7.96,0.0,100.18,101290.0,100180.0
2022-01-29,101.4,49.9,21.92,31.19,14.36,-2.38,-0.29,3.39,83.0,7.63,0.0,100.29,101400.0,100290.0
2022-01-30,101.29,54.42,21.91,31.51,14.22,-0.79,-0.99,2.5,38.5,8.06,0.0,100.18,101290.0,100180.0
2022-01-31,101.17,50.88,21.91,32.01,14.22,-0.96,-1.49,2.64,32.9,7.5,0.0,100.07,101170.0,100070.0
2022-02-01,101.1,51.89,22.19,32.34,14.59,-0.77,-1.73,2.89,24.1,7.91,0.0,100.0,101100.0,100000.0
2022-02-02,101.12,57.04,22.61,32.2,15.47,-0.12,-0.88,2.43,7.9,8.98,0.0,100.03,101120.0,100030.0
2022-02-03,101.09,75.37,21.65,29.19,15.21,1.12,-0.8,2.47,305.6,11.62,0.0,99.99,101090.0,99990.0
2022-02-04,101.07,67.61,21.7,28.23,17.43,1.32,-0.85,1.81,302.8,10.34,0.0,99.96,101070.0,99960.0
2022-02-05,101.1,54.14,21.12,30.71,13.53,-0.58,-0.92,2.64,32.4,7.64,0.0,100.0,101100.0,100000.0
2022-02-06,101.28,55.18,22.04,32.98,13.6,-0.65,-0.23,3.01,70.7,8.26,0.0,100.18,101280.0,100180.0
2022-02-07,101.41,70.0,21.52,28.47,16.58,0.95,-1.57,2.4,328.8,10.8,0.0,100.3,101410.0,100300.0
2022-02-08,101.32,76.52,21.12,28.11,16.07,1.35,-1.57,2.59,319.2,11.51,0.0,100.21,101320.0,100210.0
2022-02-09,101.28,73.77,21.69,29.49,15.66,0.7,-2.21,2.72,342.3,11.44,0.02,100.17,101280.0,100170.0
2022-02-10,101.23,54.01,22.84,32.3,15.16,-1.06,-1.96,3.07,28.5,8.58,0.0,100.12,101230.0,100120.0
2022-02-11,101.17,46.98,24.06,33.62,16.44,-3.1,-1.17,3.89,69.3,8.19,0.0,100.06,101170.0,100060.0
2022-02-12,101.12,44.31,23.92,33.39,16.55,-2.06,-0.85,3.76,67.7,8.01,0.0,100.02,101120.0,100020.0
2022-02-13,100.96,47.62,24.06,33.48,16.92,-0.83,-1.32,2.91,32.3,8.36,0.0,99.86,100960.0,99860.0
2022-02-14,101.04,59.92,22.75,30.6,16.9,0.55,-2.01,3.02,344.7,9.69,0.0,99.94,101040.0,99940.0
2022-02-15,101.1,65.51,21.81,29.69,16.06,1.17,-0.93,2.52,308.4,9.93,0.0,99.99,101100.0,99990.0
2022-02-16,100.97,68.18,22.0,29.4,15.37,0.79,-0.55,2.07,304.7,10.56,0.0,99.86,100970.0,99860.0
2022-02-17,100.83,64.2,23.02,31.14,15.88,0.27,-0.41,2.33,326.3,10.31,0.0,99.72,100830.0,99720.0
2022-02-18,100.92,60.59,23.6,31.4,17.06,0.55,-0.04,2.47,274.5,10.38,0.0,99.82,100920.0,99820.0
2022-02-19,101.13,60.12,24.8,34.21,17.59,-0.12,-1.05,2.4,6.7,10.75,0.0,100.03,101130.0,100030.0
2022-02-20,101.07,53.08,25.09,34.37,18.7,0.33,-1.63,2.65,348.5,9.51,0.22,99.97,101070.0,99970.0
2022-02-21,101.0,46.69,24.48,34.15,17.71,0.0,-1.44,2.59,0.1,7.99,0.0,99.9,101000.0,99900.0
2022-02-22,101.08,49.3,25.06,36.12,17.26,-0.16,-0.94,2.31,9.6,8.62,0.0,99.99,101080.0,99990.0
2022-02-23,101.2,50.89,25.99,36.41,18.14,-0.45,-1.04,2.41,23.4,9.47,0.0,100.11,101200.0,100110.0
2022-02-24,101.35,52.07,26.18,35.09,20.44,0.35,-1.1,2.01,342.3,10.17,0.0,100.26,101350.0,100260.0
2022-02-25,101.27,50.76,26.16,35.44,19.63,0.26,-1.21,2.26,348.0,9.8,0.0,100.18,101270.0,100180.0
2022-02-26,101.27,49.22,26.11,35.04,20.63,0.36,-2.19,2.77,350.8,9.46,0.01,100.17,101270.0,100170.0
2022-02-27,101.31,46.02,25.93,35.49,18.8,-0.22,-2.06,2.95,6.2,8.64,0.0,100.21,101310.0,100210.0
2022-02-28,101.23,37.08,26.29,36.37,18.33,-0.69,-1.72,3.06,21.8,7.19,0.0,100.13,101230.0,100130.0
2022-03-01,101.22,36.97,27.09,37.26,19.2,-0.77,-2.2,3.16,19.4,7.47,0.0,100.12,101220.0,100120.0
2022-03-02,101.12,36.04,27.82,37.84,19.9,-1.4,-1.67,3.51,40.0,7.75,0.0,100.03,101120.0,100030.0
2022-03-03,101.12,32.24,28.44,37.73,21.1,-0.74,-3.96,4.53,10.6,7.27,0.0,100.03,101120.0,100030.0
2022-03-04,101.15,31.08,28.43,37.92,21.28,-1.1,-3.75,4.43,16.4,6.96,0.0,100.06,101150.0,100060.0
2022-03-05,101.06,31.74,28.52,38.25,20.9,-1.08,-2.07,3.75,27.7,7.29,0.0,99.97,101060.0,99970.0
2022-03-06,100.97,35.15,28.51,37.86,21.22,-0.6,-1.71,3.19,19.4,8.03,0.0,99.88,100970.0,99880.0
2022-03-07,100.99,37.29,28.98,37.57,22.46,-0.2,-0.41,3.27,25.9,8.92,0.17,99.9,100990.0,99900.0
2022-03-08,100.98,40.64,30.09,38.21,23.49,-0.96,-0.97,3.08,44.6,10.14,0.1,99.89,100980.0,99890.0
2022-03-09,100.98,43.33,30.59,38.34,25.02,-0.26,-1.96,2.82,7.6,11.1,0.1,99.89,100980.0,99890.0
2022-03-10,100.97,38.59,29.74,36.74,23.7,-0.59,-2.63,3.47,12.7,9.55,0.05,99.88,100970.0,99880.0
2022-03-11,100.95,39.37,29.76,37.68,23.57,0.44,-1.39,2.59,342.5,9.64,0.21,99.86,100950.0,99860.0
2022-03-12,100.92,40.86,30.09,38.44,23.61,-0.17,-0.29,3.12,30.2,10.22,0.01,99.83,100920.0,99830.0
2022-03-13,100.92,32.93,30.02,39.74,22.13,-1.32,-1.79,3.68,36.3,7.83,0.0,99.83,100920.0,99830.0
2022-03-14,100.95,24.32,30.49,40.66,22.09,-1.13,-2.01,3.86,29.3,5.92,0.0,99.87,100950.0,99870.0
2022-03-15,100.84,33.22,30.71,40.97,22.74,-0.01,-2.53,3.43,0.3,8.08,0.0,99.76,100840.0,99760.0
2022-03-16,100.7,34.0,31.03,41.7,22.42,-0.2,-2.76,3.51,4.1,8.22,0.0,99.62,100700.0,99620.0
2022-03-17,100.65,32.54,31.45,42.16,22.96,0.03,-2.33,3.36,359.3,8.21,0.24,99.57,100650.0,99570.0
2022-03-18,100.58,39.2,30.82,41.31,23.63,1.02,-2.3,3.15,336.0,9.43,0.42,99.5,100580.0,99500.0
2022-03-19,100.6,55.26,29.82,39.65,23.1,1.64,-0.89,2.89,298.5,12.63,0.45,99.52,100600.0,99520.0
2022-03-20,100.67,56.27,29.01,37.96,23.21,1.88,-1.32,2.55,305.1,12.65,0.03,99.59,100670.0,99590.0
2022-03-21,100.76,54.65,29.54,39.27,22.24,1.25,-2.38,3.12,332.3,12.11,0.01,99.68,100760.0,99680.0
2022-03-22,100.68,42.13,30.49,41.63,22.31,0.17,-2.38,3.07,355.9,9.67,0.44,99.61,100680.0,99610.0
2022-03-23,100.62,38.79,30.97,41.74,22.92,-0.03,-1.66,2.79,1.0,9.35,2.24,99.55,100620.0,99550.0
2022-03-24,100.63,42.53,30.43,40.94,23.04,0.72,-1.22,2.82,329.3,10.06,1.56,99.56,100630.0,99560.0
2022-03-25,100.82,54.55,29.71,38.93,22.81,1.42,0.01,2.16,269.7,12.54,0.0,99.74,100820.0,99740.0
2022-03-26,101.03,50.98,29.66,38.21,23.82,1.89,-0.36,2.23,280.9,12.2,0.01,99.94,101030.0,99940.0
2022-03-27,101.03,53.99,30.29,40.36,23.89,1.53,-0.38,2.12,283.8,13.11,0.0,99.95,101030.0,99950.0
2022-03-28,100.96,55.45,30.58,40.35,24.26,1.57,-1.36,2.48,310.8,13.57,0.0,99.88,100960.0,99880.0
2022-03-29,100.82,47.88,30.89,40.87,23.69,1.34,-2.24,3.01,329.1,11.53,0.08,99.75,100820.0,99750.0
2022-03-30,100.8,48.97,30.78,40.49,22.94,1.19,-1.49,3.11,321.5,11.46,0.1,99.72,100800.0,99720.0
2022-03-31,100.87,51.74,29.92,39.9,22.08,1.03,-1.44,2.85,324.4,11.41,0.0,99.79,100870.0,99790.0
2022-04-01,100.87,41.07,29.76,40.13,20.8,0.98,-1.85,2.97,332.1,9.11,0.0,99.79,100870.0,99790.0
2022-04-02,100.95,47.83,30.04,40.17,22.6,1.26,-1.04,2.51,309.4,10.91,0.0,99.87,100950.0,99870.0
2022-04-03,100.87,51.69,30.48,41.12,21.99,1.16,-2.23,3.14,332.5,11.96,0.0,99.8,100870.0,99800.0
2022-04-04,100.88,47.13,31.41,41.17,24.86,1.74,-1.23,2.53,305.2,12.13,0.03,99.81,100880.0,99810.0
2022-04-05,101.05,57.87,31.25,41.54,24.32,2.01,-0.23,2.87,276.5,14.52,0.18,99.97,101050.0,99970.0
2022-04-06,101.07,58.25,31.59,41.37,24.18,1.72,-0.44,2.79,284.5,14.86,0.22,99.99,101070.0,99990.0
2022-04-07,100.92,53.12,31.99,41.72,24.92,1.35,-1.51,3.36,318.2,13.45,0.21,99.84,100920.0,99840.0
2022-04-08,100.77,50.55,31.91,41.66,24.7,0.97,-0.55,2.81,299.5,12.99,0.4,99.69,100770.0,99690.0
2022-04-09,100.78,59.55,31.23,39.25,25.4,2.04,-0.04,3.02,271.2,15.11,0.19,99.71,100780.0,99710.0
2022-04-10,100.79,59.2,30.79,38.41,25.27,1.97,0.08,2.4,267.8,14.99,0.05,99.71,100790.0,99710.0
2022-04-11,100.71,50.07,31.63,40.22,25.22,2.04,-0.91,2.39,294.1,13.16,0.04,99.64,100710.0,99640.0
2022-04-12,100.61,42.96,32.37,41.38,25.66,1.47,-1.59,2.53,317.3,11.66,0.0,99.53,100610.0,99530.0
2022-04-13,100.54,42.52,31.9,39.61,25.51,1.37,-1.28,2.32,312.9,11.28,0.01,99.47,100540.0,99470.0
2022-04-14,100.6,51.02,30.87,37.75,25.53,1.67,-1.36,2.7,309.0,13.32,0.02,99.52,100600.0,99520.0
2022-04-15,100.68,56.52,30.45,38.19,25.38,2.52,-0.23,2.68,275.2,14.15,0.04,99.6,100680.0,99600.0
2022-04-16,100.61,55.78,30.24,38.96,23.72,2.03,-0.41,2.51,281.3,13.43,0.02,99.53,100610.0,99530.0
2022-04-17,100.66,55.98,30.45,39.61,23.5,2.0,-0.55,2.52,285.5,13.6,0.02,99.59,100660.0,99590.0
2022-04-18,100.85,54.88,30.9,39.88,24.46,2.38,-0.94,2.71,291.5,13.87,0.02,99.77,100850.0,99770.0
2022-04-19,101.06,58.33,30.13,36.74,25.23,2.62,-0.42,2.76,279.1,14.76,0.05,99.97,101060.0,99970.0
2022-04-20,100.84,57.24,30.44,37.27,25.61,1.63,-2.37,3.03,325.5,14.72,0.14,99.77,100840.0,99770.0
2022-04-21,100.56,37.13,33.63,41.77,26.31,0.52,-3.44,3.86,351.4,11.19,0.07,99.49,100560.0,99490.0
2022-04-22,100.62,39.62,34.12,42.36,27.59,0.59,-2.45,3.33,346.5,12.18,0.78,99.55,100620.0,99550.0
2022-04-23,100.75,51.6,33.68,41.89,27.1,1.24,0.03,2.35,268.8,15.03,0.75,99.68,100750.0,99680.0
2022-04-24,100.74,56.67,32.49,40.42,26.89,1.78,-1.33,2.89,306.8,15.49,0.28,99.66,100740.0,99660.0
2022-04-25,100.63,47.34,33.26,42.99,25.86,1.27,-2.19,3.09,329.9,13.01,0.08,99.56,100630.0,99560.0
2022-04-26,100.69,45.35,32.67,40.77,26.57,1.81,-1.76,2.65,314.3,12.66,0.13,99.61,100690.0,99610.0
2022-04-27,100.62,41.18,34.07,43.06,26.54,1.46,-3.31,3.89,336.2,12.01,0.01,99.55,100620.0,99550.0
2022-04-28,100.65,39.55,34.34,42.99,27.7,1.5,-2.3,3.61,326.9,12.06,0.02,99.58,100650.0,99580.0
2022-04-29,100.81,56.85,32.31,39.86,26.69,1.91,-0.28,2.65,278.4,15.82,0.02,99.74,100810.0,99740.0
2022-04-30,100.64,53.78,31.93,39.94,25.94,2.2,-0.4,2.87,280.4,14.38,0.02,99.57,100640.0,99570.0
2022-05-01,100.57,61.94,31.19,38.95,25.73,2.65,-0.57,2.93,282.2,16.23,0.02,99.5,100570.0,99500.0
2022-05-02,100.57,64.58,30.74,37.48,26.11,2.53,0.42,2.76,260.7,16.86,0.02,99.49,100570.0,99490.0
2022-05-03,100.66,66.04,30.43,35.99,26.23,2.59,-0.16,2.73,273.5,17.26,0.02,99.58,100660.0,99580.0
2022-05-04,100.75,59.01,31.05,38.57,25.8,2.31,-1.28,2.83,299.0,15.42,0.0,99.68,100750.0,99680.0
2022-05-05,100.73,57.67,31.34,38.92,25.34,2.48,-2.43,3.72,314.4,15.27,0.0,99.65,100730.0,99650.0
2022-05-06,100.65,59.43,31.5,39.25,25.33,2.72,-2.17,3.6,308.5,15.95,0.03,99.57,100650.0,99570.0
2022-05-07,100.61,60.29,31.72,38.91,26.21,3.15,-2.18,3.93,304.7,16.46,0.01,99.54,100610.0,99540.0
2022-05-08,100.45,60.13,31.98,40.0,26.43,2.78,-1.78,3.34,302.7,16.7,0.14,99.38,100450.0,99380.0
2022-05-09,100.34,59.93,32.15,40.11,26.6,3.53,-2.35,4.38,303.6,16.56,0.18,99.28,100340.0,99280.0
2022-05-10,100.32,62.65,31.48,38.79,26.87,3.97,-2.33,4.78,300.4,17.25,0.14,99.26,100320.0,99260.0
2022-05-11,100.32,64.26,31.55,38.61,27.56,3.97,-0.27,4.3,273.9,18.1,0.13,99.26,100320.0,99260.0
2022-05-12,100.39,64.53,31.58,37.48,28.03,4.39,1.3,4.69,253.5,18.38,0.13,99.33,100390.0,99330.0
2022-05-13,100.38,62.99,31.42,37.4,27.78,4.45,1.65,4.79,249.6,17.66,0.09,99.31,100380.0,99310.0
2022-05-14,100.42,62.45,31.39,37.69,27.78,4.55,1.62,4.86,250.4,17.46,0.08,99.35,100420.0,99350.0
2022-05-15,100.54,60.42,31.57,37.56,27.61,4.4,-0.01,4.48,270.1,17.15,0.08,99.47,100540.0,99470.0
2022-05-16,100.5,61.34,31.8,38.42,27.54,3.8,-1.22,3.99,287.8,17.53,0.25,99.43,100500.0,99430.0
2022-05-17,100.39,61.59,31.46,37.89,27.68,3.71,-0.99,3.93,284.9,17.2,0.37,99.32,100390.0,99320.0
2022-05-18,100.48,61.28,31.35,37.5,27.27,3.71,0.49,3.8,262.4,16.97,0.16,99.4,100480.0,99400.0
2022-05-19,100.52,59.54,31.18,38.29,27.07,3.1,-0.88,3.36,285.9,16.21,0.46,99.45,100520.0,99450.0
2022-05-20,100.61,62.3,30.86,36.9,27.28,4.07,0.97,4.27,256.5,16.81,0.15,99.53,100610.0,99530.0
2022-05-21,100.56,64.67,30.49,35.29,27.3,5.12,2.31,5.65,245.7,17.47,0.07,99.48,100560.0,99480.0
2022-05-22,100.39,65.44,30.44,35.51,26.94,5.51,2.63,6.13,244.5,17.61,0.3,99.31,100390.0,99310.0
2022-05-23,100.32,66.47,30.85,35.45,27.59,5.13,2.55,5.78,243.6,18.39,2.86,99.25,100320.0,99250.0
2022-05-24,100.6,66.9,30.77,35.66,27.54,4.59,1.03,4.82,257.3,18.33,1.9,99.52,100600.0,99520.0
2022-05-25,100.82,63.9,30.5,35.84,26.75,3.6,-0.67,3.71,280.6,17.09,0.33,99.74,100820.0,99740.0
2022-05-26,100.79,59.8,30.53,36.05,26.34,3.93,0.3,3.97,265.6,16.07,0.05,99.7,100790.0,99700.0
2022-05-27,100.73,57.55,31.25,36.36,27.45,4.66,0.81,4.76,260.2,16.11,0.01,99.65,100730.0,99650.0
2022-05-28,100.65,58.19,31.32,36.4,27.78,4.77,1.08,4.94,257.2,16.44,0.01,99.56,100650.0,99560.0
2022-05-29,100.65,60.54,30.86,35.55,27.82,4.87,0.64,4.96,262.5,16.73,0.01,99.57,100650.0,99570.0
2022-05-30,100.61,60.97,30.93,36.22,26.99,4.55,0.02,4.58,269.7,16.79,0.01,99.53,100610.0,99530.0
2022-05-31,100.54,59.31,30.9,36.35,27.34,4.49,-0.7,4.6,278.8,16.3,0.27,99.46,100540.0,99460.0
2022-06-01,100.52,61.91,30.76,36.9,27.06,3.92,-1.04,4.12,284.9,16.86,0.53,99.44,100520.0,99440.0
2022-06-02,100.57,60.14,30.98,36.57,27.37,4.1,-1.16,4.34,285.8,16.51,0.19,99.49,100570.0,99490.0
2022-06-03,100.54,62.25,30.87,36.6,27.4,4.42,-0.44,4.51,275.7,16.92,0.25,99.47,100540.0,99470.0
2022-06-04,100.5,61.11,30.99,37.18,27.04,4.07,-0.6,4.22,278.4,16.59,0.27,99.43,100500.0,99430.0
2022-06-05,100.49,60.92,31.0,37.18,26.92,3.64,0.15,3.67,267.6,16.63,0.12,99.41,100490.0,99410.0
2022-06-06,100.53,60.3,31.06,36.59,27.13,3.82,0.55,3.87,261.8,16.65,0.12,99.45,100530.0,99450.0
2022-06-07,100.59,64.42,30.48,35.05,27.68,3.82,1.05,4.05,254.6,17.36,1.52,99.5,100590.0,99500.0
2022-06-08,100.56,68.62,30.34,34.67,27.36,3.93,0.7,4.06,259.9,18.41,1.23,99.48,100560.0,99480.0
2022-06-09,100.45,70.23,30.24,34.03,27.48,3.44,1.08,3.65,252.6,18.83,3.12,99.37,100450.0,99370.0
2022-06-10,100.47,75.9,29.33,32.6,27.11,2.86,1.29,3.27,245.8,19.41,11.24,99.39,100470.0,99390.0
2022-06-11,100.54,83.6,27.84,30.67,26.23,3.07,3.0,4.4,225.6,19.71,25.37,99.46,100540.0,99460.0
2022-06-12,100.51,77.7,28.33,32.0,25.81,2.82,3.51,4.66,218.8,18.68,5.52,99.43,100510.0,99430.0
2022-06-13,100.64,74.91,29.16,33.79,25.84,1.63,4.31,4.85,200.7,18.66,1.57,99.55,100640.0,99550.0
2022-06-14,100.64,73.74,29.41,34.55,26.3,2.26,4.07,4.86,209.1,18.58,1.62,99.55,100640.0,99550.0
2022-06-15,100.54,77.59,29.06,32.9,26.35,3.46,2.69,4.59,232.1,19.47,4.86,99.46,100540.0,99460.0
2022-06-16,100.51,77.28,29.08,32.34,26.61,3.67,2.08,4.28,240.5,19.45,9.21,99.43,100510.0,99430.0
2022-06-17,100.46,81.25,28.35,30.7,26.41,2.49,2.68,3.81,223.0,19.7,7.5,99.38,100460.0,99380.0
2022-06-18,100.48,77.67,28.68,32.84,25.48,2.07,4.01,4.72,207.3,18.99,6.8,99.4,100480.0,99400.0
2022-06-19,100.49,81.66,28.68,32.04,26.53,4.66,2.85,5.65,238.5,20.12,29.13,99.4,100490.0,99400.0
2022-06-20,100.42,82.69,28.24,30.69,26.66,5.22,2.24,5.72,246.8,19.99,20.72,99.34,100420.0,99340.0
2022-06-21,100.24,84.32,27.9,30.13,26.43,4.32,3.12,5.42,234.1,20.04,13.0,99.15,100240.0,99150.0
2022-06-22,100.39,86.91,27.52,29.18,25.63,2.42,0.49,2.72,258.6,20.21,22.48,99.31,100390.0,99310.0
2022-06-23,100.52,80.51,27.72,31.8,24.83,2.03,1.35,2.62,236.3,18.64,17.38,99.43,100520.0,99430.0
2022-06-24,100.35,87.58,26.87,29.47,25.29,1.17,2.0,2.79,210.4,19.57,16.31,99.27,100350.0,99270.0
2022-06-25,100.04,88.22,26.86,29.25,25.37,2.0,0.09,4.02,267.5,19.8,5.29,98.96,100040.0,98960.0
2022-06-26,100.11,88.07,27.11,29.68,25.19,1.61,3.2,3.73,206.6,20.02,14.31,99.03,100110.0,99030.0
2022-06-27,100.32,88.01,27.15,29.38,25.47,2.37,4.84,5.58,206.1,20.03,17.53,99.24,100320.0,99240.0
2022-06-28,100.41,85.27,27.7,30.12,25.94,3.25,3.4,4.79,223.8,19.95,14.12,99.32,100410.0,99320.0
2022-06-29,100.27,87.56,27.8,30.63,26.0,4.46,2.2,5.11,243.7,20.68,33.66,99.19,100270.0,99190.0
2022-06-30,100.29,88.66,27.27,29.16,26.12,4.22,3.43,5.46,230.9,20.34,52.41,99.21,100290.0,99210.0
2022-07-01,100.35,89.84,27.13,29.06,25.85,4.24,2.39,4.93,240.6,20.45,67.86,99.27,100350.0,99270.0
2022-07-02,100.19,86.86,27.47,29.94,25.82,5.19,2.84,5.97,241.4,20.15,27.73,99.11,100190.0,99110.0
2022-07-03,100.16,86.22,27.41,29.87,25.96,5.02,3.97,6.44,231.7,19.93,20.14,99.08,100160.0,99080.0
2022-07-04,100.13,89.93,26.89,28.68,25.88,5.47,3.19,6.42,239.7,20.24,63.8,99.05,100130.0,99050.0
2022-07-05,100.06,90.69,26.48,27.96,25.41,5.61,2.1,6.04,249.5,19.95,97.61,98.98,100060.0,98980.0
2022-07-06,100.15,90.02,26.8,28.95,25.5,5.19,3.25,6.17,237.9,20.14,83.32,99.07,100150.0,99070.0
2022-07-07,100.45,90.45,26.53,28.24,25.44,5.48,2.87,6.26,242.3,19.86,54.55,99.37,100450.0,99370.0
2022-07-08,100.44,91.81,26.34,27.53,25.41,6.34,1.19,6.47,259.4,19.96,71.1,99.35,100440.0,99350.0
2022-07-09,100.29,91.43,26.34,27.57,25.46,6.42,0.79,6.49,263.0,19.9,44.3,99.21,100290.0,99210.0
2022-07-10,100.35,93.19,25.82,26.64,25.18,6.09,0.93,6.17,261.3,19.67,57.38,99.26,100350.0,99260.0
2022-07-11,100.48,93.53,25.85,26.81,25.13,6.68,0.38,6.71,266.8,19.76,92.15,99.39,100480.0,99390.0
2022-07-12,100.46,93.02,25.62,26.57,25.05,6.81,1.38,6.95,258.5,19.38,78.31,99.37,100460.0,99370.0
2022-07-13,100.14,93.37,25.67,26.8,24.77,6.98,2.14,7.34,252.9,19.57,97.86,99.06,100140.0,99060.0
2022-07-14,99.9,94.02,25.48,26.34,24.94,5.95,3.52,7.19,239.4,19.53,102.07,98.82,99900.0,98820.0
2022-07-15,99.98,91.81,25.9,27.0,24.91,5.24,4.89,7.26,227.0,19.52,44.43,98.9,99980.0,98900.0
2022-07-16,100.13,91.31,26.4,28.23,24.93,5.23,5.26,7.44,224.8,19.99,34.07,99.05,100130.0,99050.0
2022-07-17,100.39,90.85,26.57,28.6,25.21,4.71,3.29,5.85,235.1,20.02,18.55,99.3,100390.0,99300.0
2022-07-18,100.47,92.51,25.68,26.78,24.9,4.0,1.89,4.46,244.7,19.33,22.58,99.38,100470.0,99380.0
2022-07-19,100.51,90.9,26.24,28.41,24.67,5.02,1.75,5.37,250.8,19.61,32.15,99.42,100510.0,99420.0
2022-07-20,100.62,89.77,26.26,28.49,24.65,5.04,1.39,5.27,254.6,19.36,13.99,99.53,100620.0,99530.0
2022-07-21,100.62,89.85,26.26,28.53,24.65,4.48,0.85,4.63,259.2,19.37,10.5,99.54,100620.0,99540.0
2022-07-22,100.68,89.48,26.22,28.35,24.59,4.0,0.48,4.08,263.1,19.22,6.48,99.59,100680.0,99590.0
2022-07-23,100.49,91.03,26.09,27.84,24.69,4.93,0.58,5.0,263.3,19.47,25.04,99.41,100490.0,99410.0
2022-07-24,100.44,90.7,26.13,27.73,24.86,5.18,1.25,5.38,256.4,19.46,29.04,99.35,100440.0,99350.0
2022-07-25,100.61,89.2,26.1,27.96,24.48,4.19,2.31,4.79,241.1,19.04,17.28,99.52,100610.0,99520.0
2022-07-26,100.78,88.74,26.25,28.77,24.24,3.52,0.89,3.73,255.8,19.06,6.35,99.69,100780.0,99690.0
2022-07-27,100.76,89.38,26.21,29.17,24.02,2.27,-0.84,2.46,290.3,19.14,15.21,99.68,100760.0,99680.0
2022-07-28,100.81,88.77,26.63,29.49,24.39,1.43,-1.52,2.12,316.7,19.47,13.36,99.73,100810.0,99730.0
2022-07-29,100.8,89.76,26.65,29.42,24.56,1.39,-2.09,2.55,326.3,19.73,1.53,99.71,100800.0,99710.0
2022-07-30,100.7,88.82,26.76,29.63,24.57,1.95,-1.59,2.57,309.2,19.67,1.2,99.62,100700.0,99620.0
2022-07-31,100.52,88.01,26.8,29.44,24.66,2.87,-0.94,3.04,288.1,19.56,2.31,99.44,100520.0,99440.0
2022-08-01,100.53,86.25,27.03,29.94,24.44,3.38,-0.57,3.45,279.5,19.42,1.84,99.44,100530.0,99440.0
2022-08-02,100.44,89.38,26.58,28.78,24.78,3.19,-1.14,3.41,289.7,19.65,7.84,99.36,100440.0,99360.0
2022-08-03,100.37,90.06,26.63,29.18,24.83,3.01,-1.36,3.35,294.3,19.88,10.06,99.29,100370.0,99290.0
2022-08-04,100.27,90.79,26.5,28.62,24.87,2.4,-0.4,2.44,279.5,19.92,16.52,99.19,100270.0,99190.0
2022-08-05,100.17,90.78,26.64,29.37,24.81,3.16,1.2,3.43,249.2,20.08,12.38,99.09,100170.0,99090.0
2022-08-06,100.06,90.06,26.63,28.59,25.13,3.92,2.67,4.83,235.8,19.95,15.64,98.98,100060.0,98980.0
2022-08-07,99.94,92.71,26.32,27.81,24.81,3.75,0.69,3.94,259.6,20.23,41.89,98.86,99940.0,98860.0
2022-08-08,99.85,93.49,26.27,27.36,25.43,5.96,0.85,6.25,261.9,20.36,67.89,98.78,99850.0,98780.0
2022-08-09,99.76,93.27,25.74,26.77,24.97,5.16,6.59,8.53,218.1,19.71,63.72,98.68,99760.0,98680.0
2022-08-10,99.73,92.37,26.01,27.29,25.08,6.57,5.83,8.83,228.4,19.84,31.77,98.65,99730.0,98650.0
2022-08-11,99.91,91.06,25.82,27.21,24.98,6.55,7.11,9.7,222.6,19.29,42.45,98.83,99910.0,98830.0
2022-08-12,100.23,90.03,26.11,27.95,24.94,5.45,6.92,8.83,218.2,19.33,19.49,99.14,100230.0,99140.0
2022-08-13,100.43,89.71,26.06,28.04,24.73,5.14,4.48,6.92,228.9,19.15,18.71,99.34,100430.0,99340.0
2022-08-14,100.57,89.21,25.89,28.06,24.38,5.38,3.76,6.61,235.0,18.83,16.76,99.48,100570.0,99480.0
2022-08-15,100.6,92.04,25.24,27.09,24.33,5.06,2.71,5.81,241.8,18.71,38.81,99.51,100600.0,99510.0
2022-08-16,100.57,91.8,25.29,26.58,24.25,5.32,3.87,6.65,234.0,18.72,35.62,99.48,100570.0,99480.0
2022-08-17,100.67,90.81,25.86,27.46,24.65,4.84,4.71,6.85,225.8,19.12,21.5,99.58,100670.0,99580.0
2022-08-18,100.65,90.61,25.91,28.17,24.24,4.07,3.28,5.3,231.1,19.14,13.35,99.56,100650.0,99560.0
2022-08-19,100.66,90.66,25.97,28.37,24.13,4.4,2.37,5.06,241.7,19.21,12.82,99.57,100660.0,99570.0
2022-08-20,100.68,90.22,25.95,28.13,24.39,4.78,1.39,5.0,253.8,19.09,12.06,99.59,100680.0,99590.0
2022-08-21,100.58,90.88,25.55,27.3,24.28,4.6,0.91,4.7,258.8,18.79,8.92,99.5,100580.0,99500.0
2022-08-22,100.45,90.81,25.77,27.55,24.39,5.55,0.64,5.62,263.4,19.06,13.02,99.37,100450.0,99370.0
2022-08-23,100.44,90.83,26.15,28.25,24.67,5.36,2.06,5.81,249.0,19.5,19.73,99.35,100440.0,99350.0
2022-08-24,100.71,89.84,26.1,28.37,24.33,4.51,1.78,4.87,248.5,19.15,11.99,99.62,100710.0,99620.0
2022-08-25,100.69,89.34,25.9,28.64,24.05,3.67,1.06,3.85,253.9,18.8,5.61,99.6,100690.0,99600.0
2022-08-26,100.7,88.57,25.72,28.57,23.61,2.67,0.22,2.82,265.4,18.44,1.79,99.61,100700.0,99610.0
2022-08-27,100.71,86.9,25.88,29.16,23.51,2.37,-0.7,2.5,286.5,18.22,0.23,99.62,100710.0,99620.0
2022-08-28,100.71,88.09,25.74,28.79,23.33,1.98,-1.09,2.32,298.9,18.32,1.29,99.62,100710.0,99620.0
2022-08-29,100.82,86.31,26.2,29.58,23.65,1.55,-1.56,2.26,315.3,18.38,1.41,99.73,100820.0,99730.0
2022-08-30,100.8,87.97,26.28,29.98,23.55,1.08,-2.1,2.66,332.6,18.87,2.39,99.71,100800.0,99710.0
2022-08-31,100.61,90.17,26.91,30.66,24.27,0.84,-2.32,2.86,340.1,20.15,10.34,99.53,100610.0,99530.0
2022-09-01,100.62,92.6,26.45,28.77,24.88,0.67,-2.82,2.98,346.5,20.19,7.4,99.54,100620.0,99540.0
2022-09-02,100.68,89.86,27.25,30.22,24.49,0.81,-1.45,1.91,330.8,20.49,4.56,99.59,100680.0,99590.0
2022-09-03,100.67,88.27,27.71,31.27,24.92,1.06,0.79,2.41,233.4,20.63,7.92,99.59,100670.0,99590.0
2022-09-04,100.7,91.41,26.81,29.58,25.26,2.06,-0.2,2.33,275.5,20.33,7.41,99.62,100700.0,99620.0
2022-09-05,100.74,89.75,26.52,28.89,24.81,2.52,-0.65,2.62,284.4,19.6,9.92,99.65,100740.0,99650.0
2022-09-06,100.7,89.04,26.48,29.33,24.52,1.67,-1.32,2.22,308.3,19.38,11.6,99.62,100700.0,99620.0
2022-09-07,100.63,89.75,26.59,30.32,23.67,1.93,-2.02,3.02,316.3,19.67,7.64,99.55,100630.0,99550.0
2022-09-08,100.48,87.4,27.61,30.99,25.05,-0.46,-0.98,2.01,25.4,20.31,77.44,99.4,100480.0,99400.0
2022-09-09,100.37,87.22,28.05,31.49,25.15,-0.78,1.41,2.04,151.1,20.85,10.26,99.29,100370.0,99290.0
2022-09-10,100.35,88.48,27.36,30.96,25.03,0.5,0.45,1.69,228.2,20.32,10.35,99.28,100350.0,99280.0
2022-09-11,100.17,91.65,26.92,29.7,25.24,3.52,-0.93,3.71,284.8,20.63,23.75,99.1,100170.0,99100.0
2022-09-12,100.09,93.33,25.74,26.75,25.07,3.7,0.15,3.81,267.6,19.64,34.64,99.01,100090.0,99010.0
2022-09-13,100.34,91.93,26.11,27.8,24.78,4.41,2.21,5.01,243.4,19.72,32.84,99.25,100340.0,99250.0
2022-09-14,100.6,91.35,26.25,28.19,25.12,4.23,4.26,6.05,224.8,19.7,29.54,99.51,100600.0,99510.0
2022-09-15,100.69,91.66,26.61,28.35,25.41,5.34,4.28,6.9,231.3,20.2,44.49,99.6,100690.0,99600.0
2022-09-16,100.58,94.07,26.2,27.19,25.33,4.51,1.48,4.81,251.9,20.27,58.87,99.5,100580.0,99500.0
2022-09-17,100.64,90.95,26.35,28.66,24.71,3.59,2.79,4.57,232.2,19.73,33.52,99.55,100640.0,99550.0
2022-09-18,100.84,88.84,25.86,28.42,23.94,2.93,0.2,3.06,266.0,18.64,33.66,99.75,100840.0,99750.0
2022-09-19,100.91,87.09,25.67,28.64,23.3,3.25,-0.44,3.29,277.8,18.04,8.83,99.81,100910.0,99810.0
2022-09-20,100.88,88.87,25.23,27.79,23.14,3.11,-0.73,3.21,283.2,17.95,7.04,99.78,100880.0,99780.0
2022-09-21,100.86,89.68,25.02,27.54,23.13,3.12,-0.91,3.27,286.2,17.88,3.56,99.76,100860.0,99760.0
2022-09-22,100.9,89.49,24.93,27.64,23.05,2.74,0.43,2.84,261.0,17.75,4.46,99.8,100900.0,99800.0
2022-09-23,100.89,92.24,24.83,26.86,23.04,2.37,2.05,3.15,229.1,18.22,7.01,99.79,100890.0,99790.0
2022-09-24,100.82,90.48,25.36,28.24,23.14,2.44,1.48,2.93,238.7,18.41,4.36,99.73,100820.0,99730.0
2022-09-25,100.81,89.59,25.53,28.68,23.0,2.54,0.5,2.63,259.0,18.42,6.0,99.71,100810.0,99710.0
2022-09-26,100.98,87.47,25.63,28.76,23.22,1.98,-0.85,2.3,293.1,18.04,3.33,99.88,100980.0,99880.0
2022-09-27,100.85,88.02,25.24,28.52,22.93,1.78,-1.16,2.37,303.1,17.74,1.82,99.76,100850.0,99760.0
2022-09-28,100.74,90.34,25.37,27.81,23.44,2.71,-0.89,2.89,288.2,18.43,1.3,99.65,100740.0,99650.0
2022-09-29,100.73,89.79,25.74,28.64,24.04,1.67,-2.4,2.97,325.3,18.73,8.77,99.64,100730.0,99640.0
2022-09-30,100.76,89.73,26.45,30.22,23.63,1.38,-2.29,2.79,328.9,19.49,19.04,99.68,100760.0,99680.0
2022-10-01,100.83,89.43,26.27,29.63,23.78,2.02,-1.92,2.84,313.5,19.21,6.19,99.75,100830.0,99750.0
2022-10-02,100.88,88.86,25.69,28.92,23.47,1.93,-1.68,2.59,311.0,18.41,2.45,99.78,100880.0,99780.0
2022-10-03,100.91,86.64,25.6,29.41,22.59,1.41,-2.17,2.65,327.0,17.79,0.22,99.82,100910.0,99820.0
2022-10-04,100.88,87.88,26.0,30.29,22.23,0.83,-2.56,2.86,341.9,18.51,1.27,99.79,100880.0,99790.0
2022-10-05,100.75,87.09,26.39,29.9,23.64,0.87,-3.12,3.27,344.4,18.79,1.03,99.65,100750.0,99650.0
2022-10-06,100.62,89.29,25.34,28.12,22.29,1.28,-1.69,2.75,322.9,18.24,8.62,99.53,100620.0,99530.0
2022-10-07,100.46,92.95,25.62,27.86,24.11,4.16,-0.59,4.57,278.1,19.34,43.1,99.37,100460.0,99370.0
2022-10-08,100.71,92.31,25.48,27.07,24.41,2.68,1.69,3.31,237.7,18.98,14.9,99.62,100710.0,99620.0
2022-10-09,100.9,87.78,26.17,29.55,23.89,1.09,1.95,2.75,209.1,18.68,0.57,99.81,100900.0,99810.0
2022-10-10,100.96,86.88,26.45,29.99,23.96,1.48,-0.94,1.95,302.5,18.8,0.99,99.87,100960.0,99870.0
2022-10-11,100.85,89.19,26.43,29.88,23.66,1.25,-1.05,1.97,310.0,19.3,16.35,99.76,100850.0,99760.0
2022-10-12,100.9,91.07,26.3,28.84,24.32,1.15,-1.41,2.1,320.9,19.61,8.97,99.81,100900.0,99810.0
2022-10-13,100.91,86.62,25.84,29.06,23.42,-2.8,-1.31,3.21,65.0,18.12,7.79,99.82,100910.0,99820.0
2022-10-14,100.86,86.42,26.43,30.82,22.84,-1.87,-1.24,2.74,56.5,18.75,26.96,99.77,100860.0,99770.0
2022-10-15,100.79,83.23,25.98,30.69,22.13,-3.05,-1.49,3.48,64.0,17.48,11.55,99.7,100790.0,99700.0
2022-10-16,100.91,79.8,25.71,31.76,19.66,-3.36,-0.88,3.67,75.4,16.68,0.31,99.82,100910.0,99820.0
2022-10-17,101.01,87.36,27.15,31.22,24.38,-0.65,0.32,2.59,116.4,19.74,7.19,99.92,101010.0,99920.0
2022-10-18,101.05,89.27,26.12,28.5,24.57,0.99,-0.39,1.58,291.4,18.95,14.15,99.96,101050.0,99960.0
2022-10-19,101.0,86.83,26.61,30.59,23.8,0.45,-1.34,1.9,341.4,18.93,2.32,99.91,101000.0,99910.0
2022-10-20,101.02,83.33,26.62,31.51,23.03,-0.51,-1.24,2.18,22.5,18.06,3.2,99.93,101020.0,99930.0
2022-10-21,101.12,84.86,27.04,30.95,23.84,-2.6,-1.18,3.06,65.7,18.98,10.32,100.03,101120.0,100030.0
2022-10-22,101.28,80.62,25.68,29.79,21.56,-3.8,0.08,3.84,91.3,16.52,0.16,100.18,101280.0,100180.0
2022-10-23,101.31,73.62,23.69,29.75,18.8,-3.9,-0.38,3.99,84.4,13.26,0.0,100.21,101310.0,100210.0
2022-10-24,101.11,70.77,23.86,30.1,18.1,-1.49,-1.09,2.7,53.9,12.83,0.0,100.01,101110.0,100010.0
2022-10-25,101.15,68.13,23.93,29.76,18.77,-0.87,-1.36,2.25,32.8,12.43,0.0,100.04,101150.0,100040.0
2022-10-26,101.28,71.45,23.73,30.32,18.25,-1.99,-1.35,2.84,55.8,12.86,0.0,100.17,101280.0,100170.0
2022-10-27,101.25,71.25,23.8,29.86,18.1,-2.75,-0.68,3.06,76.0,12.91,0.0,100.14,101250.0,100140.0
2022-10-28,101.19,71.09,23.39,29.51,18.43,-3.33,-0.31,3.45,84.7,12.49,0.0,100.08,101190.0,100080.0
2022-10-29,101.18,70.61,23.02,30.01,17.56,-4.05,-0.04,4.11,89.4,12.19,0.0,100.07,101180.0,100070.0
2022-10-30,101.19,73.53,23.43,30.1,18.0,-3.8,-0.72,4.02,79.2,13.13,0.0,100.09,101190.0,100090.0
2022-10-31,101.15,73.71,23.84,30.17,18.8,-3.18,-1.07,3.65,71.4,13.41,0.0,100.05,101150.0,100050.0
2022-11-01,101.23,73.36,23.16,29.04,18.56,-3.6,-0.44,3.69,83.0,12.78,0.0,100.13,101230.0,100130.0
2022-11-02,101.16,74.5,23.33,30.08,17.84,-3.39,-0.82,3.61,76.5,13.28,0.0,100.06,101160.0,100060.0
2022-11-03,101.15,72.35,23.42,30.75,17.65,-3.97,-0.6,4.14,81.4,12.83,0.0,100.05,101150.0,100050.0
2022-11-04,101.24,70.4,23.32,30.49,17.87,-3.82,-0.36,3.89,84.6,12.32,0.0,100.14,101240.0,100140.0
2022-11-05,101.32,65.34,23.81,31.77,17.45,-3.99,-0.07,4.05,89.0,11.77,0.0,100.22,101320.0,100220.0
2022-11-06,101.38,64.19,24.19,31.67,18.23,-3.66,-0.08,3.77,88.7,11.68,0.0,100.27,101380.0,100270.0
2022-11-07,101.32,67.23,24.29,31.58,18.81,-2.21,-0.48,2.91,77.7,12.38,0.0,100.22,101320.0,100220.0
2022-11-08,101.31,72.17,24.52,31.29,19.25,-1.69,-0.59,2.61,70.6,13.66,0.0,100.21,101310.0,100210.0
2022-11-09,101.3,70.99,24.71,31.37,19.44,-1.49,-0.85,2.24,60.3,13.5,0.0,100.19,101300.0,100190.0
2022-11-10,101.32,74.49,23.74,29.99,18.79,-3.44,-0.67,3.78,79.0,13.51,0.0,100.22,101320.0,100220.0
2022-11-11,101.34,76.4,23.31,29.84,17.99,-3.85,-1.01,4.14,75.2,13.55,0.0,100.24,101340.0,100240.0
2022-11-12,101.31,77.02,23.67,29.97,18.93,-3.85,-1.24,4.2,72.2,13.89,0.12,100.21,101310.0,100210.0
2022-11-13,101.21,75.02,23.47,29.87,18.41,-3.7,-0.58,3.85,81.0,13.3,0.61,100.11,101210.0,100110.0
2022-11-14,101.22,75.93,23.84,30.89,18.24,-1.97,-0.25,2.91,82.8,13.92,0.0,100.12,101220.0,100120.0
2022-11-15,101.28,74.1,23.7,29.98,19.26,-1.78,-0.89,2.84,63.4,13.43,0.0,100.18,101280.0,100180.0
2022-11-16,101.25,73.12,22.94,29.11,17.98,-2.28,-1.05,2.98,65.1,12.6,0.0,100.14,101250.0,100140.0
2022-11-17,101.25,72.28,22.3,29.18,17.03,-3.31,-1.3,3.85,68.5,11.97,0.0,100.14,101250.0,100140.0
2022-11-18,101.26,70.73,21.78,28.57,16.27,-3.89,-0.83,4.06,77.9,11.28,0.0,100.15,101260.0,100150.0
2022-11-19,101.26,70.07,21.74,28.45,16.91,-4.15,-0.76,4.3,79.6,11.12,0.0,100.15,101260.0,100150.0
2022-11-20,101.18,68.97,20.25,27.27,14.74,-3.97,-0.63,4.2,80.9,9.99,0.0,100.08,101180.0,100080.0
2022-11-21,101.12,66.35,20.47,27.68,14.48,-3.22,-0.75,3.57,76.8,9.73,0.0,100.02,101120.0,100020.0
2022-11-22,101.11,70.34,21.81,28.92,15.1,-2.71,-0.87,3.25,72.2,11.49,0.01,100.02,101110.0,100020.0
2022-11-23,101.13,73.28,23.24,29.91,17.85,-2.68,-0.93,3.25,70.9,12.98,0.0,100.04,101130.0,100040.0
2022-11-24,101.12,72.95,23.4,30.87,17.66,-2.18,-0.72,3.2,71.8,13.17,0.0,100.02,101120.0,100020.0
2022-11-25,101.13,77.58,24.42,31.12,19.24,-2.19,-0.53,3.24,76.5,14.91,0.0,100.04,101130.0,100040.0
2022-11-26,101.03,78.95,24.65,30.29,20.85,-1.86,-0.65,2.74,70.9,15.27,0.0,99.94,101030.0,99940.0
2022-11-27,100.88,78.18,24.02,30.29,19.33,-1.06,-0.36,2.67,71.3,14.57,0.0,99.78,100880.0,99780.0
2022-11-28,100.96,72.9,23.55,29.79,19.05,-0.5,-1.34,2.24,20.6,13.12,0.0,99.86,100960.0,99860.0
2022-11-29,101.07,68.11,22.78,30.4,16.69,-1.31,-0.88,2.56,56.2,11.54,0.0,99.97,101070.0,99970.0
2022-11-30,101.13,72.18,23.2,29.7,18.15,-2.96,0.0,3.14,90.1,12.67,0.0,100.04,101130.0,100040.0
2022-12-01,101.12,65.19,22.89,29.95,17.1,-3.03,0.22,3.32,94.1,11.07,0.0,100.02,101120.0,100020.0
2022-12-02,101.05,64.95,22.96,30.86,17.13,-2.1,-0.36,2.91,80.4,11.09,0.0,99.95,101050.0,99950.0
2022-12-03,101.05,69.27,24.24,31.04,18.46,-1.96,-0.57,2.49,73.8,13.07,0.0,99.96,101050.0,99960.0
2022-12-04,101.12,77.46,25.5,30.87,21.21,-1.6,-0.13,2.33,85.3,15.77,0.0,100.03,101120.0,100030.0
2022-12-05,101.19,77.54,25.81,30.89,21.87,-1.73,-0.17,2.3,84.5,15.96,0.01,100.1,101190.0,100100.0
2022-12-06,101.18,75.12,24.84,30.67,20.21,-2.11,-0.57,2.87,75.0,14.59,0.01,100.08,101180.0,100080.0
2022-12-07,101.16,73.83,24.1,30.19,19.64,-2.64,-0.63,3.18,76.6,13.65,0.0,100.06,101160.0,100060.0
2022-12-08,101.15,68.79,22.06,29.15,17.15,-3.49,-0.75,3.93,77.9,11.15,1.71,100.05,101150.0,100050.0
2022-12-09,101.0,64.82,20.37,28.74,12.85,-3.59,-0.07,4.12,88.9,9.32,1.44,99.91,101000.0,99910.0
2022-12-10,100.93,65.05,21.19,29.98,14.45,-2.52,-0.51,3.37,78.6,9.91,0.0,99.84,100930.0,99840.0
2022-12-11,100.96,77.25,23.98,31.17,18.76,-1.6,-0.38,2.92,76.6,14.19,0.0,99.86,100960.0,99860.0
2022-12-12,100.93,78.62,25.69,31.17,20.99,-2.16,-0.2,2.66,84.6,16.14,0.12,99.83,100930.0,99830.0
2022-12-13,101.01,77.97,26.21,31.04,21.67,-2.77,0.44,2.94,99.0,16.47,0.17,99.91,101010.0,99910.0
2022-12-14,101.14,82.69,24.88,29.49,21.78,-1.65,0.42,3.22,104.4,16.26,1.14,100.04,101140.0,100040.0
2022-12-15,101.06,80.7,25.27,29.81,22.22,-2.07,-0.4,2.85,78.9,16.18,0.82,99.96,101060.0,99960.0
2022-12-16,101.02,76.92,26.2,31.97,22.3,-2.01,-0.48,2.93,76.6,16.16,0.04,99.92,101020.0,99920.0
2022-12-17,101.11,73.85,26.32,32.51,21.76,-2.08,-1.24,2.97,59.2,15.56,0.01,100.01,101110.0,100010.0
2022-12-18,101.11,71.8,25.77,31.96,21.22,-2.38,-1.24,3.27,62.6,14.56,0.0,100.01,101110.0,100010.0
2022-12-19,101.02,63.93,24.42,31.12,19.13,-2.8,-0.94,3.41,71.4,11.88,0.0,99.93,101020.0,99930.0
2022-12-20,100.94,60.95,23.82,31.52,17.83,-2.74,-0.46,3.34,80.4,10.95,0.0,99.85,100940.0,99850.0
2022-12-21,101.0,62.99,23.84,32.03,17.84,-2.23,-0.22,3.34,84.3,11.34,0.0,99.91,101000.0,99910.0
2022-12-22,101.03,64.21,23.93,31.91,18.05,-1.92,-0.45,2.81,76.8,11.52,0.0,99.93,101030.0,99930.0
2022-12-23,101.05,64.57,22.57,29.42,17.85,-0.4,-1.52,2.82,14.7,10.7,0.0,99.95,101050.0,99950.0
2022-12-24,101.19,57.21,21.04,29.51,15.47,-0.15,-1.97,2.76,4.3,8.4,0.0,100.1,101190.0,100100.0
2022-12-25,101.21,59.94,20.7,28.04,14.46,-0.14,-0.54,2.17,14.8,8.89,0.0,100.12,101210.0,100120.0
2022-12-26,101.31,70.31,21.98,29.54,15.95,-0.32,-0.31,2.22,46.2,11.31,0.0,100.21,101310.0,100210.0
2022-12-27,101.36,69.43,23.67,31.95,17.5,-1.29,-0.83,2.8,57.1,12.46,0.0,100.26,101360.0,100260.0
2022-12-28,101.47,58.48,24.05,32.59,17.7,-1.26,-1.66,2.71,37.2,10.55,0.0,100.36,101470.0,100360.0
2022-12-29,101.61,57.39,23.72,32.11,17.51,-0.94,-1.61,2.48,30.3,9.93,0.0,100.51,101610.0,100510.0
2022-12-30,101.69,59.22,23.19,31.91,16.67,-1.31,-1.87,2.81,35.0,9.99,0.0,100.58,101690.0,100580.0
2022-12-31,101.62,58.99,22.37,31.28,16.48,-1.13,-1.77,3.2,32.5,9.4,0.0,100.51,101620.0,100510.0
2023-01-01,101.56,58.82,21.71,30.52,14.69,-1.06,-1.66,2.82,32.5,8.98,0.0,100.45,101560.0,100450.0
2023-01-02,101.5,61.81,22.37,32.15,15.73,-1.76,-0.87,3.26,63.8,9.79,0.0,100.4,101500.0,100400.0
2023-01-03,101.49,59.42,22.26,31.76,16.0,-1.59,-0.68,3.41,67.0,9.49,0.0,100.38,101490.0,100380.0
2023-01-04,101.35,60.06,22.41,30.88,15.38,-1.91,-0.19,3.04,84.4,9.87,0.0,100.25,101350.0,100250.0
2023-01-05,101.43,67.65,23.5,31.3,17.0,-2.81,0.73,3.98,104.6,11.88,0.0,100.32,101430.0,100320.0
2023-01-06,101.59,68.62,24.58,31.31,18.97,-3.3,0.08,3.9,91.5,12.78,0.0,100.48,101590.0,100480.0
2023-01-07,101.57,65.82,24.68,31.48,19.24,-3.06,-0.3,3.56,84.5,12.35,0.0,100.46,101570.0,100460.0
2023-01-08,101.49,59.31,23.39,30.83,17.7,-2.69,-1.14,3.53,66.9,10.24,0.0,100.38,101490.0,100380.0
2023-01-09,101.61,47.87,22.02,30.99,15.46,-2.5,-0.81,3.69,72.1,7.51,0.0,100.5,101610.0,100500.0
2023-01-10,101.51,43.96,22.6,31.95,15.2,-2.62,-0.79,3.34,73.2,6.99,0.0,100.41,101510.0,100410.0
2023-01-11,101.33,49.22,22.18,32.09,15.43,-1.45,-0.58,3.18,68.3,7.6,0.0,100.23,101330.0,100230.0
2023-01-12,101.26,50.19,21.14,30.1,14.64,-0.42,-1.44,2.65,16.4,7.25,0.0,100.15,101260.0,100150.0
2023-01-13,101.37,70.41,20.43,27.93,15.1,0.34,-2.13,2.74,350.8,10.23,0.0,100.26,101370.0,100260.0
2023-01-14,101.35,57.29,19.58,28.22,13.24,-0.39,-1.89,2.94,11.8,7.58,0.0,100.24,101350.0,100240.0
2023-01-15,101.2,53.69,19.92,29.39,12.82,-0.14,-0.8,2.69,9.6,7.38,0.0,100.1,101200.0,100100.0
2023-01-16,101.24,52.86,20.62,29.06,14.99,0.19,-0.74,2.28,345.4,7.56,0.0,100.15,101240.0,100150.0
2023-01-17,101.3,52.31,20.51,29.58,13.98,-0.43,-0.89,2.34,25.9,7.35,0.0,100.2,101300.0,100200.0
2023-01-18,101.35,51.62,21.96,32.48,14.12,-0.89,-0.37,2.57,67.1,7.72,0.0,100.25,101350.0,100250.0
2023-01-19,101.31,52.91,22.82,32.67,15.16,-0.98,0.09,2.94,95.5,8.56,0.0,100.2,101310.0,100200.0
2023-01-20,101.3,55.57,23.03,31.2,17.77,0.25,-0.63,2.06,338.1,9.21,0.0,100.2,101300.0,100200.0
2023-01-21,101.34,61.8,22.08,30.59,15.92,0.15,-0.92,2.4,351.0,9.58,0.0,100.24,101340.0,100240.0
2023-01-22,101.31,59.27,20.79,28.56,15.22,0.63,-1.81,2.7,340.7,8.64,0.0,100.2,101310.0,100200.0
2023-01-23,101.25,55.66,20.24,28.14,14.89,0.71,-2.28,3.01,342.7,7.77,0.0,100.15,101250.0,100150.0
2023-01-24,101.28,58.97,19.56,26.57,14.48,0.74,-2.04,2.82,340.1,8.0,0.0,100.18,101280.0,100180.0
2023-01-25,101.27,53.08,20.0,28.01,14.07,0.32,-2.85,3.38,353.6,7.29,0.0,100.16,101270.0,100160.0
2023-01-26,101.2,56.78,21.83,31.38,14.41,-0.29,-1.72,2.93,9.7,9.27,0.0,100.1,101200.0,100100.0
2023-01-27,101.1,60.04,25.15,34.14,18.26,-2.28,-0.23,3.24,84.3,10.98,0.0,100.0,101100.0,100000.0
2023-01-28,101.04,58.91,24.97,34.13,18.15,-1.44,1.62,3.85,138.4,10.69,0.02,99.94,101040.0,99940.0
2023-01-29,101.03,79.7,23.98,29.7,20.36,1.5,0.15,2.06,264.3,14.49,0.15,99.93,101030.0,99930.0
2023-01-30,101.28,73.76,23.32,30.07,19.12,0.7,-2.05,2.58,341.0,12.77,0.01,100.17,101280.0,100170.0
2023-01-31,101.19,56.37,24.44,33.42,17.58,-2.37,-2.13,3.66,48.1,10.09,0.0,100.09,101190.0,100090.0
2023-02-01,101.21,54.2,25.45,33.14,18.95,-3.87,-1.27,4.37,71.9,10.54,0.18,100.1,101210.0,100100.0
2023-02-02,101.23,51.16,25.3,33.44,18.92,-3.51,-0.98,4.19,74.4,9.72,0.01,100.13,101230.0,100130.0
2023-02-03,101.3,42.21,24.33,33.5,17.53,-2.46,-1.01,3.74,67.7,7.43,0.0,100.19,101300.0,100190.0
2023-02-04,101.14,41.77,24.42,34.65,16.54,-1.36,-1.37,3.0,44.9,7.27,0.0,100.04,101140.0,100040.0
2023-02-05,101.08,40.27,24.39,34.81,16.82,-1.1,-1.21,3.16,42.3,6.92,0.0,99.98,101080.0,99980.0
2023-02-06,101.15,38.86,23.83,33.18,18.05,-0.11,-2.12,3.14,2.9,6.62,0.0,100.05,101150.0,100050.0
2023-02-07,101.13,44.8,23.56,34.06,15.54,-0.66,-2.4,3.3,15.5,7.36,0.0,100.03,101130.0,100030.0
2023-02-08,101.13,41.16,24.91,36.45,16.48,-1.61,-1.51,3.26,46.8,7.11,0.0,100.03,101130.0,100030.0
2023-02-09,101.15,34.55,25.9,37.5,17.92,-1.76,-1.27,3.73,54.2,6.4,0.0,100.06,101150.0,100060.0
2023-02-10,101.25,36.02,25.86,37.36,17.69,-1.36,-1.68,3.17,39.0,6.46,0.0,100.16,101250.0,100160.0
2023-02-11,101.34,33.81,25.24,36.34,17.15,-0.63,-2.5,3.4,14.2,5.9,0.0,100.25,101340.0,100250.0
2023-02-12,101.33,30.28,26.34,37.45,17.59,-2.98,-2.28,4.19,52.6,5.71,0.0,100.23,101330.0,100230.0
2023-02-13,101.34,31.1,26.4,37.59,17.86,-2.97,-1.53,4.31,62.8,5.92,0.0,100.25,101340.0,100250.0
2023-02-14,101.28,26.8,26.53,38.07,18.14,-2.59,-1.01,4.07,68.6,5.15,0.0,100.19,101280.0,100190.0
2023-02-15,101.12,26.95,26.88,38.39,18.03,-2.6,-0.9,3.54,70.9,5.22,0.0,100.03,101120.0,100030.0
2023-02-16,101.15,26.54,27.73,39.3,19.23,-2.69,-1.49,4.11,60.9,5.49,0.0,100.07,101150.0,100070.0
2023-02-17,101.18,26.14,28.16,39.17,19.91,-3.0,-1.47,4.1,63.9,5.63,0.0,100.09,101180.0,100090.0
2023-02-18,101.17,27.61,28.17,38.93,19.99,-2.88,-1.46,3.92,63.1,5.8,0.0,100.08,101170.0,100080.0
2023-02-19,101.16,28.08,28.19,39.41,19.73,-2.86,-0.96,3.68,71.5,5.86,0.0,100.07,101160.0,100070.0
2023-02-20,101.2,29.22,27.13,37.67,18.81,-0.53,-0.65,2.87,39.1,5.74,0.0,100.11,101200.0,100110.0
2023-02-21,101.26,30.0,26.74,37.05,19.07,-0.18,-1.88,3.14,5.4,5.85,0.0,100.17,101260.0,100170.0
2023-02-22,101.23,32.41,26.76,36.69,19.31,-0.12,-2.38,3.26,2.8,6.48,0.0,100.14,101230.0,100140.0
2023-02-23,101.14,27.93,27.61,38.65,18.97,-0.89,-2.26,3.19,21.5,5.64,0.0,100.05,101140.0,100050.0
2023-02-24,101.23,24.65,28.38,39.39,19.52,-1.66,-2.34,3.53,35.5,5.23,0.0,100.14,101230.0,100140.0
2023-02-25,101.38,24.79,28.21,38.9,19.65,-1.22,-2.42,3.45,26.7,5.31,0.0,100.29,101380.0,100290.0
2023-02-26,101.44,21.77,28.29,38.68,19.98,-1.04,-2.85,3.8,20.0,4.7,0.0,100.35,101440.0,100350.0
2023-02-27,101.4,21.92,28.1,38.93,19.98,-1.02,-1.68,3.62,31.4,4.66,0.0,100.3,101400.0,100300.0
2023-02-28,101.42,25.94,28.02,37.84,19.97,-0.37,-1.74,3.13,11.9,5.62,0.0,100.32,101420.0,100320.0
2023-03-01,101.45,28.07,28.53,38.02,20.55,-0.93,-1.66,2.74,29.4,6.23,0.0,100.35,101450.0,100350.0
2023-03-02,101.46,29.48,29.63,38.77,21.97,-1.81,-0.88,2.94,64.0,7.05,0.0,100.36,101460.0,100360.0
2023-03-03,101.48,31.1,30.26,39.28,22.84,-1.53,-0.23,2.63,81.6,7.63,0.0,100.39,101480.0,100390.0
2023-03-04,101.48,33.89,30.39,39.2,23.56,-0.77,0.1,2.68,97.5,8.46,0.0,100.39,101480.0,100390.0
2023-03-05,101.42,36.74,30.13,38.63,24.07,-0.81,-0.11,2.63,82.5,8.98,0.12,100.33,101420.0,100330.0
2023-03-06,101.25,37.3,30.05,38.19,24.09,-1.95,-0.33,2.97,80.3,9.12,2.44,100.15,101250.0,100150.0
2023-03-07,101.25,34.9,29.31,36.37,23.5,-2.88,-0.61,3.51,78.0,8.33,0.9,100.16,101250.0,100160.0
2023-03-08,101.29,33.52,29.41,37.75,22.4,-0.95,-1.12,3.1,40.1,8.0,0.02,100.19,101290.0,100190.0
2023-03-09,101.27,28.94,29.78,38.23,23.48,-0.99,-2.79,4.03,19.6,7.03,0.0,100.17,101270.0,100170.0
2023-03-10,101.2,23.9,29.38,38.21,21.97,-1.23,-2.31,4.12,28.2,5.84,0.0,100.11,101200.0,100110.0
2023-03-11,101.15,24.43,30.16,39.04,22.71,-1.06,-2.49,3.44,23.0,6.27,0.0,100.05,101150.0,100050.0
2023-03-12,101.08,30.49,31.17,39.57,23.77,-1.41,-0.76,2.86,61.5,8.03,0.0,99.99,101080.0,99990.0
2023-03-13,100.98,30.16,30.93,38.58,25.39,-2.08,-0.17,3.13,85.2,7.9,0.0,99.89,100980.0,99890.0
2023-03-14,100.88,29.83,30.79,38.16,23.95,-0.42,-1.56,2.57,15.1,7.78,0.0,99.79,100880.0,99790.0
2023-03-15,100.77,34.95,30.23,37.17,25.39,-0.26,-1.0,2.45,14.4,8.98,0.32,99.68,100770.0,99680.0
2023-03-16,100.92,47.94,28.38,33.93,23.69,-0.21,0.39,2.38,151.4,11.22,0.86,99.82,100920.0,99820.0
2023-03-17,100.97,54.07,28.37,35.24,22.76,0.13,0.03,2.85,258.8,12.37,1.08,99.87,100970.0,99870.0
2023-03-18,100.92,51.64,27.81,34.53,22.93,1.0,-1.43,2.75,325.0,11.38,0.87,99.81,100920.0,99810.0
2023-03-19,100.92,56.7,26.5,32.97,22.11,2.26,-0.37,2.79,279.3,11.74,0.67,99.81,100920.0,99810.0
2023-03-20,100.89,59.62,26.23,32.32,21.44,2.73,-1.43,3.24,297.7,12.14,1.23,99.78,100890.0,99780.0
2023-03-21,100.94,60.63,26.27,31.75,22.54,2.46,-0.8,2.62,288.1,12.54,7.46,99.83,100940.0,99830.0
2023-03-22,101.04,60.69,26.16,32.93,21.58,2.05,-1.72,2.87,309.9,12.12,0.01,99.93,101040.0,99930.0
2023-03-23,101.05,61.6,26.17,32.65,21.17,2.32,-2.08,3.27,311.9,12.37,0.0,99.94,101050.0,99940.0
2023-03-24,101.04,60.3,26.68,34.37,20.96,1.99,-2.57,3.52,322.2,12.33,0.0,99.94,101040.0,99940.0
2023-03-25,101.14,51.93,25.49,33.51,18.75,1.68,-2.19,3.26,322.6,9.68,0.0,100.04,101140.0,100040.0
2023-03-26,101.13,52.78,25.57,33.93,18.13,1.72,-2.07,3.34,320.3,9.97,0.0,100.03,101130.0,100030.0
2023-03-27,101.09,59.53,26.34,34.46,19.78,1.89,-1.77,2.95,313.1,11.77,0.0,99.99,101090.0,99990.0
2023-03-28,101.02,59.21,27.29,35.86,20.61,1.69,-1.7,2.75,315.1,12.18,0.02,99.93,101020.0,99930.0
2023-03-29,101.04,58.03,27.24,35.69,20.8,1.88,-0.73,2.82,291.2,12.06,0.0,99.95,101040.0,99950.0
2023-03-30,101.0,58.84,27.15,34.59,21.85,2.39,-0.67,2.56,285.6,12.4,0.0,99.91,101000.0,99910.0
2023-03-31,101.01,57.27,27.04,33.83,22.24,2.88,-1.51,3.37,297.6,12.02,0.03,99.9,101010.0,99900.0
2023-04-01,101.01,51.68,27.44,36.18,19.25,1.44,-2.29,3.37,327.8,10.63,0.0,99.91,101010.0,99910.0
2023-04-02,100.97,57.81,27.5,35.14,21.47,2.31,-1.48,3.12,302.6,12.38,0.0,99.88,100970.0,99880.0
2023-04-03,100.94,55.57,27.73,35.74,21.72,2.32,-1.6,2.88,304.6,11.94,0.0,99.85,100940.0,99850.0
2023-04-04,100.99,54.91,28.62,36.83,22.18,1.83,-2.04,2.89,318.1,12.36,0.0,99.9,100990.0,99900.0
2023-04-05,100.93,50.43,29.25,38.17,22.34,1.58,-1.89,2.99,320.1,11.69,0.03,99.85,100930.0,99850.0
2023-04-06,100.95,48.92,30.05,38.85,22.34,1.22,-2.71,3.58,335.7,11.49,0.18,99.87,100950.0,99870.0
2023-04-07,101.04,35.04,31.86,39.42,24.9,-0.97,-2.41,3.13,22.0,9.58,0.28,99.95,101040.0,99950.0
2023-04-08,101.19,35.68,32.67,40.01,26.98,-0.28,-0.41,3.05,34.3,10.48,0.03,100.1,101190.0,100100.0
2023-04-09,101.2,38.74,32.36,40.02,26.05,0.7,-1.65,2.84,337.0,11.14,0.5,100.11,101200.0,100110.0
2023-04-10,101.01,38.7,33.21,41.58,26.83,0.32,-1.27,3.23,346.1,11.46,0.07,99.92,101010.0,99920.0
2023-04-11,101.05,44.8,32.95,41.66,25.76,1.11,-1.62,2.74,325.8,12.73,0.09,99.97,101050.0,99970.0
2023-04-12,101.01,41.25,33.5,41.3,26.21,0.69,-3.07,3.43,347.4,12.12,1.31,99.93,101010.0,99930.0
2023-04-13,100.96,35.01,34.17,40.37,29.69,0.18,-2.88,3.4,356.4,11.24,0.12,99.88,100960.0,99880.0
2023-04-14,101.01,45.28,31.44,37.2,27.13,0.31,-1.76,2.34,350.0,12.44,2.29,99.93,101010.0,99930.0
2023-04-15,100.97,44.99,31.65,40.29,25.12,0.01,-0.5,2.61,358.6,12.06,0.55,99.89,100970.0,99890.0
2023-04-16,100.86,43.45,31.59,39.83,24.94,1.25,-1.56,2.63,321.2,11.7,0.7,99.78,100860.0,99780.0
2023-04-17,100.87,43.44,31.14,39.87,24.31,0.71,-2.18,2.95,342.0,11.01,0.14,99.79,100870.0,99790.0
2023-04-18,100.89,39.31,32.98,42.58,25.03,0.39,-3.09,3.56,352.7,10.97,0.24,99.81,100890.0,99810.0
2023-04-19,100.65,35.5,33.59,42.76,26.65,0.58,-2.67,3.64,347.6,10.58,0.28,99.58,100650.0,99580.0
2023-04-20,100.54,47.0,31.4,39.43,25.81,1.89,-2.24,3.3,319.8,12.4,0.76,99.47,100540.0,99470.0
2023-04-21,100.6,54.63,29.66,37.46,23.62,2.28,-1.74,3.22,307.4,13.09,0.08,99.52,100600.0,99520.0
2023-04-22,100.68,58.87,28.93,36.01,23.33,2.64,-1.52,3.18,300.0,13.74,0.0,99.6,100680.0,99600.0
2023-04-23,100.69,57.48,29.47,36.91,23.21,2.42,-2.46,3.49,315.5,13.72,0.0,99.6,100690.0,99600.0
2023-04-24,100.72,49.32,30.57,38.23,23.19,1.12,-2.19,2.85,332.9,12.06,0.0,99.63,100720.0,99630.0
2023-04-25,100.7,35.23,31.69,40.55,25.12,0.76,0.07,3.18,264.9,9.31,0.0,99.62,100700.0,99620.0
2023-04-26,100.82,59.91,29.1,34.6,24.91,2.01,1.86,3.21,227.2,14.47,0.31,99.73,100820.0,99730.0
2023-04-27,100.83,55.27,29.79,36.59,24.28,2.21,0.07,2.49,268.1,13.72,0.16,99.74,100830.0,99740.0
2023-04-28,100.92,55.49,30.01,36.17,25.6,2.16,-0.32,2.84,278.5,14.31,0.21,99.83,100920.0,99830.0
2023-04-29,100.87,53.03,29.62,36.07,24.81,2.63,-0.17,2.73,273.8,13.11,0.26,99.77,100870.0,99770.0
2023-04-30,100.75,55.36,28.91,35.27,23.57,2.96,-0.8,3.18,285.0,13.19,0.77,99.65,100750.0,99650.0
2023-05-01,100.73,49.19,29.29,36.35,24.22,2.67,-0.9,2.97,288.6,11.45,0.01,99.63,100730.0,99630.0
2023-05-02,100.8,56.53,29.38,35.41,24.25,2.48,-0.41,2.58,279.4,13.98,1.54,99.71,100800.0,99710.0
2023-05-03,100.93,57.88,29.62,35.58,24.73,2.85,-1.26,3.23,293.9,14.46,0.28,99.83,100930.0,99830.0
2023-05-04,100.87,54.34,29.91,36.46,24.8,2.47,-0.89,2.84,289.9,13.67,0.16,99.77,100870.0,99770.0
2023-05-05,100.76,55.04,30.04,36.74,25.3,2.75,-0.63,2.92,282.9,14.15,0.05,99.67,100760.0,99670.0
2023-05-06,100.75,56.88,30.51,36.76,25.57,3.06,-1.39,3.42,294.5,15.06,0.09,99.67,100750.0,99670.0
2023-05-07,100.8,58.97,30.57,36.35,26.25,3.09,-0.69,3.2,282.5,15.85,0.25,99.72,100800.0,99720.0
2023-05-08,100.68,58.26,31.35,37.49,26.54,2.67,-1.63,3.25,301.4,16.22,0.83,99.6,100680.0,99600.0
2023-05-09,100.68,54.97,32.44,40.17,27.39,1.85,-2.16,3.09,319.5,16.01,0.66,99.6,100680.0,99600.0
2023-05-10,100.6,53.35,33.14,41.29,26.66,1.97,-2.22,3.06,318.5,15.61,0.17,99.53,100600.0,99530.0
2023-05-11,100.65,55.3,33.0,41.66,26.22,1.62,-0.43,2.59,284.9,15.51,0.06,99.57,100650.0,99570.0
2023-05-12,100.72,60.04,32.45,39.81,26.14,2.4,-0.16,2.93,273.8,16.92,0.01,99.65,100720.0,99650.0
2023-05-13,100.76,60.07,32.42,39.8,26.13,2.89,0.01,3.25,269.8,16.81,0.0,99.69,100760.0,99690.0
2023-05-14,100.74,57.72,31.72,38.33,26.69,3.26,-0.56,3.38,279.8,15.75,0.0,99.66,100740.0,99660.0
2023-05-15,100.83,61.62,31.18,37.31,25.97,3.39,-0.48,3.47,278.1,16.59,0.01,99.75,100830.0,99750.0
2023-05-16,100.96,65.04,31.02,36.46,26.88,3.55,-0.47,3.63,277.6,17.68,0.03,99.87,100960.0,99870.0
2023-05-17,100.99,60.33,31.6,38.84,26.56,2.81,-2.21,3.64,308.2,16.6,0.02,99.91,100990.0,99910.0
2023-05-18,101.08,58.1,31.76,39.3,26.2,2.29,-2.36,3.39,315.9,15.9,0.01,100.0,101080.0,100000.0
2023-05-19,100.93,57.49,31.92,39.22,25.95,2.08,-2.05,3.23,314.5,15.75,0.01,99.85,100930.0,99850.0
2023-05-20,100.89,62.41,31.27,38.01,26.59,2.78,-1.2,3.07,293.3,17.04,0.03,99.81,100890.0,99810.0
2023-05-21,100.94,60.68,31.34,38.22,26.48,2.93,-1.35,3.24,294.7,16.5,0.16,99.86,100940.0,99860.0
2023-05-22,101.02,56.71,31.53,38.9,26.1,2.62,-1.78,3.28,304.1,15.33,0.27,99.94,101020.0,99940.0
2023-05-23,101.01,54.86,31.64,39.66,25.56,2.54,-1.81,3.23,305.4,14.76,0.03,99.93,101010.0,99930.0
2023-05-24,101.01,56.89,31.24,38.1,25.96,3.41,-0.8,3.56,283.3,15.3,0.12,99.93,101010.0,99930.0
2023-05-25,101.02,59.97,30.8,36.87,26.65,3.93,0.32,4.04,265.3,16.1,0.34,99.93,101020.0,99930.0
2023-05-26,101.05,60.81,30.95,36.21,27.45,4.2,0.61,4.29,261.8,16.69,2.23,99.97,101050.0,99970.0
2023-05-27,100.99,59.99,30.62,35.83,26.56,4.18,0.42,4.23,264.2,16.16,0.77,99.9,100990.0,99900.0
2023-05-28,100.87,61.24,31.19,37.02,27.39,3.63,-1.27,3.88,289.3,16.96,0.57,99.79,100870.0,99790.0
2023-05-29,100.78,61.37,31.68,38.78,26.81,1.89,-2.5,3.53,323.0,17.15,0.86,99.71,100780.0,99710.0
2023-05-30,100.78,57.32,32.15,39.42,26.08,1.83,-2.05,3.31,318.3,15.99,1.41,99.7,100780.0,99700.0
2023-05-31,100.76,57.47,32.29,38.63,27.44,1.83,-1.96,2.87,316.9,16.61,0.46,99.68,100760.0,99680.0
2023-06-01,100.77,58.43,31.81,38.96,26.49,2.41,-1.86,3.42,307.6,16.14,0.45,99.69,100770.0,99690.0
2023-06-02,100.85,63.41,30.79,36.81,26.81,3.15,-1.74,3.74,298.9,16.96,0.99,99.77,100850.0,99770.0
2023-06-03,100.81,68.69,30.26,34.5,27.17,3.19,-0.49,3.25,278.7,18.32,1.59,99.73,100810.0,99730.0
2023-06-04,100.78,70.22,30.3,34.55,27.51,2.77,-0.78,2.98,285.6,18.78,3.67,99.7,100780.0,99700.0
2023-06-05,100.74,71.39,29.85,34.6,26.57,2.81,-0.17,2.86,273.6,18.45,2.68,99.65,100740.0,99650.0
2023-06-06,100.68,67.22,30.8,36.24,26.79,2.98,-0.36,3.07,277.0,18.27,0.2,99.6,100680.0,99600.0
2023-06-07,100.65,67.33,30.67,35.67,26.91,3.02,0.22,3.06,265.8,18.2,0.18,99.57,100650.0,99570.0
2023-06-08,100.67,66.31,31.32,36.46,27.39,2.57,0.87,2.78,251.4,18.67,0.13,99.6,100670.0,99600.0
2023-06-09,100.54,70.11,30.84,34.48,27.56,2.09,3.27,3.95,212.6,19.43,2.95,99.46,100540.0,99460.0
2023-06-10,100.37,70.06,30.89,35.56,27.97,1.11,5.76,5.91,190.9,19.38,3.67,99.29,100370.0,99290.0
2023-06-11,100.3,65.9,31.08,36.01,27.56,0.8,7.44,7.59,186.1,18.27,0.67,99.22,100300.0,99220.0
2023-06-12,100.31,65.33,31.06,35.92,27.24,1.41,8.49,8.72,189.4,18.14,6.14,99.23,100310.0,99230.0
2023-06-13,100.43,68.85,30.41,34.84,26.95,2.41,7.24,7.81,198.4,18.56,2.62,99.35,100430.0,99350.0
2023-06-14,100.56,69.54,30.44,35.18,27.21,3.51,6.99,7.86,206.6,18.71,10.22,99.48,100560.0,99480.0
2023-06-15,100.6,71.44,30.3,34.6,27.39,3.82,6.89,7.96,209.0,19.17,3.32,99.52,100600.0,99520.0
2023-06-16,100.52,73.47,30.27,34.28,27.58,5.14,6.8,8.69,217.1,19.74,2.52,99.44,100520.0,99440.0
2023-06-17,100.61,74.15,29.98,33.97,27.42,6.06,3.75,7.17,238.3,19.59,1.75,99.53,100610.0,99530.0
2023-06-18,100.64,74.36,29.82,33.88,27.11,5.39,0.9,5.59,260.5,19.43,0.6,99.56,100640.0,99560.0
2023-06-19,100.57,73.52,29.93,34.75,26.75,4.46,1.03,4.66,257.0,19.25,0.3,99.49,100570.0,99490.0
2023-06-20,100.51,73.31,30.1,34.62,26.92,4.39,1.0,4.55,257.1,19.44,0.37,99.43,100510.0,99430.0
2023-06-21,100.53,72.87,29.99,34.37,27.09,3.94,0.86,4.09,257.6,19.19,0.38,99.45,100530.0,99450.0
2023-06-22,100.53,73.01,29.93,34.4,26.93,3.79,0.95,3.95,256.0,19.12,1.49,99.44,100530.0,99440.0
2023-06-23,100.51,72.31,29.89,34.96,26.5,3.55,1.48,3.94,247.4,18.84,2.76,99.42,100510.0,99420.0
2023-06-24,100.44,84.46,28.09,30.7,26.31,3.31,1.66,3.77,243.4,20.24,55.03,99.36,100440.0,99360.0
2023-06-25,100.44,84.09,27.97,31.28,25.78,2.5,1.62,3.09,237.1,19.9,48.76,99.35,100440.0,99350.0
2023-06-26,100.56,84.99,27.25,29.55,25.39,3.58,0.33,3.76,264.7,19.34,60.95,99.46,100560.0,99460.0
2023-06-27,100.56,87.71,26.25,28.0,24.68,2.76,1.38,3.27,243.6,18.88,64.05,99.47,100560.0,99470.0
2023-06-28,100.6,87.84,27.11,29.6,25.1,5.07,3.26,6.17,237.3,19.9,55.61,99.52,100600.0,99520.0
2023-06-29,100.65,84.97,26.83,28.98,25.39,4.82,3.35,5.91,235.2,18.88,20.18,99.56,100650.0,99560.0
2023-06-30,100.56,90.88,26.79,28.48,25.21,5.38,2.63,6.1,244.0,20.26,98.85,99.47,100560.0,99470.0
2023-07-01,100.65,89.98,27.0,28.78,25.63,5.12,3.18,6.09,238.2,20.27,37.16,99.56,100650.0,99560.0
2023-07-02,100.57,88.65,27.56,29.64,26.07,5.2,1.99,5.68,249.0,20.63,26.88,99.49,100570.0,99490.0
2023-07-03,100.4,89.9,27.63,29.48,26.14,4.72,0.76,4.89,260.8,21.08,40.78,99.32,100400.0,99320.0
2023-07-04,100.2,91.89,27.26,29.19,26.03,4.06,0.71,4.14,260.1,21.14,33.35,99.12,100200.0,99120.0
2023-07-05,100.04,90.24,27.05,29.75,25.48,3.9,1.4,4.21,250.3,20.49,18.17,98.96,100040.0,98960.0
2023-07-06,100.15,91.41,26.59,28.2,24.99,3.36,2.6,4.3,232.3,20.21,41.31,99.07,100150.0,99070.0
2023-07-07,100.3,93.43,27.11,28.44,26.22,5.48,3.89,6.76,234.7,21.3,58.42,99.22,100300.0,99220.0
2023-07-08,100.47,89.74,27.09,28.92,25.8,5.67,4.04,7.02,234.5,20.37,24.86,99.38,100470.0,99380.0
2023-07-09,100.56,89.38,26.84,28.89,25.45,5.2,3.62,6.38,235.1,19.96,13.56,99.48,100560.0,99480.0
2023-07-10,100.62,88.89,26.98,29.06,25.36,4.61,2.13,5.13,245.2,20.0,6.49,99.53,100620.0,99530.0
2023-07-11,100.66,88.96,26.95,29.17,24.83,4.33,0.89,4.51,258.4,19.95,5.06,99.57,100660.0,99570.0
2023-07-12,100.57,89.6,27.05,29.16,25.44,3.48,0.44,3.67,262.8,20.23,8.38,99.48,100570.0,99480.0
2023-07-13,100.56,89.12,27.02,29.36,25.05,3.05,1.83,3.65,239.0,20.07,23.03,99.47,100560.0,99470.0
2023-07-14,100.64,90.31,27.05,29.01,25.61,4.11,1.21,4.31,253.5,20.4,30.68,99.55,100640.0,99550.0
2023-07-15,100.7,89.76,27.03,29.19,25.35,4.6,1.04,4.78,257.2,20.24,14.66,99.62,100700.0,99620.0
2023-07-16,100.62,91.59,26.84,28.96,25.58,4.39,1.5,4.68,251.2,20.45,25.31,99.53,100620.0,99530.0
2023-07-17,100.52,90.12,26.91,28.86,25.5,5.22,1.23,5.42,256.8,20.22,52.73,99.43,100520.0,99430.0
2023-07-18,100.41,92.45,26.62,28.32,25.75,6.43,1.45,6.63,257.3,20.44,129.54,99.32,100410.0,99320.0
2023-07-19,100.22,92.73,26.36,27.71,25.46,6.74,0.79,6.88,263.3,20.24,136.7,99.14,100220.0,99140.0
2023-07-20,100.22,92.97,26.23,27.82,25.0,6.61,1.89,6.94,254.0,20.14,63.91,99.14,100220.0,99140.0
2023-07-21,100.42,93.01,25.9,27.56,24.5,5.06,2.21,5.6,246.4,19.72,78.36,99.33,100420.0,99330.0
2023-07-22,100.44,93.97,25.89,26.92,25.02,5.6,1.04,5.88,259.4,19.9,60.22,99.36,100440.0,99360.0
2023-07-23,100.39,92.77,26.51,28.19,25.07,6.21,2.53,6.75,247.8,20.39,48.71,99.31,100390.0,99310.0
2023-07-24,100.41,92.2,26.58,28.33,25.39,5.77,2.65,6.44,245.3,20.34,61.74,99.32,100410.0,99320.0
2023-07-25,100.6,93.85,26.07,27.15,25.3,4.68,2.26,5.22,244.2,20.05,60.93,99.51,100600.0,99510.0
2023-07-26,100.71,93.55,26.16,27.43,25.19,5.54,0.58,5.63,264.0,20.08,112.09,99.62,100710.0,99620.0
2023-07-27,100.73,93.2,26.18,27.33,25.28,6.11,0.25,6.17,267.6,20.02,80.52,99.64,100730.0,99640.0
2023-07-28,100.74,92.03,26.27,27.98,25.14,6.03,0.45,6.07,265.7,19.86,52.54,99.65,100740.0,99650.0
2023-07-29,100.75,90.8,26.31,28.25,24.77,5.73,1.24,5.9,257.8,19.63,25.27,99.66,100750.0,99660.0
2023-07-30,100.68,91.69,26.2,28.11,25.02,5.4,1.73,5.73,252.2,19.71,18.35,99.59,100680.0,99590.0
2023-07-31,100.57,91.64,26.45,28.46,25.21,5.83,1.57,6.09,254.9,20.01,15.75,99.48,100570.0,99480.0
2023-08-01,100.58,91.56,26.35,28.12,25.22,5.99,2.05,6.37,251.1,19.88,16.14,99.5,100580.0,99500.0
2023-08-02,100.66,91.66,26.03,27.8,25.0,5.54,2.26,6.04,247.8,19.51,7.61,99.57,100660.0,99570.0
2023-08-03,100.63,90.48,26.02,27.83,24.65,5.26,2.43,5.82,245.2,19.24,5.84,99.55,100630.0,99550.0
2023-08-04,100.73,90.24,26.36,28.35,24.97,5.39,2.89,6.15,241.8,19.57,13.43,99.64,100730.0,99640.0
2023-08-05,100.92,90.23,26.13,28.23,24.65,4.88,2.47,5.5,243.2,19.25,8.19,99.83,100920.0,99830.0
2023-08-06,100.83,89.87,26.06,28.33,24.44,5.33,1.91,5.72,250.3,19.1,5.59,99.74,100830.0,99740.0
2023-08-07,100.67,89.58,25.96,27.77,24.58,4.98,2.42,5.57,244.1,18.95,3.39,99.58,100670.0,99580.0
2023-08-08,100.72,89.06,26.17,28.6,24.81,4.78,2.47,5.42,242.7,19.05,4.73,99.63,100720.0,99630.0
2023-08-09,100.93,90.39,26.12,28.23,24.58,4.13,1.34,4.37,252.0,19.26,5.86,99.84,100930.0,99840.0
2023-08-10,101.0,90.12,26.0,27.95,24.37,3.84,1.16,4.03,253.2,19.04,9.57,99.9,101000.0,99900.0
2023-08-11,100.93,87.94,26.32,29.15,24.14,3.84,0.67,3.95,260.1,18.93,4.05,99.84,100930.0,99840.0
2023-08-12,100.92,87.7,26.13,28.79,24.01,4.2,0.81,4.32,259.1,18.66,4.83,99.83,100920.0,99830.0
2023-08-13,100.79,89.2,25.74,27.89,24.35,4.22,1.64,4.56,248.8,18.6,5.99,99.7,100790.0,99700.0
2023-08-14,100.83,88.41,25.92,28.54,24.32,3.84,2.42,4.58,237.8,18.61,2.91,99.74,100830.0,99740.0
2023-08-15,100.88,87.29,26.09,28.85,24.12,3.55,2.28,4.27,237.3,18.5,2.44,99.78,100880.0,99780.0
2023-08-16,100.93,87.73,26.13,29.15,24.06,3.74,0.65,3.86,260.2,18.64,3.93,99.84,100930.0,99840.0
2023-08-17,100.93,87.82,26.2,29.38,23.76,3.91,-0.68,3.97,279.9,18.74,2.77,99.84,100930.0,99840.0
2023-08-18,100.81,88.29,26.09,28.58,24.3,4.01,-1.03,4.17,284.4,18.77,2.64,99.72,100810.0,99720.0
2023-08-19,100.69,88.07,26.44,29.43,24.45,4.33,-1.49,4.59,289.0,19.12,6.83,99.6,100690.0,99600.0
2023-08-20,100.66,88.64,26.32,28.94,24.33,4.21,-1.65,4.53,291.4,19.13,8.01,99.57,100660.0,99570.0
2023-08-21,100.71,87.58,26.13,29.11,23.7,3.66,-0.64,3.74,279.9,18.66,4.27,99.62,100710.0,99620.0
2023-08-22,100.73,88.66,26.19,29.09,23.95,3.73,0.09,3.76,268.6,18.96,9.25,99.64,100730.0,99640.0
2023-08-23,100.73,89.56,26.32,28.82,24.11,3.52,1.44,3.84,247.7,19.31,6.84,99.65,100730.0,99650.0
2023-08-24,100.63,89.74,26.7,29.25,24.61,3.71,2.21,4.37,239.3,19.82,12.16,99.55,100630.0,99550.0
2023-08-25,100.61,89.63,26.95,29.55,25.04,3.95,2.13,4.55,241.7,20.11,17.75,99.52,100610.0,99520.0
2023-08-26,100.76,89.06,26.81,29.23,25.13,4.1,2.23,4.69,241.5,19.77,19.21,99.68,100760.0,99680.0
2023-08-27,100.86,88.54,26.79,29.77,24.87,3.97,1.59,4.35,248.2,19.6,18.6,99.77,100860.0,99770.0
2023-08-28,100.82,90.29,26.22,28.97,24.24,3.3,1.05,3.48,252.4,19.35,10.12,99.73,100820.0,99730.0
2023-08-29,100.82,87.35,26.37,29.76,23.66,2.76,-0.01,2.83,270.2,18.81,1.43,99.73,100820.0,99730.0
2023-08-30,100.9,85.33,26.58,30.14,23.85,1.99,-0.73,2.16,290.0,18.57,0.25,99.81,100900.0,99810.0
2023-08-31,100.88,86.41,26.63,30.79,23.45,1.58,-1.24,2.25,308.1,18.84,0.28,99.79,100880.0,99790.0
2023-09-01,100.85,87.1,26.94,31.14,24.02,1.59,-1.53,2.43,313.9,19.37,10.61,99.77,100850.0,99770.0
2023-09-02,100.84,90.45,25.86,28.07,24.3,2.42,-1.37,2.87,299.5,18.99,23.17,99.75,100840.0,99750.0
2023-09-03,100.74,87.68,26.19,29.5,23.78,2.65,-0.96,2.85,290.0,18.73,3.75,99.65,100740.0,99650.0
2023-09-04,100.64,87.53,26.06,29.39,23.92,2.72,-1.69,3.21,301.8,18.57,1.19,99.56,100640.0,99560.0
2023-09-05,100.61,86.33,26.16,29.76,23.55,2.37,-1.79,2.97,307.1,18.39,0.67,99.53,100610.0,99530.0
2023-09-06,100.58,88.92,26.25,29.32,23.53,3.45,-1.18,3.69,288.9,19.1,3.23,99.5,100580.0,99500.0
2023-09-07,100.53,92.71,25.75,26.71,25.05,4.76,-0.11,4.84,271.3,19.43,69.38,99.45,100530.0,99450.0
2023-09-08,100.58,92.93,26.26,27.26,25.34,5.28,-0.76,5.44,278.2,20.09,66.91,99.5,100580.0,99500.0
2023-09-09,100.62,91.55,26.76,28.63,25.42,4.39,-1.44,4.66,288.1,20.35,14.62,99.53,100620.0,99530.0
2023-09-10,100.59,90.72,27.02,29.45,25.46,3.96,0.13,3.98,268.2,20.46,5.8,99.5,100590.0,99500.0
2023-09-11,100.66,89.74,26.87,29.76,24.99,4.21,-0.63,4.28,278.5,20.02,3.58,99.57,100660.0,99570.0
2023-09-12,100.76,88.44,26.54,29.56,24.14,3.5,0.19,3.51,266.9,19.31,1.38,99.67,100760.0,99670.0
2023-09-13,100.71,88.64,26.31,29.21,24.05,3.5,0.29,3.54,265.2,19.11,4.79,99.62,100710.0,99620.0
2023-09-14,100.71,87.4,26.48,29.35,24.03,2.54,0.42,2.63,260.7,19.01,6.99,99.62,100710.0,99620.0
2023-09-15,100.67,88.49,26.66,29.39,24.41,2.58,0.64,2.71,256.1,19.48,2.06,99.59,100670.0,99590.0
2023-09-16,100.65,91.14,26.63,28.64,25.42,3.91,0.31,4.01,265.5,20.09,7.68,99.56,100650.0,99560.0
2023-09-17,100.52,89.42,27.13,29.61,25.46,4.41,2.08,4.93,244.7,20.29,9.28,99.43,100520.0,99430.0
2023-09-18,100.51,89.08,27.14,29.82,25.41,4.18,3.25,5.37,232.1,20.24,16.68,99.42,100510.0,99420.0
2023-09-19,100.68,88.69,27.13,29.72,25.44,3.39,3.69,5.05,222.6,20.09,12.85,99.59,100680.0,99590.0
2023-09-20,100.71,90.8,27.19,29.81,25.39,2.83,3.43,4.59,219.6,20.66,18.3,99.63,100710.0,99630.0
2023-09-21,100.73,92.2,26.93,29.34,25.49,2.54,1.04,2.91,247.7,20.66,31.49,99.65,100730.0,99650.0
2023-09-22,100.79,91.06,26.7,29.09,24.87,1.98,1.15,2.32,239.9,20.09,17.51,99.71,100790.0,99710.0
2023-09-23,100.85,93.22,26.13,27.98,24.87,2.38,0.55,2.54,256.9,19.91,32.05,99.76,100850.0,99760.0
2023-09-24,100.88,91.28,25.92,28.45,24.33,2.38,0.86,2.63,250.2,19.21,13.16,99.79,100880.0,99790.0
2023-09-25,100.78,91.69,26.02,28.93,24.01,2.03,0.43,2.75,258.1,19.44,14.84,99.7,100780.0,99700.0
2023-09-26,100.77,91.69,26.09,28.26,24.54,2.14,-0.92,2.34,293.2,19.54,19.45,99.68,100770.0,99680.0
2023-09-27,100.68,91.89,26.76,29.29,24.85,1.1,-2.71,3.05,337.9,20.39,20.73,99.59,100680.0,99590.0
2023-09-28,100.59,90.49,27.18,30.13,24.91,-0.31,-2.6,2.82,6.8,20.6,17.43,99.51,100590.0,99510.0
2023-09-29,100.52,86.97,27.71,31.26,25.05,-1.18,-2.47,2.87,25.5,20.38,16.05,99.44,100520.0,99440.0
2023-09-30,100.53,90.18,27.24,30.4,24.69,-0.56,-2.72,3.1,11.6,20.64,18.01,99.45,100530.0,99450.0
2023-10-01,100.57,92.56,26.72,29.04,25.13,1.42,-2.08,3.25,325.7,20.56,13.51,99.49,100570.0,99490.0
2023-10-02,100.86,88.89,26.33,29.21,24.33,2.27,0.96,2.64,247.0,19.15,10.45,99.77,100860.0,99770.0
2023-10-03,101.01,85.85,26.24,29.64,23.78,1.85,-0.73,2.0,291.6,18.3,0.01,99.92,101010.0,99920.0
2023-10-04,101.06,86.57,26.26,30.29,23.57,1.45,-1.32,2.06,312.3,18.47,0.0,99.97,101060.0,99970.0
2023-10-05,101.04,87.03,25.82,30.08,22.3,0.75,-1.91,2.34,338.5,18.07,0.01,99.95,101040.0,99950.0
2023-10-06,100.97,85.84,26.09,30.44,23.02,1.21,-1.51,2.11,321.1,18.09,0.04,99.87,100970.0,99870.0
2023-10-07,100.98,86.21,26.49,31.09,22.92,0.8,-1.99,2.29,338.0,18.6,0.0,99.89,100980.0,99890.0
2023-10-08,101.05,83.12,27.15,32.43,22.79,-0.2,-1.77,2.28,6.5,18.52,0.0,99.96,101050.0,99960.0
2023-10-09,101.19,82.8,26.84,31.61,23.0,0.08,-2.06,2.56,357.8,18.17,0.0,100.1,101190.0,100100.0
2023-10-10,101.21,83.43,25.99,31.13,21.9,-0.29,-2.63,2.97,6.4,17.42,0.0,100.12,101210.0,100120.0
2023-10-11,101.18,81.64,26.17,31.61,21.63,-0.4,-1.81,2.46,12.4,17.19,0.0,100.09,101180.0,100090.0
2023-10-12,101.15,77.74,27.44,33.29,22.79,-1.24,-0.84,2.29,55.9,17.5,0.0,100.06,101150.0,100060.0
2023-10-13,101.21,76.37,27.74,33.61,22.69,-1.72,-0.15,2.61,85.0,17.56,0.05,100.12,101210.0,100120.0
2023-10-14,101.21,72.26,27.78,33.26,22.69,-1.01,0.03,2.02,91.7,16.51,0.08,100.12,101210.0,100120.0
2023-10-15,101.06,77.19,27.44,32.98,22.84,-1.09,-1.38,2.29,38.2,17.5,0.21,99.97,101060.0,99970.0
2023-10-16,101.07,76.57,27.76,32.69,23.45,-1.57,-0.79,2.07,63.3,17.69,0.4,99.98,101070.0,99980.0
2023-10-17,101.17,75.47,27.63,32.95,23.04,-1.33,-0.5,2.12,69.5,17.25,0.45,100.07,101170.0,100070.0
2023-10-18,101.26,77.28,26.96,32.58,22.49,-2.14,-1.69,3.11,51.7,17.06,0.04,100.17,101260.0,100170.0
2023-10-19,101.21,75.36,27.04,32.98,21.96,-1.59,-1.12,2.58,54.9,16.65,0.01,100.12,101210.0,100120.0
2023-10-20,101.2,74.32,27.72,32.63,23.0,-2.15,-0.19,2.35,84.9,17.2,0.02,100.11,101200.0,100110.0
2023-10-21,101.26,76.12,27.46,32.24,22.95,-1.71,0.42,2.71,103.9,17.38,0.01,100.16,101260.0,100160.0
2023-10-22,101.32,77.2,27.48,32.25,23.34,-1.62,-0.96,2.37,59.5,17.56,0.05,100.22,101320.0,100220.0
2023-10-23,101.22,73.63,26.83,32.76,21.98,-1.63,-1.26,2.67,52.3,16.02,0.0,100.12,101220.0,100120.0
2023-10-24,101.17,73.59,26.68,32.35,22.33,-1.92,-1.0,2.82,62.4,15.93,0.0,100.07,101170.0,100070.0
2023-10-25,101.3,71.17,25.92,32.32,20.86,-2.18,-0.98,3.3,65.7,14.61,0.0,100.2,101300.0,100200.0
2023-10-26,101.38,65.69,25.32,31.85,19.84,-3.19,-1.21,3.78,69.2,12.82,0.0,100.27,101380.0,100270.0
2023-10-27,101.24,64.9,24.73,31.81,18.73,-2.83,-0.95,3.47,71.4,12.26,0.0,100.13,101240.0,100130.0
2023-10-28,101.18,64.73,25.12,32.3,18.75,-2.45,-0.04,3.03,89.0,12.58,0.0,100.08,101180.0,100080.0
2023-10-29,101.14,63.93,25.26,32.69,18.63,-2.39,-0.34,2.77,82.0,12.53,0.0,100.04,101140.0,100040.0
2023-10-30,101.1,65.25,25.0,32.31,19.09,-2.8,0.05,3.46,91.0,12.67,0.0,100.01,101100.0,100010.0
2023-10-31,101.18,67.0,24.78,31.68,18.56,-3.08,-0.42,3.43,82.2,12.94,0.0,100.08,101180.0,100080.0
2023-11-01,101.25,70.12,24.59,31.66,18.94,-2.88,-0.71,3.46,76.2,13.41,0.0,100.15,101250.0,100150.0
2023-11-02,101.17,69.93,24.93,31.66,18.97,-2.43,-0.23,3.06,84.7,13.58,0.0,100.08,101170.0,100080.0
2023-11-03,101.01,69.14,25.31,32.47,19.61,-2.71,-0.81,3.31,73.4,13.77,0.0,99.92,101010.0,99920.0
2023-11-04,100.92,66.62,25.78,33.43,19.06,-3.47,-0.43,3.85,83.0,13.73,0.0,99.83,100920.0,99830.0
2023-11-05,101.08,72.09,26.29,32.35,21.17,-3.31,0.05,3.53,90.8,15.36,0.01,99.98,101080.0,99980.0
2023-11-06,101.22,71.9,25.16,31.15,20.61,-3.82,-0.24,4.06,86.4,14.27,0.01,100.12,101220.0,100120.0
2023-11-07,101.21,76.32,25.66,31.82,20.66,-2.29,-0.64,3.16,74.4,15.66,0.0,100.12,101210.0,100120.0
2023-11-08,101.16,81.78,26.07,30.69,22.27,-1.48,1.01,2.84,124.4,17.33,3.53,100.07,101160.0,100070.0
2023-11-09,101.22,82.13,26.56,30.42,23.35,-1.17,-0.29,1.9,76.2,17.77,0.72,100.13,101220.0,100130.0
2023-11-10,101.35,86.64,25.68,28.39,24.04,-2.6,0.07,2.72,91.6,17.89,11.2,100.26,101350.0,100260.0
2023-11-11,101.39,74.28,26.08,32.13,21.78,-3.01,-0.73,3.29,76.3,15.49,1.33,100.29,101390.0,100290.0
2023-11-12,101.39,70.49,25.8,32.75,20.97,-3.46,-1.02,3.97,73.5,14.47,0.0,100.3,101390.0,100300.0
2023-11-13,101.34,70.54,24.98,32.04,19.54,-2.69,-0.18,3.66,86.3,13.87,0.0,100.25,101340.0,100250.0
2023-11-14,101.27,67.93,24.93,32.08,19.9,-2.35,-0.52,2.92,77.6,13.14,0.0,100.17,101270.0,100170.0
2023-11-15,101.27,68.0,24.24,31.52,18.25,-1.9,-0.8,2.84,67.3,12.61,0.0,100.17,101270.0,100170.0
2023-11-16,101.31,66.02,24.22,31.51,18.38,-2.52,-0.34,3.08,82.3,12.16,0.0,100.21,101310.0,100210.0
2023-11-17,101.29,66.33,23.92,31.31,17.79,-2.68,-0.55,3.35,78.4,12.04,0.0,100.19,101290.0,100190.0
2023-11-18,101.22,68.25,24.09,31.51,18.32,-1.69,-0.27,2.99,81.0,12.54,0.0,100.12,101220.0,100120.0
2023-11-19,101.19,72.54,25.35,31.79,19.96,-1.67,-0.21,2.57,82.9,14.63,0.0,100.09,101190.0,100090.0
2023-11-20,101.22,70.45,26.39,32.63,21.37,-2.51,-0.38,3.05,81.4,14.92,0.0,100.13,101220.0,100130.0
2023-11-21,101.23,69.59,25.02,31.71,19.76,-2.57,-0.67,3.38,75.4,13.61,0.0,100.13,101230.0,100130.0
2023-11-22,101.17,67.69,23.82,30.78,18.47,-2.55,-1.0,3.59,68.6,12.23,0.0,100.07,101170.0,100070.0
2023-11-23,101.0,68.09,24.2,31.16,18.13,-2.25,-0.68,3.02,73.2,12.74,0.0,99.9,101000.0,99900.0
2023-11-24,100.96,72.67,26.14,31.88,20.66,-2.88,0.45,3.15,98.9,15.38,0.01,99.87,100960.0,99870.0
2023-11-25,101.12,70.86,26.83,32.55,21.76,-3.03,0.46,3.28,98.7,15.45,1.59,100.03,101120.0,100030.0
2023-11-26,101.18,82.77,25.79,30.24,22.65,-1.47,1.79,3.47,140.5,17.2,6.62,100.08,101180.0,100080.0
2023-11-27,101.12,84.42,25.65,29.49,22.69,0.63,0.65,2.28,224.1,17.32,5.52,100.02,101120.0,100020.0
2023-11-28,101.05,83.86,24.31,28.87,21.11,0.37,-1.6,2.14,346.9,15.84,0.08,99.96,101050.0,99960.0
2023-11-29,101.12,81.23,23.3,28.52,19.39,0.33,-0.91,2.07,340.2,14.41,0.0,100.02,101120.0,100020.0
2023-11-30,101.17,82.04,23.86,29.72,19.74,0.22,-0.92,2.13,346.5,15.0,0.08,100.07,101170.0,100070.0
2023-12-01,101.18,83.39,23.68,29.49,19.72,0.07,-0.91,2.07,355.7,15.0,0.09,100.07,101180.0,100070.0
2023-12-02,101.05,78.83,24.91,31.28,19.42,-1.41,0.15,2.65,96.2,15.22,0.04,99.95,101050.0,99950.0
2023-12-03,101.08,75.05,25.47,31.68,21.47,-1.73,0.37,3.13,102.2,15.02,0.0,99.99,101080.0,99990.0
2023-12-04,101.02,75.79,26.11,32.13,21.59,-1.69,-0.7,2.82,67.6,15.8,0.02,99.93,101020.0,99930.0
2023-12-05,100.92,71.85,25.52,31.54,20.77,-2.15,-0.99,2.85,65.1,14.36,0.0,99.82,100920.0,99820.0
2023-12-06,101.03,72.12,24.57,29.59,20.05,-3.16,-0.61,3.54,79.0,13.7,0.0,99.92,101030.0,99920.0
2023-12-07,101.11,73.0,24.46,29.8,20.13,-1.82,-0.24,2.61,82.5,13.68,0.01,100.0,101110.0,100000.0
2023-12-08,101.15,73.51,24.19,30.52,18.93,-1.6,-0.33,2.79,78.3,13.55,0.0,100.04,101150.0,100040.0
2023-12-09,101.24,68.87,24.72,31.59,18.75,-1.56,-1.24,2.47,51.6,13.02,0.0,100.13,101240.0,100130.0
2023-12-10,101.17,71.24,24.51,31.49,19.04,-1.56,-0.61,2.71,68.7,13.35,0.0,100.06,101170.0,100060.0
2023-12-11,101.21,71.95,24.28,30.9,19.17,-0.85,-1.0,2.32,40.4,13.26,0.0,100.1,101210.0,100100.0
2023-12-12,101.13,70.28,23.46,30.25,18.03,-0.52,-1.49,2.3,19.2,12.26,0.0,100.03,101130.0,100030.0
2023-12-13,101.17,67.11,23.86,31.12,17.63,-1.42,-0.8,2.32,60.7,11.93,0.0,100.06,101170.0,100060.0
2023-12-14,101.29,63.28,24.02,30.88,18.46,-3.4,0.77,3.71,102.8,11.33,0.0,100.18,101290.0,100180.0
2023-12-15,101.37,59.93,23.45,30.38,17.58,-3.09,0.46,3.52,98.4,10.32,0.0,100.26,101370.0,100260.0
2023-12-16,101.33,60.77,22.55,30.23,15.95,-1.68,-0.92,2.47,61.4,9.88,0.0,100.22,101330.0,100220.0
2023-12-17,101.23,67.15,23.55,30.81,17.54,-3.08,-0.47,3.37,81.3,11.97,0.05,100.13,101230.0,100130.0
2023-12-18,101.33,64.3,23.24,28.79,19.71,-5.56,-0.45,5.64,85.4,11.35,0.33,100.23,101330.0,100230.0
2023-12-19,101.42,60.35,23.03,29.51,19.31,-5.31,0.09,5.33,91.0,10.49,0.0,100.32,101420.0,100320.0
2023-12-20,101.42,58.44,21.87,28.16,17.32,-4.1,0.4,4.17,95.6,9.47,0.0,100.32,101420.0,100320.0
2023-12-21,101.34,58.9,21.79,27.37,17.83,-3.78,0.79,3.94,101.8,9.54,0.0,100.25,101340.0,100250.0
2023-12-22,101.31,52.96,23.51,30.83,18.33,-1.69,0.06,2.72,92.1,9.3,0.0,100.21,101310.0,100210.0
2023-12-23,101.35,54.41,24.49,33.67,18.21,-1.81,-0.49,2.88,74.8,9.93,0.0,100.26,101350.0,100260.0
2023-12-24,101.48,53.66,24.22,33.48,17.5,-2.98,0.16,3.76,93.1,9.7,0.0,100.39,101480.0,100390.0
2023-12-25,101.42,53.31,24.49,34.44,17.84,-3.0,-0.12,3.86,87.8,9.7,0.0,100.33,101420.0,100330.0
2023-12-26,101.45,54.22,24.08,33.73,17.77,-2.22,0.04,3.48,91.0,9.65,0.0,100.35,101450.0,100350.0
2023-12-27,101.47,57.23,24.13,33.22,17.51,-2.67,-0.37,3.5,82.2,10.31,0.0,100.38,101470.0,100380.0
2023-12-28,101.34,58.23,24.29,33.18,17.73,-2.28,0.27,3.31,96.8,10.51,0.0,100.25,101340.0,100250.0
2023-12-29,101.32,54.61,25.22,33.81,18.51,-2.18,0.06,2.75,91.6,10.35,0.0,100.23,101320.0,100230.0
2023-12-30,101.28,59.36,24.94,33.54,18.73,-1.44,0.17,3.12,96.8,11.14,0.0,100.18,101280.0,100180.0
2023-12-31,101.25,58.35,25.07,33.56,18.65,-1.57,0.01,2.82,90.2,10.92,0.0,100.15,101250.0,100150.0
2024-01-01,101.28,60.93,24.68,32.8,18.83,-1.17,-1.11,2.66,46.6,11.24,0.0,100.18,101280.0,100180.0
2024-01-02,101.23,59.98,24.09,32.39,18.17,-0.68,-1.21,2.65,29.2,10.7,0.0,100.12,101230.0,100120.0
2024-01-03,101.15,58.83,23.56,31.84,17.7,-0.9,-0.87,3.0,46.3,10.3,0.0,100.05,101150.0,100050.0
2024-01-04,101.22,56.52,22.72,30.19,17.74,0.4,-1.47,2.48,344.8,9.22,0.0,100.12,101220.0,100120.0
2024-01-05,101.26,58.2,21.44,29.32,15.48,-0.19,-1.75,2.6,6.3,8.63,0.0,100.16,101260.0,100160.0
2024-01-06,101.18,59.31,23.06,32.18,16.18,-1.52,-0.76,3.3,63.5,10.11,0.0,100.07,101180.0,100070.0
2024-01-07,101.19,66.73,24.34,31.75,18.75,-0.9,0.74,3.41,129.6,12.3,0.02,100.09,101190.0,100090.0
2024-01-08,101.21,59.62,26.04,33.74,20.81,-2.07,0.93,3.81,114.2,11.98,0.05,100.11,101210.0,100110.0
2024-01-09,101.28,64.74,25.73,32.4,21.12,-2.32,1.03,3.23,114.0,12.99,0.98,100.18,101280.0,100180.0
2024-01-10,101.3,61.47,25.92,32.22,20.29,-1.99,0.39,2.77,101.1,12.6,0.02,100.2,101300.0,100200.0
2024-01-11,101.31,60.29,26.68,33.9,21.16,-1.65,-0.72,2.71,66.5,12.62,0.0,100.21,101310.0,100210.0
2024-01-12,101.29,54.63,26.46,34.97,20.36,-2.12,-0.35,3.59,80.5,11.12,0.0,100.19,101290.0,100190.0
2024-01-13,101.37,56.25,26.0,34.47,20.05,-0.75,-2.04,3.44,20.0,11.08,0.0,100.26,101370.0,100260.0
2024-01-14,101.44,51.18,24.57,32.99,18.51,-0.56,-2.36,3.51,13.2,9.23,0.0,100.34,101440.0,100340.0
2024-01-15,101.41,46.99,22.46,31.48,15.99,-0.19,-2.2,3.51,5.0,7.19,0.0,100.3,101410.0,100300.0
2024-01-16,101.22,50.53,21.47,30.62,14.44,-0.03,-0.89,2.62,2.1,7.33,0.0,100.12,101220.0,100120.0
2024-01-17,101.14,59.44,21.76,29.29,15.56,0.23,-0.62,2.28,339.8,9.23,0.0,100.04,101140.0,100040.0
2024-01-18,101.29,60.56,22.0,29.41,16.33,0.22,-0.76,2.22,343.9,9.37,0.0,100.18,101290.0,100180.0
2024-01-19,101.27,54.63,22.18,30.46,15.24,-0.06,-0.15,2.57,21.1,8.53,0.0,100.16,101270.0,100160.0
2024-01-20,101.39,56.87,22.66,29.74,17.85,0.66,-1.02,2.29,326.9,9.37,0.0,100.28,101390.0,100280.0
2024-01-21,101.36,50.56,22.93,32.55,15.05,-1.0,-1.31,2.77,37.3,8.21,0.0,100.25,101360.0,100250.0
2024-01-22,101.4,50.34,23.03,32.35,16.42,-0.74,0.39,3.82,117.8,8.39,0.0,100.3,101400.0,100300.0
2024-01-23,101.42,42.88,21.87,31.41,14.75,-0.55,-3.03,3.99,10.4,6.35,0.0,100.31,101420.0,100310.0
2024-01-24,101.37,39.82,21.74,31.96,13.72,-2.0,-2.24,3.56,41.7,5.87,0.0,100.26,101370.0,100260.0
2024-01-25,101.48,38.69,22.39,32.85,13.91,-2.58,-0.64,3.58,76.1,6.07,0.0,100.37,101480.0,100370.0
2024-01-26,101.58,39.77,23.54,33.9,15.71,-1.85,-0.18,3.67,84.4,6.66,0.0,100.48,101580.0,100480.0
2024-01-27,101.56,41.99,24.88,34.96,17.78,-1.65,-0.63,3.01,69.3,7.54,0.0,100.46,101560.0,100460.0
2024-01-28,101.52,43.14,24.99,34.38,18.21,-1.3,-0.75,3.05,60.0,7.95,0.0,100.41,101520.0,100410.0
2024-01-29,101.52,41.04,24.95,34.21,18.09,-0.94,-2.02,3.06,24.9,7.53,0.0,100.41,101520.0,100410.0
2024-01-30,101.4,42.87,24.42,33.18,18.03,-0.54,-1.63,3.02,18.2,7.81,0.0,100.3,101400.0,100300.0
2024-01-31,101.4,50.28,24.11,32.36,18.14,0.7,-1.28,2.57,331.2,8.81,0.0,100.3,101400.0,100300.0
2024-02-01,101.5,62.49,23.02,30.33,16.97,0.65,-1.71,2.56,339.2,10.34,0.04,100.39,101500.0,100390.0
2024-02-02,101.47,58.78,23.82,32.46,16.68,-0.65,-2.39,3.05,15.2,9.74,0.0,100.36,101470.0,100360.0
2024-02-03,101.39,43.6,26.23,36.15,18.7,-2.73,-1.08,3.65,68.5,8.52,0.0,100.29,101390.0,100290.0
2024-02-04,101.46,43.02,27.23,36.59,20.45,-1.02,0.07,3.05,94.0,9.03,0.0,100.37,101460.0,100370.0
2024-02-05,101.53,44.68,27.02,35.53,21.29,0.0,-1.69,2.72,359.8,9.39,0.0,100.44,101530.0,100440.0
2024-02-06,101.5,45.82,26.68,36.01,19.8,-0.16,-1.54,2.72,6.1,9.25,0.0,100.41,101500.0,100410.0
2024-02-07,101.56,48.38,26.43,35.76,19.35,0.1,-2.68,3.33,358.0,9.47,0.0,100.47,101560.0,100470.0
2024-02-08,101.43,41.94,26.32,36.82,18.53,-1.0,-1.92,3.45,27.7,8.02,0.0,100.34,101430.0,100340.0
2024-02-09,101.41,42.83,26.04,35.86,18.64,-0.36,-0.74,2.97,25.9,8.09,0.0,100.31,101410.0,100310.0
2024-02-10,101.54,39.59,25.17,34.62,18.07,0.25,-2.09,3.22,353.2,7.19,0.0,100.44,101540.0,100440.0
2024-02-11,101.58,36.76,24.96,35.01,16.88,-0.07,-1.82,2.93,2.1,6.61,0.0,100.48,101580.0,100480.0
2024-02-12,101.51,39.34,25.42,34.81,18.09,0.31,-1.15,2.69,344.9,7.27,0.0,100.41,101510.0,100410.0
2024-02-13,101.49,41.39,25.08,34.25,17.55,0.51,-1.3,2.84,338.8,7.28,0.0,100.39,101490.0,100390.0
2024-02-14,101.41,32.14,25.71,35.96,17.9,-0.49,-2.98,3.8,9.4,5.99,0.0,100.31,101410.0,100310.0
2024-02-15,101.32,33.67,26.63,37.08,18.46,-1.01,-1.12,3.33,42.0,6.87,0.0,100.23,101320.0,100230.0
2024-02-16,101.34,41.09,28.04,37.5,21.15,-0.55,0.56,3.37,135.8,8.98,0.0,100.25,101340.0,100250.0
2024-02-17,101.22,38.58,28.61,37.78,22.14,-0.15,-0.61,2.65,13.5,8.68,0.0,100.12,101220.0,100120.0
2024-02-18,101.12,38.04,28.23,37.12,21.91,0.07,-0.78,2.33,355.0,8.35,0.0,100.03,101120.0,100030.0
2024-02-19,101.22,39.26,27.57,36.24,21.36,0.67,-0.84,2.29,321.6,8.19,0.0,100.12,101220.0,100120.0
2024-02-20,101.29,55.65,26.05,34.35,19.21,1.29,-1.98,3.05,327.0,10.63,0.0,100.18,101290.0,100180.0
2024-02-21,101.28,67.66,25.18,32.6,19.9,2.02,-1.5,2.79,306.6,12.8,0.0,100.17,101280.0,100170.0
2024-02-22,101.34,65.1,25.0,32.91,20.06,1.73,-1.81,2.85,316.3,11.84,0.0,100.23,101340.0,100230.0
2024-02-23,101.3,54.44,24.63,33.49,17.84,0.9,-2.18,2.97,337.6,9.32,0.0,100.19,101300.0,100190.0
2024-02-24,101.21,28.2,24.68,34.73,16.81,0.29,-2.96,3.7,354.4,4.72,0.0,100.1,101210.0,100100.0
2024-02-25,101.07,21.75,25.28,36.44,15.55,-0.68,-1.12,3.5,31.3,4.08,0.0,99.97,101070.0,99970.0
2024-02-26,101.01,31.49,28.0,38.04,19.64,-0.33,0.8,3.16,157.9,7.26,0.0,99.92,101010.0,99920.0
2024-02-27,101.19,36.8,29.1,37.33,23.68,0.63,-1.1,2.57,330.2,8.78,0.01,100.1,101190.0,100100.0
2024-02-28,101.07,39.52,30.16,39.29,23.13,-0.49,-1.82,3.17,15.1,9.82,0.0,99.98,101070.0,99980.0
2024-02-29,101.03,40.75,30.79,40.05,23.13,-0.52,-0.79,2.66,33.2,10.39,0.18,99.95,101030.0,99950.0
2024-03-01,101.15,51.93,30.23,38.31,25.11,1.43,-0.2,2.29,278.0,12.94,0.95,100.07,101150.0,100070.0
2024-03-02,101.23,60.91,27.82,34.93,23.01,2.62,-0.27,3.26,275.9,13.36,0.37,100.13,101230.0,100130.0
2024-03-03,101.32,63.04,25.06,30.41,20.08,3.09,-2.7,4.2,311.1,12.25,0.09,100.21,101320.0,100210.0
2024-03-04,101.36,45.96,24.15,32.61,17.67,1.67,-2.4,3.25,325.2,7.72,0.0,100.25,101360.0,100250.0
2024-03-05,101.28,31.66,24.8,35.13,16.1,1.01,-1.4,3.03,324.0,5.45,0.0,100.18,101280.0,100180.0
2024-03-06,101.25,29.34,25.53,34.49,18.53,1.15,-1.26,2.72,317.5,5.37,0.0,100.16,101250.0,100160.0
2024-03-07,101.17,32.64,27.12,37.65,17.86,0.41,-2.7,3.49,351.3,6.52,0.0,100.08,101170.0,100080.0
2024-03-08,101.19,29.81,28.4,38.15,20.27,-0.07,-3.26,4.14,1.3,6.53,0.0,100.1,101190.0,100100.0
2024-03-09,101.15,29.07,28.74,38.82,20.4,-0.11,-2.17,3.55,2.8,6.56,0.0,100.06,101150.0,100060.0
2024-03-10,101.28,31.3,28.33,38.0,20.17,0.83,-1.47,2.99,330.4,6.57,0.0,100.19,101280.0,100190.0
2024-03-11,101.39,33.83,28.96,39.31,20.65,0.5,-2.51,3.44,348.7,7.48,0.02,100.3,101390.0,100300.0
2024-03-12,101.31,42.17,28.98,38.82,21.37,0.91,-2.47,3.42,339.7,9.3,0.03,100.22,101310.0,100220.0
2024-03-13,101.27,54.48,27.69,36.51,21.02,1.6,-2.81,3.39,330.3,11.29,0.0,100.18,101270.0,100180.0
2024-03-14,101.32,53.52,26.78,35.59,20.5,1.61,-2.36,3.2,325.8,10.69,0.0,100.23,101320.0,100230.0
2024-03-15,101.24,50.69,25.92,34.75,19.07,1.69,-1.36,2.59,308.8,9.59,0.0,100.14,101240.0,100140.0
2024-03-16,101.18,46.77,26.32,34.82,19.8,1.84,-0.18,2.43,275.6,9.0,0.0,100.09,101180.0,100090.0
2024-03-17,101.17,47.09,27.28,36.04,20.45,1.64,0.3,2.18,259.7,9.64,0.0,100.07,101170.0,100070.0
2024-03-18,101.18,50.8,27.84,36.71,21.17,1.53,-0.46,2.36,286.8,10.55,0.0,100.08,101180.0,100080.0
2024-03-19,101.12,53.7,28.27,37.48,20.95,1.04,-2.33,3.05,336.0,10.83,0.08,100.02,101120.0,100020.0
2024-03-20,101.04,29.75,29.79,40.65,20.08,-0.91,-2.62,3.74,19.1,6.25,0.02,99.95,101040.0,99950.0
2024-03-21,100.94,22.3,30.21,40.15,22.09,-0.61,-0.12,3.35,78.5,5.63,0.01,99.85,100940.0,99850.0
2024-03-22,100.89,37.13,29.91,39.41,23.43,0.91,-0.12,2.38,277.6,8.8,0.1,99.81,100890.0,99810.0
2024-03-23,100.94,45.86,29.45,38.39,21.74,1.26,-1.7,3.04,323.3,10.22,0.02,99.85,100940.0,99850.0
2024-03-24,101.06,49.81,29.98,39.08,23.02,1.57,-1.55,2.78,314.7,11.73,0.0,99.97,101060.0,99970.0
2024-03-25,101.08,50.83,30.2,39.93,22.86,1.48,-2.1,3.05,324.9,12.04,0.01,100.0,101080.0,100000.0
2024-03-26,101.08,55.7,30.35,40.59,23.15,1.58,-0.87,2.38,298.9,13.26,0.02,100.0,101080.0,100000.0
2024-03-27,101.21,56.82,30.76,40.74,24.59,1.5,-1.28,2.52,310.4,14.16,0.06,100.13,101210.0,100130.0
2024-03-28,101.1,56.87,30.72,39.67,24.77,1.73,-1.48,2.54,310.6,14.49,0.03,100.02,101100.0,100020.0
2024-03-29,100.96,52.97,31.67,39.65,25.59,1.86,-1.01,2.63,298.5,14.03,0.25,99.88,100960.0,99880.0
2024-03-30,101.1,53.24,31.01,40.13,24.45,2.13,-1.89,3.1,311.7,13.36,0.01,100.02,101100.0,100020.0
2024-03-31,101.17,46.06,31.52,39.75,25.14,1.09,-2.54,3.16,336.8,11.85,0.01,100.09,101170.0,100090.0
2024-04-01,100.96,45.94,30.76,39.26,24.42,1.92,-1.94,3.11,315.4,11.65,0.0,99.88,100960.0,99880.0
2024-04-02,100.83,47.34,30.07,39.27,23.28,1.67,-1.24,2.78,306.5,11.26,0.0,99.75,100830.0,99750.0
2024-04-03,100.93,48.47,30.32,39.57,23.57,1.77,-1.03,2.58,300.1,11.75,0.0,99.85,100930.0,99850.0
2024-04-04,100.96,48.91,30.61,40.1,22.9,1.47,-2.42,3.27,328.8,11.86,0.0,99.88,100960.0,99880.0
2024-04-05,100.9,53.18,31.18,40.47,24.02,1.85,-2.38,3.32,322.2,13.14,0.19,99.82,100900.0,99820.0
2024-04-06,100.79,45.42,31.6,40.59,24.17,1.23,-2.63,3.78,334.9,11.37,0.43,99.71,100790.0,99710.0
2024-04-07,100.76,48.07,30.77,39.51,24.79,2.1,-2.28,3.49,317.4,11.7,0.0,99.68,100760.0,99680.0
2024-04-08,100.83,52.42,30.63,40.39,22.73,1.55,-0.78,2.6,296.6,12.53,0.0,99.75,100830.0,99750.0
2024-04-09,100.85,53.32,30.93,39.92,24.34,1.95,-0.13,2.2,273.7,13.21,0.01,99.77,100850.0,99770.0
2024-04-10,100.88,52.2,31.09,40.06,24.09,1.54,-0.75,2.66,296.0,12.85,0.01,99.8,100880.0,99800.0
2024-04-11,100.92,46.27,31.32,40.84,23.64,0.93,-0.48,2.79,297.1,11.3,0.01,99.84,100920.0,99840.0
2024-04-12,100.9,45.51,31.09,38.93,25.59,1.94,0.18,2.47,264.6,11.79,0.01,99.82,100900.0,99820.0
2024-04-13,100.96,50.14,29.92,38.19,23.91,1.98,-0.08,2.51,272.3,11.87,0.0,99.88,100960.0,99880.0
2024-04-14,100.99,54.24,30.47,39.64,23.04,1.57,-1.05,2.67,303.8,13.08,0.02,99.91,100990.0,99910.0
2024-04-15,100.93,50.75,33.32,43.01,25.27,1.02,-1.45,2.96,324.8,14.54,0.02,99.86,100930.0,99860.0
2024-04-16,100.77,32.35,36.44,43.22,30.17,-1.53,-3.36,4.05,24.5,11.65,0.02,99.69,100770.0,99690.0
2024-04-17,100.74,35.53,35.49,43.41,29.41,1.37,-0.33,3.08,283.6,11.99,0.01,99.67,100740.0,99670.0
2024-04-18,100.72,50.19,33.91,41.84,27.47,2.05,-1.32,2.99,302.8,15.2,0.07,99.65,100720.0,99650.0
2024-04-19,100.59,50.15,33.06,39.78,28.13,2.8,-2.12,3.67,307.1,15.0,0.05,99.52,100590.0,99520.0
2024-04-20,100.67,49.89,32.52,40.53,28.0,2.43,-1.6,3.29,303.3,14.41,0.31,99.6,100670.0,99600.0
2024-04-21,100.74,49.78,31.63,38.4,26.63,2.3,-2.57,3.79,318.2,13.7,0.77,99.67,100740.0,99670.0
2024-04-22,100.81,51.33,31.65,38.59,26.54,2.52,-1.77,3.35,305.1,14.26,0.16,99.73,100810.0,99730.0
2024-04-23,100.68,50.13,31.49,39.32,25.0,2.18,-2.11,3.31,314.0,13.53,0.0,99.6,100680.0,99600.0
2024-04-24,100.62,52.67,31.55,39.91,25.29,2.37,-0.95,2.84,291.9,14.29,0.33,99.55,100620.0,99550.0
2024-04-25,100.63,50.83,32.35,40.94,26.22,2.36,-1.38,2.93,300.4,14.28,0.21,99.55,100630.0,99550.0
2024-04-26,100.63,50.29,32.9,40.55,27.08,2.8,-2.01,3.72,305.7,14.86,0.41,99.56,100630.0,99560.0
2024-04-27,100.59,47.74,33.98,43.04,26.64,1.69,-2.22,3.24,322.8,14.29,0.22,99.52,100590.0,99520.0
2024-04-28,100.57,46.03,34.83,44.11,27.45,1.52,-2.61,3.52,329.8,14.12,0.03,99.5,100570.0,99500.0
2024-04-29,100.68,41.45,34.4,43.21,27.57,1.75,-3.14,3.87,330.8,12.45,0.01,99.62,100680.0,99620.0
2024-04-30,100.62,44.3,33.84,43.06,26.08,1.99,-2.25,3.4,318.5,12.54,0.03,99.55,100620.0,99550.0
2024-05-01,100.53,48.07,32.15,40.28,26.16,2.63,-1.24,3.18,295.2,12.7,0.0,99.46,100530.0,99460.0
2024-05-02,100.55,49.75,31.45,40.56,24.59,2.18,-0.5,2.67,282.8,12.45,0.0,99.48,100550.0,99480.0
2024-05-03,100.7,50.19,30.95,39.41,23.84,2.33,-1.64,2.98,305.1,12.68,0.0,99.63,100700.0,99630.0
2024-05-04,100.75,54.78,31.18,39.44,24.36,2.5,-1.77,3.15,305.3,14.34,0.01,99.68,100750.0,99680.0
2024-05-05,100.61,56.44,32.39,40.86,26.17,2.59,-2.12,3.54,309.3,15.62,0.04,99.54,100610.0,99540.0
2024-05-06,100.68,59.1,31.72,39.3,26.48,3.16,-1.85,3.75,300.4,16.17,0.07,99.61,100680.0,99610.0
2024-05-07,100.78,60.87,31.68,39.5,26.22,3.16,-0.43,3.44,277.7,16.65,0.06,99.71,100780.0,99710.0
2024-05-08,100.73,55.98,31.9,40.67,26.13,2.59,-0.81,3.07,287.3,15.2,0.12,99.66,100730.0,99660.0
2024-05-09,100.71,58.65,31.33,39.29,25.5,2.75,-0.85,3.05,287.1,15.81,0.1,99.64,100710.0,99640.0
2024-05-10,100.8,56.2,31.95,40.22,26.48,2.67,-1.16,2.99,293.4,15.76,1.41,99.72,100800.0,99720.0
2024-05-11,100.86,53.35,32.5,40.45,26.9,2.26,-2.06,3.38,312.3,15.46,4.43,99.78,100860.0,99780.0
2024-05-12,100.89,61.88,31.4,37.58,26.82,1.52,-1.32,2.19,311.1,17.13,7.3,99.81,100890.0,99810.0
2024-05-13,100.82,58.66,32.3,39.44,27.09,0.91,-1.34,1.98,325.8,16.88,3.05,99.74,100820.0,99740.0
2024-05-14,100.79,59.77,32.33,40.26,26.32,0.6,-2.17,3.13,344.5,16.83,5.09,99.72,100790.0,99720.0
2024-05-15,100.82,61.98,32.26,38.95,26.88,0.58,-0.42,2.04,305.9,17.76,8.77,99.74,100820.0,99740.0
2024-05-16,100.78,59.67,33.03,40.1,28.05,0.86,-1.36,2.21,327.8,17.87,2.38,99.7,100780.0,99700.0
2024-05-17,100.7,64.63,32.1,37.52,28.08,1.46,-0.44,2.19,286.9,18.58,1.55,99.62,100700.0,99620.0
2024-05-18,100.45,61.18,32.94,40.04,27.92,1.8,-0.41,2.21,282.8,18.08,0.71,99.38,100450.0,99380.0
2024-05-19,100.3,58.77,33.15,40.47,28.15,2.19,-0.41,2.48,280.7,17.6,0.86,99.23,100300.0,99230.0
2024-05-20,100.34,61.37,32.85,40.37,28.13,2.23,-0.1,2.81,272.5,18.2,1.12,99.28,100340.0,99280.0
2024-05-21,100.34,64.86,32.49,39.31,28.33,1.92,-0.72,3.03,290.4,19.11,0.76,99.27,100340.0,99270.0
2024-05-22,100.26,64.65,33.21,40.68,28.23,1.81,0.46,2.93,255.9,19.77,0.82,99.19,100260.0,99190.0
2024-05-23,100.18,58.74,33.46,40.08,28.74,2.49,0.07,2.93,268.3,18.15,0.19,99.12,100180.0,99120.0
2024-05-24,100.17,63.89,32.49,39.69,27.78,3.34,-0.06,3.4,271.0,18.71,0.05,99.1,100170.0,99100.0
2024-05-25,100.27,63.88,31.72,37.26,27.99,4.07,-0.11,4.2,271.6,18.14,0.13,99.21,100270.0,99210.0
2024-05-26,100.38,64.31,31.72,37.53,28.64,4.25,0.36,4.32,265.1,18.45,0.16,99.32,100380.0,99320.0
2024-05-27,100.36,64.38,31.81,36.98,28.57,4.66,1.21,4.89,255.4,18.65,0.05,99.3,100360.0,99300.0
2024-05-28,100.37,62.56,32.13,37.1,28.86,4.98,1.28,5.26,255.6,18.6,0.07,99.31,100370.0,99310.0
2024-05-29,100.38,66.32,31.96,36.73,28.92,4.42,2.03,4.91,245.3,19.58,0.19,99.32,100380.0,99320.0
2024-05-30,100.5,65.76,32.05,37.55,28.29,4.29,0.31,4.36,265.9,19.32,0.13,99.43,100500.0,99430.0
2024-05-31,100.57,64.91,32.31,38.53,27.76,3.77,0.08,3.82,268.8,19.1,0.11,99.49,100570.0,99490.0
2024-06-01,100.57,62.81,32.53,38.1,28.47,3.96,0.44,4.04,263.6,18.78,0.23,99.49,100570.0,99490.0
2024-06-02,100.58,59.97,32.38,38.26,28.69,3.41,-0.27,3.5,274.4,17.78,0.29,99.51,100580.0,99510.0
2024-06-03,100.61,64.97,31.6,36.51,28.44,3.24,0.21,3.3,266.3,18.69,5.19,99.54,100610.0,99540.0
2024-06-04,100.7,72.2,30.87,35.38,28.21,2.46,0.3,2.58,263.1,19.93,7.05,99.62,100700.0,99620.0
2024-06-05,100.72,72.27,30.86,35.45,27.89,2.72,0.91,2.9,251.6,19.93,4.87,99.65,100720.0,99650.0
2024-06-06,100.77,69.4,31.05,36.18,27.94,2.92,-0.92,3.19,287.6,19.28,2.85,99.69,100770.0,99690.0
2024-06-07,100.62,72.29,30.42,34.21,27.86,2.85,-0.61,3.12,282.1,19.6,2.26,99.54,100620.0,99540.0
2024-06-08,100.51,78.47,29.23,32.65,26.87,1.57,-1.96,3.26,321.4,19.97,23.64,99.44,100510.0,99440.0
2024-06-09,100.53,85.79,28.34,30.29,26.95,2.45,-0.52,2.74,282.0,20.88,30.5,99.45,100530.0,99450.0
2024-06-10,100.63,80.76,28.59,31.67,26.55,2.66,-0.56,2.85,281.9,19.78,20.5,99.55,100630.0,99550.0
2024-06-11,100.73,80.31,28.42,31.44,26.72,3.16,0.42,3.39,262.5,19.4,7.2,99.65,100730.0,99650.0
2024-06-12,100.75,80.52,29.08,32.44,26.59,3.16,2.08,3.84,236.6,20.25,5.78,99.66,100750.0,99660.0
2024-06-13,100.69,79.0,29.49,33.03,26.97,2.9,2.38,3.85,230.7,20.3,15.41,99.6,100690.0,99600.0
2024-06-14,100.6,82.54,29.24,32.43,26.71,2.69,2.74,3.88,224.4,21.02,14.07,99.52,100600.0,99520.0
2024-06-15,100.51,79.56,29.6,33.28,26.9,2.42,2.22,3.5,227.5,20.6,3.19,99.43,100510.0,99430.0
2024-06-16,100.55,77.76,29.55,33.66,26.7,2.16,1.21,2.61,240.9,20.03,2.12,99.47,100550.0,99470.0
2024-06-17,100.61,80.44,29.24,32.69,26.88,2.34,2.09,3.24,228.3,20.45,4.3,99.53,100610.0,99530.0
2024-06-18,100.56,82.82,28.68,32.06,26.75,2.32,3.04,3.91,217.4,20.39,16.5,99.48,100560.0,99480.0
2024-06-19,100.36,82.59,28.79,31.35,26.75,4.37,2.99,5.4,235.7,20.61,22.81,99.28,100360.0,99280.0
2024-06-20,100.27,84.56,28.83,31.28,27.05,4.43,3.92,5.94,228.5,21.23,32.23,99.19,100270.0,99190.0
2024-06-21,100.28,84.46,29.34,31.94,27.53,4.4,2.55,5.12,239.9,21.81,16.57,99.21,100280.0,99210.0
2024-06-22,100.17,82.99,29.62,32.5,27.55,3.18,-0.06,3.31,271.0,21.72,12.65,99.09,100170.0,99090.0
2024-06-23,100.11,83.23,28.7,31.42,26.57,2.41,0.95,2.82,248.6,20.71,13.84,99.03,100110.0,99030.0
2024-06-24,99.92,79.69,29.0,33.78,25.59,-0.17,2.61,2.81,176.2,19.98,11.49,98.84,99920.0,98840.0
2024-06-25,99.79,82.67,28.36,31.88,25.7,0.2,1.21,3.33,189.3,20.23,4.34,98.72,99790.0,98720.0
2024-06-26,99.75,87.6,27.95,31.05,25.27,1.82,1.97,3.81,222.8,21.09,20.03,98.68,99750.0,98680.0
2024-06-27,99.88,91.26,27.85,29.75,26.84,3.64,7.16,8.18,206.9,21.8,39.71,98.81,99880.0,98810.0
2024-06-28,100.15,92.0,27.41,28.33,26.63,3.87,7.26,8.29,208.0,21.37,42.02,99.08,100150.0,99080.0
2024-06-29,100.27,87.34,28.45,31.07,26.7,3.27,5.32,6.36,211.5,21.44,20.19,99.2,100270.0,99200.0
2024-06-30,100.32,87.47,28.24,30.87,26.46,4.23,4.99,6.79,220.3,21.22,12.74,99.25,100320.0,99250.0
2024-07-01,100.23,86.08,28.34,30.71,26.9,5.87,6.57,8.88,221.8,21.02,23.8,99.15,100230.0,99150.0
2024-07-02,100.19,88.01,28.15,29.97,26.99,6.29,6.02,8.8,226.2,21.31,25.75,99.11,100190.0,99110.0
2024-07-03,100.27,85.66,28.36,31.09,26.73,5.18,4.72,7.05,227.7,20.91,6.79,99.19,100270.0,99190.0
2024-07-04,100.36,87.24,28.05,30.15,26.45,4.6,3.79,6.02,230.5,20.93,13.04,99.28,100360.0,99280.0
2024-07-05,100.24,88.6,28.0,29.92,26.7,4.74,4.56,6.63,226.1,21.24,18.03,99.15,100240.0,99150.0
2024-07-06,100.1,88.61,28.03,29.98,26.7,5.99,4.13,7.35,235.4,21.3,39.52,99.03,100100.0,99030.0
2024-07-07,100.19,90.24,27.82,29.94,26.52,4.93,2.61,5.6,242.1,21.42,58.64,99.12,100190.0,99120.0
2024-07-08,100.19,90.94,27.57,29.42,26.29,4.44,0.39,4.57,265.0,21.3,56.74,99.11,100190.0,99110.0
2024-07-09,100.34,89.86,26.81,28.84,24.89,2.97,2.07,3.69,235.0,20.05,40.59,99.26,100340.0,99260.0
2024-07-10,100.63,88.75,26.64,29.6,24.29,1.85,2.81,3.5,213.3,19.5,13.21,99.54,100630.0,99540.0
2024-07-11,100.56,90.23,27.37,30.0,25.06,3.54,2.24,4.36,237.6,20.75,20.43,99.47,100560.0,99470.0
2024-07-12,100.37,92.96,27.18,28.62,26.23,4.69,1.81,5.13,248.9,21.26,80.45,99.28,100370.0,99280.0
2024-07-13,100.3,93.15,27.02,28.1,26.44,6.51,2.64,7.05,248.0,21.12,92.31,99.22,100300.0,99220.0
2024-07-14,100.16,93.61,27.19,28.52,26.04,5.65,1.0,5.78,259.9,21.48,53.06,99.08,100160.0,99080.0
2024-07-15,100.11,90.44,27.1,29.09,25.18,2.93,0.76,3.11,255.4,20.59,30.52,99.03,100110.0,99030.0
2024-07-16,100.09,89.18,25.83,27.43,24.57,1.81,2.46,3.16,216.2,18.81,9.37,99.01,100090.0,99010.0
2024-07-17,100.15,92.55,26.79,28.62,24.84,4.07,4.41,6.19,222.7,20.71,25.98,99.07,100150.0,99070.0
2024-07-18,100.22,93.73,26.76,28.1,25.98,5.94,3.79,7.07,237.5,20.96,48.74,99.14,100220.0,99140.0
2024-07-19,100.13,93.1,26.71,27.93,25.9,5.57,3.96,6.85,234.6,20.77,43.23,99.05,100130.0,99050.0
2024-07-20,100.16,94.34,26.47,27.34,25.84,5.28,4.16,6.74,231.8,20.74,69.62,99.08,100160.0,99080.0
2024-07-21,100.18,94.25,26.69,27.73,25.94,5.03,3.16,5.95,237.8,20.98,87.64,99.1,100180.0,99100.0
2024-07-22,100.38,94.02,26.29,27.48,25.42,4.88,3.79,6.19,232.2,20.4,70.85,99.29,100380.0,99290.0
2024-07-23,100.44,93.88,26.54,27.88,25.83,5.65,3.48,6.66,238.4,20.67,61.65,99.35,100440.0,99350.0
2024-07-24,100.25,93.67,26.42,27.58,25.8,5.93,3.12,6.73,242.2,20.51,67.36,99.17,100250.0,99170.0
2024-07-25,100.19,92.44,25.95,26.82,25.1,6.8,2.53,7.29,249.6,19.69,142.54,99.11,100190.0,99110.0
2024-07-26,100.26,92.1,26.44,27.94,25.07,6.52,3.16,7.28,244.2,20.19,21.55,99.18,100260.0,99180.0
2024-07-27,100.33,92.19,26.48,27.92,25.45,6.09,2.3,6.52,249.3,20.23,13.78,99.25,100330.0,99250.0
2024-07-28,100.12,93.55,26.18,27.3,25.31,5.62,2.13,6.02,249.2,20.22,28.97,99.04,100120.0,99040.0
2024-07-29,99.96,93.76,26.35,27.61,25.56,5.18,2.22,5.69,246.8,20.5,41.28,98.89,99960.0,98890.0
2024-07-30,100.3,92.31,26.82,28.81,25.5,4.16,3.25,5.39,232.0,20.66,33.89,99.22,100300.0,99220.0
2024-07-31,100.53,92.2,27.03,29.24,25.16,4.28,2.0,4.83,244.9,20.86,21.69,99.45,100530.0,99450.0
2024-08-01,100.49,92.64,26.74,28.42,25.64,5.24,2.55,5.88,244.1,20.6,28.05,99.41,100490.0,99410.0
2024-08-02,100.45,93.4,26.3,27.45,25.47,5.23,3.85,6.56,233.6,20.26,33.26,99.36,100450.0,99360.0
2024-08-03,100.49,93.59,26.01,27.08,25.22,5.99,4.51,7.56,233.0,19.95,103.94,99.4,100490.0,99400.0
2024-08-04,100.54,94.4,25.98,26.97,25.34,5.04,3.41,6.23,235.9,20.08,41.18,99.45,100540.0,99450.0
2024-08-05,100.61,92.21,26.38,28.33,25.17,4.69,3.28,5.81,235.1,20.05,19.7,99.53,100610.0,99530.0
2024-08-06,100.61,91.47,26.34,28.27,24.91,4.65,2.06,5.13,246.2,19.83,17.03,99.52,100610.0,99520.0
2024-08-07,100.64,90.71,26.55,28.9,24.67,4.17,1.05,4.4,255.9,19.9,11.21,99.56,100640.0,99560.0
2024-08-08,100.73,90.23,26.54,28.79,24.89,4.19,0.78,4.33,259.5,19.75,8.99,99.64,100730.0,99640.0
2024-08-09,100.81,90.92,26.75,29.28,24.93,3.99,0.73,4.22,259.6,20.13,11.6,99.72,100810.0,99720.0
2024-08-10,100.8,90.84,26.63,29.22,24.73,3.89,0.31,3.96,265.4,19.97,9.25,99.71,100800.0,99710.0
2024-08-11,100.64,90.56,26.53,28.64,25.01,4.22,0.99,4.37,256.8,19.83,8.32,99.56,100640.0,99560.0
2024-08-12,100.64,89.99,26.79,29.38,24.95,3.93,0.91,4.08,257.0,19.99,3.94,99.55,100640.0,99550.0
2024-08-13,100.67,89.53,26.97,29.7,24.76,3.23,0.21,3.33,266.2,20.09,2.71,99.59,100670.0,99590.0
2024-08-14,100.67,88.25,27.08,30.21,24.77,2.44,-0.93,2.64,290.9,19.9,1.02,99.58,100670.0,99580.0
2024-08-15,100.57,88.32,27.09,29.92,24.8,2.38,-1.25,2.77,297.7,19.96,0.64,99.49,100570.0,99490.0
2024-08-16,100.47,88.44,27.24,29.96,25.27,2.53,-0.14,2.59,273.2,20.18,1.28,99.39,100470.0,99390.0
2024-08-17,100.55,86.03,27.47,30.76,25.14,1.54,-0.63,1.78,292.3,19.83,20.13,99.47,100550.0,99470.0
2024-08-18,100.61,89.45,27.39,30.55,24.74,1.32,-2.17,2.6,328.8,20.56,42.32,99.53,100610.0,99530.0
2024-08-19,100.53,94.14,26.87,28.39,25.54,1.92,-2.04,2.96,316.8,21.11,19.39,99.45,100530.0,99450.0
2024-08-20,100.51,91.72,27.19,29.48,25.67,1.25,-2.55,2.95,333.8,20.91,5.64,99.43,100510.0,99430.0
2024-08-21,100.53,88.12,27.66,31.07,25.14,0.66,-1.28,2.06,332.7,20.57,2.15,99.45,100530.0,99450.0
2024-08-22,100.46,88.44,27.83,31.55,25.3,0.47,-0.94,1.61,333.5,20.89,3.98,99.38,100460.0,99380.0
2024-08-23,100.55,88.86,27.73,30.61,25.66,1.8,0.66,2.15,250.0,20.86,15.2,99.48,100550.0,99480.0
2024-08-24,100.67,93.2,26.4,27.81,25.59,4.14,-0.34,4.21,274.7,20.29,67.52,99.59,100670.0,99590.0
2024-08-25,100.59,92.45,26.29,27.69,25.19,5.85,1.34,6.09,257.1,20.02,58.74,99.5,100590.0,99500.0
2024-08-26,100.4,92.6,26.5,27.52,25.78,6.18,2.33,6.64,249.3,20.35,34.42,99.31,100400.0,99310.0
2024-08-27,100.49,90.55,26.63,28.37,25.49,5.71,5.32,7.83,227.0,20.0,23.38,99.4,100490.0,99400.0
2024-08-28,100.54,91.1,26.6,28.43,25.03,5.43,4.73,7.3,229.0,20.09,15.4,99.46,100540.0,99460.0
2024-08-29,100.46,90.64,26.75,28.82,25.56,4.47,4.61,6.48,224.1,20.16,7.8,99.38,100460.0,99380.0
2024-08-30,100.6,89.7,26.84,29.17,25.25,3.47,3.08,4.71,228.4,20.0,7.34,99.52,100600.0,99520.0
2024-08-31,100.73,90.24,26.49,28.91,24.7,3.1,0.43,3.25,262.1,19.68,3.64,99.65,100730.0,99650.0
2024-09-01,100.67,92.21,26.25,28.31,24.53,2.93,-1.18,3.18,291.9,19.87,2.75,99.59,100670.0,99590.0
2024-09-02,100.57,93.82,25.49,26.87,23.96,3.25,-0.72,3.38,282.5,19.38,21.39,99.48,100570.0,99480.0
2024-09-03,100.64,92.46,25.13,26.54,23.51,2.05,-0.82,2.3,291.8,18.66,13.67,99.55,100640.0,99550.0
2024-09-04,100.69,91.26,26.79,29.04,25.19,4.92,1.02,5.05,258.3,20.3,15.46,99.6,100690.0,99600.0
2024-09-05,100.56,91.2,26.82,28.89,25.49,5.11,0.69,5.19,262.3,20.34,21.4,99.48,100560.0,99480.0
2024-09-06,100.66,89.96,26.79,29.35,25.03,5.04,0.32,5.07,266.4,20.0,14.01,99.58,100660.0,99580.0
2024-09-07,100.75,90.29,26.54,29.23,24.7,3.84,0.82,3.95,258.0,19.76,16.13,99.66,100750.0,99660.0
2024-09-08,100.73,91.03,26.49,29.05,24.59,3.18,1.04,3.42,251.9,19.86,6.61,99.64,100730.0,99640.0
2024-09-09,100.5,89.52,26.79,29.7,24.7,3.2,-0.2,3.27,273.6,19.91,9.06,99.41,100500.0,99410.0
2024-09-10,100.45,89.76,26.55,29.15,24.71,3.29,0.58,3.4,260.0,19.7,8.47,99.37,100450.0,99370.0
2024-09-11,100.54,90.24,26.4,29.09,24.67,3.26,1.76,3.77,241.7,19.62,9.33,99.45,100540.0,99450.0
2024-09-12,100.72,89.71,26.39,29.05,24.37,3.68,1.82,4.13,243.7,19.45,6.03,99.63,100720.0,99630.0
2024-09-13,100.79,89.37,25.8,28.71,23.7,3.12,1.66,3.6,242.0,18.68,2.91,99.7,100790.0,99700.0
2024-09-14,100.75,87.76,26.21,29.15,24.03,3.37,1.59,3.76,244.7,18.79,10.11,99.65,100750.0,99650.0
2024-09-15,100.8,86.78,26.39,29.57,24.34,3.39,-0.48,3.47,278.1,18.75,11.88,99.7,100800.0,99700.0
2024-09-16,100.88,83.69,26.27,29.65,23.91,2.01,-0.89,2.23,293.9,17.9,3.16,99.78,100880.0,99780.0
2024-09-17,100.87,84.92,25.76,29.32,23.36,2.02,-1.87,2.81,312.7,17.62,2.3,99.78,100870.0,99780.0
2024-09-18,100.7,83.9,26.0,29.39,23.36,1.65,-0.64,1.79,291.1,17.69,0.99,99.61,100700.0,99610.0
2024-09-19,100.74,83.13,26.17,29.39,24.15,1.4,0.2,1.56,261.7,17.67,0.1,99.65,100740.0,99650.0
2024-09-20,100.74,83.19,26.69,30.15,24.16,1.66,-0.52,1.75,287.3,18.23,0.29,99.65,100740.0,99650.0
2024-09-21,100.81,87.2,26.57,29.96,24.19,2.26,-1.55,2.77,304.4,19.03,0.48,99.73,100810.0,99730.0
2024-09-22,100.73,89.71,26.78,30.28,24.52,2.49,-2.65,3.65,316.8,19.88,8.46,99.65,100730.0,99650.0
2024-09-23,100.64,91.7,27.19,30.16,25.23,2.26,-2.6,3.46,319.0,20.89,22.04,99.56,100640.0,99560.0
2024-09-24,100.43,94.3,26.73,28.13,26.07,3.78,-2.8,4.76,306.5,20.99,45.96,99.35,100430.0,99350.0
2024-09-25,100.36,94.67,26.49,27.55,25.3,3.95,-2.83,5.03,305.6,20.8,70.9,99.28,100360.0,99280.0
2024-09-26,100.33,92.91,26.37,28.61,24.97,3.5,-0.47,3.58,277.7,20.24,74.73,99.25,100330.0,99250.0
2024-09-27,100.49,93.29,26.27,27.73,25.3,4.97,1.88,5.35,249.3,20.19,66.92,99.4,100490.0,99400.0
2024-09-28,100.77,90.08,26.42,28.73,24.84,3.13,1.83,3.66,239.7,19.58,9.71,99.68,100770.0,99680.0
2024-09-29,100.99,90.79,26.23,28.97,24.05,2.14,1.08,2.77,243.2,19.47,4.17,99.9,100990.0,99900.0
2024-09-30,100.97,85.53,27.33,31.21,24.39,0.99,-0.7,1.44,305.3,19.43,1.09,99.88,100970.0,99880.0
2024-10-01,100.77,87.09,27.9,32.41,24.17,0.03,-1.41,2.0,358.9,20.51,0.5,99.69,100770.0,99690.0
2024-10-02,100.84,89.93,27.7,31.36,25.06,0.8,-1.18,2.11,325.7,21.01,2.4,99.76,100840.0,99760.0
2024-10-03,100.86,88.56,27.26,30.39,24.98,1.77,-0.78,1.96,293.7,20.14,1.13,99.78,100860.0,99780.0
2024-10-04,100.9,87.78,26.61,30.2,24.02,2.07,-0.65,2.2,287.3,19.17,0.18,99.82,100900.0,99820.0
2024-10-05,100.93,85.06,26.81,30.78,24.15,1.06,-1.35,1.88,321.8,18.77,0.04,99.85,100930.0,99850.0
2024-10-06,100.89,83.32,27.57,32.44,22.96,-1.25,-1.73,2.45,35.9,19.11,6.54,99.8,100890.0,99800.0
2024-10-07,100.94,79.1,27.97,32.93,24.01,-2.98,0.01,3.15,90.2,18.54,0.39,99.85,100940.0,99850.0
2024-10-08,101.01,80.74,27.62,32.34,23.32,-2.08,-0.03,2.77,89.1,18.64,2.08,99.92,101010.0,99920.0
2024-10-09,100.86,88.78,26.2,28.52,24.21,-1.82,-0.92,2.29,63.2,19.04,7.3,99.78,100860.0,99780.0
2024-10-10,100.66,86.82,26.99,31.04,24.14,-2.06,-0.42,2.72,78.4,19.47,43.1,99.57,100660.0,99570.0
2024-10-11,100.6,86.08,27.61,31.98,24.21,-2.18,0.38,2.98,100.0,20.0,34.61,99.52,100600.0,99520.0
2024-10-12,100.69,85.78,28.12,32.5,24.67,-1.21,1.36,2.73,138.4,20.49,1.62,99.61,100690.0,99610.0
2024-10-13,100.8,85.84,28.33,31.73,25.66,0.24,0.9,1.79,195.1,20.75,34.7,99.72,100800.0,99720.0
2024-10-14,100.88,83.15,28.37,33.17,24.54,-0.74,-0.82,2.24,41.9,20.0,5.03,99.79,100880.0,99790.0
2024-10-15,100.89,87.6,27.96,31.48,25.26,-0.59,-0.22,2.17,69.3,20.75,9.34,99.81,100890.0,99810.0
2024-10-16,100.81,85.22,28.32,32.19,25.16,-1.03,-0.69,2.07,56.1,20.55,6.89,99.72,100810.0,99720.0
2024-10-17,100.74,86.8,27.86,31.37,25.04,-2.01,-1.03,2.5,63.0,20.51,3.83,99.65,100740.0,99650.0
2024-10-18,100.67,87.62,27.45,31.73,23.95,-2.06,0.45,3.02,102.4,20.28,6.57,99.59,100670.0,99590.0
2024-10-19,100.99,90.54,26.97,29.16,25.55,0.86,1.51,1.9,209.7,20.3,7.19,99.91,100990.0,99910.0
2024-10-20,101.05,82.63,27.86,31.41,24.21,-1.1,0.48,1.78,113.8,19.4,11.86,99.96,101050.0,99960.0
2024-10-21,101.09,84.35,26.63,30.19,23.15,-1.43,0.37,2.49,104.5,18.46,1.25,100.0,101090.0,100000.0
2024-10-22,101.05,82.22,27.75,32.15,24.2,-0.94,-0.88,2.04,46.8,19.08,4.38,99.96,101050.0,99960.0
2024-10-23,101.02,83.21,27.64,32.14,24.07,-1.59,-1.08,2.43,55.9,19.23,1.97,99.93,101020.0,99930.0
2024-10-24,100.99,77.82,27.14,32.68,22.93,-1.9,-1.02,2.78,61.7,17.31,0.03,99.9,100990.0,99900.0
2024-10-25,101.01,73.8,26.19,32.41,21.6,-2.08,-1.41,3.02,55.8,15.42,0.0,99.91,101010.0,99910.0
2024-10-26,101.03,76.57,25.64,31.79,20.74,-2.43,-1.52,3.25,57.9,15.69,0.0,99.93,101030.0,99930.0
2024-10-27,100.93,78.1,25.39,30.62,20.27,-0.68,-1.7,2.66,21.8,15.85,0.0,99.84,100930.0,99840.0
2024-10-28,100.79,80.14,26.2,31.12,21.42,-0.11,-0.94,2.0,6.6,16.93,0.0,99.71,100790.0,99710.0
2024-10-29,100.89,80.71,26.55,31.4,22.17,-0.39,-1.37,2.19,16.0,17.48,0.97,99.8,100890.0,99800.0
2024-10-30,100.96,76.92,26.81,31.94,22.14,-1.53,-1.07,2.26,55.0,16.77,0.84,99.87,100960.0,99870.0
2024-10-31,101.02,76.86,26.97,32.59,22.32,-2.51,-0.79,3.0,72.6,17.04,0.04,99.94,101020.0,99940.0
2024-11-01,101.16,74.52,26.46,32.31,21.62,-3.0,-0.46,3.23,81.3,15.98,0.01,100.07,101160.0,100070.0
2024-11-02,101.2,69.49,26.0,32.94,20.76,-3.15,-0.49,3.41,81.1,14.25,0.0,100.1,101200.0,100100.0
2024-11-03,101.22,71.67,25.41,31.45,20.33,-3.14,-0.39,3.34,83.0,14.3,0.0,100.12,101220.0,100120.0
2024-11-04,101.1,72.21,25.66,31.8,20.31,-3.12,-0.49,3.33,81.0,14.66,0.0,100.0,101100.0,100000.0
2024-11-05,101.18,73.02,25.49,31.24,20.57,-2.94,-0.35,3.33,83.2,14.71,0.0,100.08,101180.0,100080.0
2024-11-06,101.25,72.65,25.21,32.36,20.25,-2.9,-0.93,3.5,72.2,14.26,0.0,100.15,101250.0,100150.0
2024-11-07,101.22,74.86,24.71,31.64,19.25,-3.32,-0.71,3.82,77.9,14.36,0.0,100.12,101220.0,100120.0
2024-11-08,101.21,75.02,25.03,31.12,20.09,-3.32,-0.31,3.59,84.7,14.67,0.0,100.11,101210.0,100110.0
2024-11-09,101.2,73.55,24.93,31.38,19.73,-3.45,-0.42,3.6,83.1,14.23,0.0,100.1,101200.0,100100.0
2024-11-10,101.22,73.69,24.86,31.28,19.96,-3.2,-0.48,3.4,81.5,14.12,0.0,100.12,101220.0,100120.0
2024-11-11,101.21,73.58,24.12,29.92,19.72,-3.22,-0.76,3.6,76.7,13.55,0.0,100.11,101210.0,100110.0
2024-11-12,101.13,73.79,23.46,29.72,18.85,-3.96,-0.58,4.09,81.7,13.08,0.0,100.03,101130.0,100030.0
2024-11-13,100.98,74.31,23.67,30.73,17.96,-3.81,-0.46,3.97,83.1,13.36,0.0,99.89,100980.0,99890.0
2024-11-14,101.07,74.54,24.65,31.18,18.95,-3.59,-0.5,4.02,82.0,14.37,0.0,99.97,101070.0,99970.0
2024-11-15,101.18,81.1,25.4,30.09,21.21,-2.48,0.61,3.08,103.8,16.51,0.45,100.09,101180.0,100090.0
2024-11-16,101.06,76.46,26.6,32.27,22.7,-1.53,-0.39,2.16,75.6,16.38,0.05,99.97,101060.0,99970.0
2024-11-17,101.08,75.89,25.51,31.31,21.01,-3.22,-0.25,3.65,85.5,15.41,0.0,99.99,101080.0,99990.0
2024-11-18,101.18,69.04,23.24,30.2,17.84,-3.9,-0.68,4.27,80.1,12.05,0.01,100.08,101180.0,100080.0
2024-11-19,101.29,71.65,22.21,29.07,17.04,-3.89,-0.4,4.19,84.1,11.75,0.0,100.19,101290.0,100190.0
2024-11-20,101.25,71.79,22.0,29.23,16.58,-3.32,-0.25,4.08,85.7,11.56,0.0,100.15,101250.0,100150.0
2024-11-21,101.22,70.82,22.25,29.31,16.56,-2.51,-0.35,3.17,82.1,11.55,0.0,100.12,101220.0,100120.0
2024-11-22,101.15,70.06,22.62,29.51,16.89,-2.22,-0.34,2.84,81.2,11.77,0.0,100.05,101150.0,100050.0
2024-11-23,101.22,67.02,22.92,29.81,16.67,-1.54,0.41,2.44,104.8,11.39,0.0,100.12,101220.0,100120.0
2024-11-24,101.27,69.37,22.82,29.62,16.9,-2.08,-0.1,2.6,87.2,11.81,0.0,100.17,101270.0,100170.0
2024-11-25,101.22,70.94,22.2,29.01,16.81,-3.6,-0.15,3.75,87.7,11.69,0.0,100.12,101220.0,100120.0
2024-11-26,101.22,70.21,21.17,28.49,15.73,-4.47,-0.17,4.63,87.8,10.83,0.0,100.12,101220.0,100120.0
2024-11-27,101.15,68.4,20.93,28.31,15.45,-4.62,-0.5,4.74,83.9,10.28,0.0,100.05,101150.0,100050.0
2024-11-28,101.16,68.97,20.65,28.22,15.41,-4.94,-0.58,5.04,83.3,10.23,0.01,100.06,101160.0,100060.0
2024-11-29,101.17,65.87,20.11,28.21,13.76,-4.18,-0.79,4.47,79.2,9.4,0.06,100.07,101170.0,100070.0
2024-11-30,101.01,66.75,21.33,29.68,14.47,-2.8,-0.85,3.68,73.2,10.35,0.0,99.91,101010.0,99910.0
2024-12-01,100.82,79.06,23.6,30.18,18.37,-2.11,-1.03,3.09,64.0,14.34,0.02,99.72,100820.0,99720.0
2024-12-02,100.77,80.17,25.36,31.16,21.06,-2.89,-1.11,3.4,69.0,16.2,0.24,99.68,100770.0,99680.0
2024-12-03,100.9,79.17,26.48,31.88,22.47,-3.18,-0.85,3.7,75.0,17.07,1.14,99.81,100900.0,99810.0
2024-12-04,100.99,82.0,26.73,31.9,23.07,-2.3,-0.45,3.05,78.9,17.96,2.52,99.9,100990.0,99900.0
2024-12-05,101.08,80.89,26.72,32.12,22.95,-1.71,-0.4,3.05,76.7,17.59,0.21,99.99,101080.0,99990.0
2024-12-06,101.06,81.52,26.42,31.61,22.86,-0.87,-1.28,2.35,34.1,17.43,0.02,99.97,101060.0,99970.0
2024-12-07,101.05,76.06,24.28,30.41,19.72,-0.1,-2.47,3.05,2.4,14.1,0.0,99.95,101050.0,99950.0
2024-12-08,101.13,66.95,21.71,28.58,16.5,-0.02,-2.77,3.07,0.4,10.47,0.0,100.03,101130.0,100030.0
2024-12-09,101.15,61.51,19.77,28.4,13.19,-2.77,-2.57,3.95,47.2,8.47,0.0,100.06,101150.0,100060.0
2024-12-10,101.14,62.27,20.98,29.63,13.16,-3.55,-0.23,4.07,86.4,9.7,0.0,100.04,101140.0,100040.0
2024-12-11,101.17,69.82,22.4,30.44,16.09,-2.34,-0.33,3.32,81.9,11.67,0.0,100.07,101170.0,100070.0
2024-12-12,101.16,67.08,22.05,29.39,16.21,-1.82,-0.66,2.75,69.9,10.84,0.0,100.06,101160.0,100060.0
2024-12-13,101.22,66.42,21.3,29.36,15.33,-4.72,-0.41,4.82,85.0,10.29,0.0,100.12,101220.0,100120.0
2024-12-14,101.32,62.04,20.8,29.17,13.75,-4.91,0.01,4.98,90.2,9.33,0.17,100.22,101320.0,100220.0
2024-12-15,101.38,58.84,21.25,30.28,13.73,-4.15,-0.06,4.42,89.2,9.14,0.23,100.28,101380.0,100280.0
2024-12-16,101.26,53.07,21.04,30.48,13.51,-3.41,-0.1,4.01,88.4,7.94,0.0,100.17,101260.0,100170.0
2024-12-17,101.16,54.29,21.06,30.41,13.49,-2.57,0.19,3.12,94.2,8.19,0.0,100.07,101160.0,100070.0
2024-12-18,101.1,53.8,21.49,30.04,14.39,-2.13,0.17,2.83,94.6,8.34,0.0,100.0,101100.0,100000.0
2024-12-19,101.06,62.33,21.43,30.33,14.88,-1.19,0.03,3.05,91.7,9.62,0.0,99.96,101060.0,99960.0
2024-12-20,101.08,74.79,21.72,28.27,17.3,0.24,-1.23,2.13,348.9,11.92,0.0,99.98,101080.0,99980.0
2024-12-21,101.08,77.32,21.95,28.53,16.3,0.17,0.26,2.23,212.7,12.61,0.0,99.98,101080.0,99980.0
2024-12-22,101.17,84.68,22.25,27.7,17.98,0.46,0.04,2.31,265.4,14.08,0.02,100.06,101170.0,100060.0
2024-12-23,101.21,86.32,22.07,26.76,19.2,1.37,-1.73,2.57,321.7,14.2,0.01,100.1,101210.0,100100.0
2024-12-24,101.22,79.18,21.69,28.14,17.49,0.27,-2.18,2.83,353.0,12.64,0.0,100.11,101220.0,100110.0
2024-12-25,101.28,77.09,21.98,29.54,16.75,-0.28,-1.33,2.41,12.0,12.41,0.0,100.18,101280.0,100180.0
2024-12-26,101.45,78.33,22.68,29.44,17.84,-0.35,-0.44,2.61,38.5,13.23,0.0,100.34,101450.0,100340.0
2024-12-27,101.48,81.35,23.32,29.39,18.51,-0.08,-0.4,2.68,11.2,14.36,0.01,100.38,101480.0,100380.0
2024-12-28,101.44,79.1,23.93,30.2,19.42,-0.11,-0.85,2.44,7.5,14.45,0.48,100.35,101440.0,100350.0
2024-12-29,101.44,73.57,24.68,31.72,19.49,-1.7,-1.13,2.69,56.3,13.86,0.04,100.34,101440.0,100340.0
2024-12-30,101.44,69.71,24.62,31.87,19.45,-1.87,-0.87,3.09,65.1,13.02,0.0,100.34,101440.0,100340.0
2024-12-31,101.47,65.9,24.68,32.93,19.06,-1.88,-0.79,3.18,67.2,12.26,0.0,100.36,101470.0,100360.0
2025-01-01,101.36,68.91,24.25,31.99,18.33,-2.09,-1.0,3.17,64.4,12.6,0.0,100.26,101360.0,100260.0
2025-01-02,101.34,59.35,24.18,33.01,18.0,-2.91,-0.84,3.56,73.9,10.54,0.0,100.24,101340.0,100240.0
2025-01-03,101.34,51.64,22.78,32.73,14.93,-3.39,-0.39,4.12,83.5,8.46,1.2,100.24,101340.0,100240.0
2025-01-04,101.2,52.93,22.4,32.64,15.09,-2.02,0.02,3.58,90.5,8.42,0.0,100.11,101200.0,100110.0
2025-01-05,101.22,57.64,22.43,31.0,17.17,-0.43,-0.78,2.44,28.9,9.2,0.0,100.12,101220.0,100120.0
2025-01-06,101.25,61.43,21.63,30.08,16.0,-0.22,-2.65,3.17,4.7,9.36,0.0,100.15,101250.0,100150.0
2025-01-07,101.23,58.15,22.27,31.76,14.7,-2.81,-0.99,3.26,70.6,9.16,0.0,100.12,101230.0,100120.0
2025-01-08,101.23,55.6,22.38,31.15,15.45,-3.32,-0.04,3.96,89.3,8.96,0.02,100.12,101230.0,100120.0
2025-01-09,101.26,47.35,22.55,31.16,14.74,-3.58,0.69,3.88,101.0,7.7,0.0,100.15,101260.0,100150.0
2025-01-10,101.35,56.5,22.74,31.04,15.96,-1.87,1.18,3.41,122.3,9.67,0.0,100.24,101350.0,100240.0
2025-01-11,101.41,64.19,22.49,28.93,18.59,0.28,-1.49,2.57,349.1,10.55,0.0,100.3,101410.0,100300.0
2025-01-12,101.38,64.08,22.18,30.66,16.27,-0.72,-2.17,2.99,18.4,10.17,0.0,100.27,101380.0,100270.0
2025-01-13,101.19,63.03,23.7,32.12,16.7,-3.38,-0.5,3.8,81.6,11.22,0.0,100.09,101190.0,100090.0
2025-01-14,101.2,61.74,24.32,32.67,17.85,-1.52,1.08,3.35,125.3,11.28,0.0,100.1,101200.0,100100.0
2025-01-15,101.35,66.68,24.73,31.89,19.73,-0.1,0.4,2.91,166.1,12.63,0.0,100.25,101350.0,100250.0
2025-01-16,101.38,66.17,24.19,31.68,18.88,-1.06,-1.91,2.55,29.0,12.07,0.0,100.28,101380.0,100280.0
2025-01-17,101.21,56.29,24.94,32.8,19.41,-3.91,-0.26,4.23,86.2,10.56,0.0,100.11,101210.0,100110.0
2025-01-18,101.19,51.64,24.64,32.83,18.46,-4.18,0.14,4.66,92.0,9.45,0.0,100.09,101190.0,100090.0
2025-01-19,101.27,52.92,24.09,33.16,17.83,-2.6,-0.5,3.72,79.2,9.31,0.0,100.17,101270.0,100170.0
2025-01-20,101.2,50.13,24.24,33.81,17.32,-2.04,-0.63,3.35,72.8,8.92,0.0,100.1,101200.0,100100.0
2025-01-21,101.14,50.94,23.72,33.54,16.7,-1.07,-0.81,3.02,52.9,8.56,0.0,100.04,101140.0,100040.0
2025-01-22,101.1,51.95,23.63,33.74,16.51,-0.68,-1.29,2.8,27.8,8.66,0.0,100.0,101100.0,100000.0
2025-01-23,101.08,51.46,23.4,33.53,16.03,-0.93,-1.89,3.07,26.3,8.64,0.0,99.98,101080.0,99980.0
2025-01-24,100.97,53.97,24.75,35.53,17.25,-1.63,-0.56,3.39,71.0,9.85,0.0,99.88,100970.0,99880.0
2025-01-25,101.06,52.91,26.19,36.16,19.08,-1.83,-0.34,3.49,79.4,10.62,0.0,99.97,101060.0,99970.0
2025-01-26,101.06,50.87,26.44,36.39,19.6,-1.8,-1.03,3.3,60.1,10.06,0.0,99.97,101060.0,99970.0
2025-01-27,100.99,49.78,26.02,35.93,19.73,-0.41,-1.8,2.85,12.7,9.66,0.0,99.9,100990.0,99900.0
2025-01-28,101.01,47.92,25.55,34.98,19.63,-0.08,-0.68,2.28,6.9,9.04,0.0,99.92,101010.0,99920.0
2025-01-29,101.18,46.76,25.52,35.09,19.56,-0.2,-0.92,2.46,12.4,8.7,0.0,100.09,101180.0,100090.0
2025-01-30,101.09,49.07,24.91,34.96,18.06,-0.61,-1.47,2.89,22.4,8.8,0.0,100.0,101090.0,100000.0
2025-01-31,101.07,53.3,23.58,32.39,17.27,0.56,-1.86,2.76,343.2,8.94,0.0,99.97,101070.0,99970.0
2025-02-01,101.15,55.8,23.02,31.05,17.22,0.47,-2.17,2.88,347.8,9.28,0.0,100.06,101150.0,100060.0
2025-02-02,101.14,47.32,24.32,34.24,17.46,0.11,-1.43,2.59,355.8,8.32,0.0,100.04,101140.0,100040.0
2025-02-03,101.21,54.08,24.27,31.18,20.04,1.07,-1.77,2.69,329.0,9.82,0.0,100.11,101210.0,100110.0
2025-02-04,101.27,57.64,23.48,31.61,17.79,0.83,-2.66,3.19,342.8,9.74,0.0,100.18,101270.0,100180.0
2025-02-05,101.14,46.89,23.93,34.22,16.34,-0.34,-2.68,3.45,7.2,8.0,0.0,100.04,101140.0,100040.0
2025-02-06,101.02,48.34,25.5,36.12,17.61,-1.48,-0.62,2.88,67.2,9.07,0.0,99.93,101020.0,99930.0
2025-02-07,101.15,49.26,26.73,36.63,20.07,-1.83,-0.04,3.51,88.9,9.99,0.0,100.06,101150.0,100060.0
2025-02-08,101.16,47.38,27.08,36.41,20.27,-0.93,-1.05,2.7,41.5,9.8,0.0,100.07,101160.0,100070.0
2025-02-09,101.11,46.35,27.21,35.87,21.05,-0.63,-1.51,2.82,22.7,9.76,0.0,100.02,101110.0,100020.0
2025-02-10,101.25,42.53,26.69,35.31,20.8,-0.19,-2.54,3.3,4.3,8.73,0.0,100.15,101250.0,100150.0
2025-02-11,101.32,40.72,25.99,35.3,19.28,-0.15,-1.88,3.19,4.5,7.95,0.0,100.22,101320.0,100220.0
2025-02-12,101.32,37.42,25.88,36.36,18.15,-0.46,-2.69,3.33,9.8,6.92,0.0,100.23,101320.0,100230.0
2025-02-13,101.23,32.54,26.87,38.41,18.19,-1.62,-2.01,3.57,38.9,6.38,0.0,100.15,101230.0,100150.0
2025-02-14,101.21,32.27,27.32,37.95,19.66,-1.47,-1.82,4.0,38.9,6.68,0.0,100.12,101210.0,100120.0
2025-02-15,101.12,30.96,27.51,37.98,19.62,-1.14,-2.17,3.89,27.9,6.36,0.0,100.03,101120.0,100030.0
2025-02-16,101.18,33.64,27.19,37.48,19.65,-0.35,-2.3,3.64,8.7,6.74,0.01,100.08,101180.0,100080.0
2025-02-17,101.25,40.96,27.19,37.68,19.26,-0.32,-2.4,3.35,7.6,8.11,0.17,100.16,101250.0,100160.0
2025-02-18,101.22,38.47,27.59,37.67,19.91,-0.34,-2.43,3.39,7.9,7.92,0.08,100.13,101220.0,100130.0
2025-02-19,101.1,40.6,27.36,37.08,20.23,-0.09,-2.33,3.47,2.1,8.34,0.0,100.01,101100.0,100010.0
2025-02-20,101.15,35.31,28.16,38.08,19.88,-1.23,-3.05,3.96,22.0,7.42,0.01,100.06,101150.0,100060.0
2025-02-21,101.27,29.24,28.94,39.12,21.02,-1.78,-2.15,4.34,39.7,6.67,0.0,100.17,101270.0,100170.0
2025-02-22,101.3,29.68,29.28,39.52,22.16,-1.27,-1.93,4.0,33.3,6.9,0.0,100.21,101300.0,100210.0
2025-02-23,101.31,28.85,29.1,39.15,21.56,-0.99,-1.9,3.84,27.5,6.62,0.0,100.22,101310.0,100220.0
2025-02-24,101.34,26.56,29.17,38.97,21.54,-1.72,-1.32,3.8,52.4,6.12,0.0,100.25,101340.0,100250.0
2025-02-25,101.39,28.68,29.47,39.22,22.43,-1.76,-0.62,3.59,70.7,6.61,0.0,100.3,101390.0,100300.0
2025-02-26,101.38,32.05,29.86,39.66,21.84,-2.04,-0.44,3.06,77.9,7.73,0.0,100.29,101380.0,100290.0
2025-02-27,101.24,32.37,29.84,39.58,22.61,-1.24,-0.02,3.47,89.1,7.78,0.0,100.15,101240.0,100150.0
2025-02-28,101.13,32.22,29.71,38.55,22.56,-0.07,-2.08,3.09,2.0,7.87,0.0,100.04,101130.0,100040.0
2025-03-01,101.08,35.58,29.61,38.77,22.81,0.15,-1.75,3.22,355.2,8.58,0.01,99.99,101080.0,99990.0
2025-03-02,101.01,34.91,29.43,39.28,22.39,0.19,-2.93,3.75,356.3,8.0,0.0,99.92,101010.0,99920.0
2025-03-03,101.05,31.6,29.92,39.98,21.82,-0.47,-3.51,4.4,7.6,7.52,0.49,99.96,101050.0,99960.0
2025-03-04,101.11,27.22,29.9,39.1,22.69,-0.95,-4.2,4.99,12.8,6.73,0.0,100.03,101110.0,100030.0
2025-03-05,101.08,18.57,29.34,40.43,20.12,-2.22,-2.48,4.05,41.9,4.25,0.0,99.99,101080.0,99990.0
2025-03-06,101.15,17.61,28.67,39.96,19.72,-1.38,-2.05,4.34,34.0,3.82,0.0,100.06,101150.0,100060.0
2025-03-07,101.0,21.5,29.04,40.09,20.16,-1.04,-2.28,3.85,24.5,4.88,0.0,99.91,101000.0,99910.0
2025-03-08,100.85,31.87,29.14,39.38,21.28,0.2,-1.78,3.26,353.7,7.18,0.0,99.76,100850.0,99760.0
2025-03-09,100.84,39.44,30.18,41.58,21.1,-0.55,-1.78,3.17,17.2,8.68,0.0,99.75,100840.0,99750.0
2025-03-10,101.01,29.08,31.55,42.01,23.17,-2.25,-0.33,3.38,81.8,7.8,0.0,99.93,101010.0,99930.0
2025-03-11,101.11,35.49,31.97,41.18,25.24,-1.35,0.18,3.24,97.5,9.64,0.0,100.03,101110.0,100030.0
2025-03-12,100.99,40.79,31.63,41.14,24.93,0.17,-0.67,2.58,345.8,10.53,0.04,99.91,100990.0,99910.0
2025-03-13,100.89,41.68,31.33,40.62,24.27,0.81,-1.69,2.95,334.3,10.48,0.07,99.81,100890.0,99810.0
2025-03-14,100.96,45.59,30.55,39.68,23.33,0.81,-2.1,3.11,338.9,10.74,0.04,99.87,100960.0,99870.0
2025-03-15,100.99,45.16,30.33,39.9,22.3,0.9,-2.42,3.19,339.5,10.7,0.02,99.91,100990.0,99910.0
2025-03-16,101.06,45.97,30.04,38.98,23.75,1.11,-2.93,3.49,339.2,10.9,0.0,99.98,101060.0,99980.0
2025-03-17,101.05,42.97,29.52,37.91,22.97,0.78,-3.39,3.76,347.0,9.82,0.61,99.96,101050.0,99960.0
2025-03-18,101.02,43.21,29.41,38.65,22.76,1.45,-1.25,2.74,310.8,9.95,0.02,99.94,101020.0,99940.0
2025-03-19,101.1,48.4,28.73,38.14,21.66,1.28,-1.07,2.61,309.9,10.46,0.0,100.02,101100.0,100020.0
2025-03-20,101.27,40.1,29.23,38.09,21.72,1.13,-3.35,3.98,341.4,8.81,0.0,100.18,101270.0,100180.0
2025-03-21,101.35,48.31,27.68,35.82,22.39,1.73,-2.08,3.25,320.3,10.23,0.0,100.25,101350.0,100250.0
2025-03-22,101.21,44.3,28.84,37.96,21.2,1.32,-1.92,2.81,325.4,9.85,0.11,100.12,101210.0,100120.0
2025-03-23,101.17,43.43,30.07,40.43,21.55,0.66,-0.25,2.45,290.6,9.75,0.26,100.08,101170.0,100080.0
2025-03-24,101.13,46.84,30.72,40.94,23.14,0.8,-1.49,2.38,331.9,11.09,0.1,100.05,101130.0,100050.0
2025-03-25,100.86,39.7,30.67,40.96,23.14,0.58,-1.5,2.96,338.9,9.56,0.48,99.78,100860.0,99780.0
2025-03-26,100.82,51.77,29.33,37.54,24.35,2.39,-0.98,2.76,292.2,12.37,0.07,99.73,100820.0,99730.0
2025-03-27,100.92,52.73,28.63,35.68,23.16,2.1,-2.36,3.23,318.4,12.03,0.0,99.84,100920.0,99840.0
2025-03-28,100.8,46.97,29.84,38.99,22.34,1.4,-2.32,3.04,328.9,11.1,0.0,99.72,100800.0,99720.0
2025-03-29,100.63,23.77,31.78,42.15,23.48,0.17,-1.82,3.39,354.8,6.43,0.0,99.56,100630.0,99560.0
2025-03-30,100.69,28.11,32.06,41.63,25.52,0.37,-0.85,2.61,336.5,7.89,0.22,99.62,100690.0,99620.0
2025-03-31,100.72,40.92,32.49,42.04,25.83,1.1,-0.85,2.11,307.7,11.03,0.33,99.65,100720.0,99650.0
2025-04-01,100.66,37.36,32.48,39.46,26.4,0.16,-0.51,2.38,342.8,10.8,0.1,99.58,100660.0,99580.0
2025-04-02,100.72,39.44,33.0,41.21,27.47,0.12,1.17,3.12,185.9,11.62,0.16,99.64,100720.0,99640.0
2025-04-03,101.04,57.68,30.55,37.28,25.58,1.59,0.49,2.42,253.0,14.83,1.56,99.95,101040.0,99950.0
2025-04-04,101.13,53.09,30.67,38.2,25.62,1.33,-1.64,2.65,321.0,13.72,1.18,100.04,101130.0,100040.0
2025-04-05,100.93,39.45,31.68,41.06,23.56,0.26,-2.37,3.51,353.8,9.99,2.1,99.85,100930.0,99850.0
2025-04-06,100.81,42.12,32.01,42.44,23.78,0.67,-2.09,3.32,342.3,10.63,0.47,99.74,100810.0,99740.0
2025-04-07,100.8,40.05,32.6,42.92,24.21,0.46,-2.19,3.42,348.2,10.21,0.01,99.72,100800.0,99720.0
2025-04-08,100.85,30.76,33.21,43.49,25.56,0.57,-2.26,3.37,345.8,8.58,0.0,99.78,100850.0,99780.0
2025-04-09,100.77,41.76,32.71,43.19,25.45,1.2,-1.41,3.14,319.7,11.15,0.02,99.7,100770.0,99700.0
2025-04-10,100.66,57.75,31.19,40.21,24.65,2.19,0.42,3.03,259.2,14.82,0.04,99.59,100660.0,99590.0
2025-04-11,100.68,56.84,30.25,37.77,24.42,2.27,0.94,2.94,247.5,14.08,0.01,99.6,100680.0,99600.0
2025-04-12,100.84,57.67,29.91,38.32,23.62,2.21,0.27,2.8,263.1,13.74,0.0,99.76,100840.0,99760.0
2025-04-13,100.93,52.92,31.21,40.77,23.1,1.57,-2.22,3.44,324.8,13.14,0.0,99.85,100930.0,99850.0
2025-04-14,100.87,47.64,31.71,41.35,23.79,1.49,-3.41,4.35,336.3,11.86,0.0,99.79,100870.0,99790.0
2025-04-15,100.8,51.84,31.08,40.7,23.29,1.79,-2.55,3.66,325.0,12.62,0.0,99.72,100800.0,99720.0
2025-04-16,100.8,60.95,30.8,39.8,24.83,2.5,-1.27,3.09,297.0,15.66,0.0,99.73,100800.0,99730.0
2025-04-17,100.75,58.98,30.89,39.78,25.38,2.45,-1.18,2.74,295.6,15.22,0.0,99.68,100750.0,99680.0
2025-04-18,100.69,58.49,31.07,39.23,25.33,2.62,-0.57,2.73,282.2,15.42,0.0,99.62,100690.0,99620.0
2025-04-19,100.74,56.71,31.3,39.54,25.3,2.48,-0.77,3.12,287.3,14.67,0.0,99.66,100740.0,99660.0
2025-04-20,100.77,53.89,31.14,39.86,24.2,1.76,-1.67,3.15,313.5,13.6,0.0,99.69,100770.0,99690.0
2025-04-21,100.92,56.84,31.38,40.27,24.92,1.84,-1.94,3.06,316.6,14.6,0.07,99.85,100920.0,99850.0
2025-04-22,100.93,50.28,32.04,41.03,24.15,1.37,-2.25,3.25,328.6,13.18,0.03,99.86,100930.0,99860.0
2025-04-23,100.78,49.17,32.48,41.66,26.02,2.1,-0.73,2.46,289.2,13.33,0.22,99.72,100780.0,99720.0
2025-04-24,100.7,49.69,32.0,40.58,25.66,2.0,-0.12,2.34,273.3,13.28,0.03,99.63,100700.0,99630.0
2025-04-25,100.75,46.44,31.43,39.11,25.71,2.14,-0.58,2.46,285.1,12.27,0.0,99.68,100750.0,99680.0
2025-04-26,100.74,48.24,31.63,40.44,25.38,1.88,-1.02,2.33,298.6,12.59,0.01,99.67,100740.0,99670.0
2025-04-27,100.76,50.96,32.0,41.28,24.4,1.67,-1.81,3.01,317.4,13.26,0.0,99.69,100760.0,99690.0
2025-04-28,100.65,52.29,32.22,41.26,25.24,1.99,-0.72,2.78,289.8,14.01,0.03,99.58,100650.0,99580.0
2025-04-29,100.64,54.1,31.48,39.58,25.09,2.27,0.01,2.67,269.7,14.44,0.02,99.57,100640.0,99570.0
2025-04-30,100.72,54.02,31.56,39.15,24.9,1.87,-1.12,2.85,300.9,14.31,0.08,99.64,100720.0,99640.0
2025-05-01,100.76,54.24,32.02,41.48,24.51,1.77,-2.32,3.46,322.6,14.08,0.04,99.68,100760.0,99680.0
2025-05-02,100.78,53.25,32.26,41.29,24.76,1.8,-2.37,3.4,322.8,14.08,0.01,99.7,100780.0,99700.0
2025-05-03,100.78,53.47,31.55,39.9,25.85,2.54,0.12,2.87,267.4,13.88,0.03,99.7,100780.0,99700.0
2025-05-04,100.73,59.54,29.54,35.18,24.79,2.62,0.71,2.93,254.8,14.61,0.02,99.65,100730.0,99650.0
2025-05-05,100.72,61.88,30.58,37.49,25.7,2.3,-0.06,2.62,271.6,15.92,0.04,99.65,100720.0,99650.0
2025-05-06,100.84,61.27,29.53,34.55,26.06,2.15,0.81,2.41,249.4,15.21,1.96,99.75,100840.0,99750.0
2025-05-07,100.77,69.58,28.52,32.79,25.85,2.61,2.32,3.66,228.3,16.75,11.4,99.68,100770.0,99680.0
2025-05-08,100.75,78.09,27.9,30.9,25.82,2.28,2.64,3.56,220.8,18.31,16.0,99.66,100750.0,99660.0
2025-05-09,100.81,75.34,28.68,33.41,25.08,1.73,2.95,3.56,210.4,18.24,9.76,99.72,100810.0,99720.0
2025-05-10,100.81,68.94,29.46,35.77,24.97,1.46,1.65,2.79,221.5,17.0,3.14,99.72,100810.0,99720.0
2025-05-11,100.74,63.86,30.0,36.86,25.28,1.87,1.12,2.62,239.2,16.19,2.27,99.66,100740.0,99660.0
2025-05-12,100.65,64.26,30.54,36.47,26.4,1.87,0.73,2.48,248.5,17.06,1.69,99.57,100650.0,99570.0
2025-05-13,100.65,65.33,30.67,35.67,27.16,1.98,-0.07,2.04,271.9,17.75,8.18,99.57,100650.0,99570.0
2025-05-14,100.69,65.6,30.94,37.52,27.06,1.9,-0.15,2.08,274.6,17.81,5.56,99.6,100690.0,99600.0
2025-05-15,100.71,69.38,30.49,35.52,26.87,1.91,-0.47,2.05,283.9,18.65,3.36,99.62,100710.0,99620.0
2025-05-16,100.69,72.07,30.02,34.46,27.12,2.32,0.81,2.54,250.7,19.02,2.52,99.61,100690.0,99610.0
2025-05-17,100.66,72.55,29.98,34.78,26.73,2.51,0.68,2.7,254.8,19.0,4.57,99.58,100660.0,99580.0
2025-05-18,100.54,72.92,30.03,33.99,27.0,2.29,-0.17,2.4,274.2,19.24,3.56,99.47,100540.0,99470.0
2025-05-19,100.46,80.02,28.93,32.7,26.94,2.05,-1.12,2.65,298.7,20.04,9.43,99.38,100460.0,99380.0
2025-05-20,100.37,81.77,29.61,33.3,26.9,1.53,-1.67,2.31,317.5,21.29,28.04,99.3,100370.0,99300.0
2025-05-21,100.38,83.04,29.1,32.38,27.09,0.3,-1.67,2.14,349.8,21.01,11.29,99.3,100380.0,99300.0
2025-05-22,100.3,83.3,28.57,31.34,26.87,0.87,0.61,1.66,235.2,20.5,16.94,99.23,100300.0,99230.0
2025-05-23,100.03,77.21,29.62,34.21,26.33,-0.25,-0.85,2.25,16.4,19.92,5.02,98.96,100030.0,98960.0
2025-05-24,100.04,84.38,28.48,30.68,26.7,1.46,-1.41,2.37,314.0,20.79,31.52,98.96,100040.0,98960.0
2025-05-25,100.23,86.53,27.79,29.85,26.57,3.8,-2.21,4.43,300.2,20.44,68.55,99.15,100230.0,99150.0
2025-05-26,100.26,86.8,28.04,30.87,26.15,4.78,-2.44,5.49,297.1,20.81,100.34,99.18,100260.0,99180.0
2025-05-27,100.23,89.56,27.43,29.0,26.37,3.69,-0.21,3.84,273.2,20.78,33.64,99.15,100230.0,99150.0
2025-05-28,100.24,88.13,28.25,30.74,26.46,3.76,1.0,3.98,255.1,21.41,13.21,99.16,100240.0,99160.0
2025-05-29,100.09,88.6,28.33,30.43,26.9,3.91,1.21,4.2,252.8,21.68,10.94,99.02,100090.0,99020.0
2025-05-30,100.17,82.54,28.86,31.93,26.71,4.22,1.76,4.71,247.4,20.68,1.1,99.09,100170.0,99090.0
2025-05-31,100.54,81.77,28.78,32.12,26.65,3.71,2.87,4.74,232.3,20.29,2.77,99.46,100540.0,99460.0
2025-06-01,100.57,82.82,28.89,32.34,26.45,3.46,3.57,4.98,224.1,20.69,7.89,99.49,100570.0,99490.0
2025-06-02,100.48,84.43,28.41,31.32,26.35,3.77,3.28,5.08,229.0,20.59,5.06,99.4,100480.0,99400.0
2025-06-03,100.55,84.52,28.28,31.48,25.65,3.22,3.65,4.94,221.4,20.42,11.28,99.46,100550.0,99460.0
2025-06-04,100.67,83.16,27.98,31.12,25.65,2.75,1.98,3.62,234.3,19.68,6.15,99.58,100670.0,99580.0
2025-06-05,100.88,81.56,28.16,31.91,25.16,2.22,0.09,2.43,267.6,19.39,3.75,99.79,100880.0,99790.0
2025-06-06,100.93,82.59,28.17,31.72,25.68,2.3,-0.49,2.44,281.9,19.68,11.87,99.85,100930.0,99850.0
2025-06-07,100.93,84.61,27.69,31.37,25.61,2.27,-0.38,2.36,279.4,19.64,15.46,99.85,100930.0,99850.0
2025-06-08,100.87,81.89,28.34,32.4,25.27,2.44,-0.64,2.55,284.7,19.69,0.57,99.78,100870.0,99780.0
2025-06-09,100.76,81.76,28.45,31.87,25.97,3.46,-1.31,3.73,290.7,19.86,0.19,99.68,100760.0,99680.0
2025-06-10,100.54,79.95,28.51,32.56,25.11,3.16,-1.18,3.46,290.5,19.45,0.41,99.47,100540.0,99470.0
2025-06-11,100.39,83.45,28.52,31.56,26.1,3.1,-1.67,3.65,298.3,20.44,2.94,99.32,100390.0,99320.0
2025-06-12,100.25,89.0,28.35,30.47,26.99,3.96,-1.92,4.44,295.9,21.76,14.24,99.18,100250.0,99180.0
2025-06-13,100.16,89.31,27.81,29.5,26.44,2.48,-3.14,4.14,321.7,21.19,25.31,99.09,100160.0,99090.0
2025-06-14,100.0,89.91,28.28,30.75,26.5,1.75,-1.84,2.74,316.4,21.96,25.92,98.93,100000.0,98930.0
2025-06-15,99.62,93.16,27.63,29.01,26.59,-0.55,3.38,3.72,170.8,22.05,47.35,98.56,99620.0,98560.0
2025-06-16,99.87,91.02,27.37,29.03,26.62,6.55,2.13,7.12,252.0,21.14,93.66,98.79,99870.0,98790.0
2025-06-17,100.15,86.35,28.04,30.13,26.59,5.69,5.31,7.82,227.0,20.75,23.92,99.07,100150.0,99070.0
2025-06-18,100.24,88.7,27.91,29.7,26.47,5.98,3.57,7.05,239.1,21.16,88.05,99.16,100240.0,99160.0
2025-06-19,100.33,90.74,27.38,28.84,26.47,6.17,2.6,6.72,247.2,21.0,55.21,99.25,100330.0,99250.0
2025-06-20,100.46,88.72,27.75,29.89,26.12,5.8,3.28,6.68,240.5,20.93,16.29,99.37,100460.0,99370.0
2025-06-21,100.53,88.63,27.61,29.91,26.21,5.32,3.21,6.24,238.9,20.7,11.84,99.44,100530.0,99440.0
2025-06-22,100.43,88.28,27.48,29.61,25.88,5.29,3.57,6.43,236.0,20.49,13.85,99.35,100430.0,99350.0
2025-06-23,100.29,88.5,27.38,29.48,25.95,6.11,3.79,7.24,238.2,20.46,29.96,99.21,100290.0,99210.0
2025-06-24,100.17,89.75,27.29,29.23,25.89,5.58,3.44,6.63,238.3,20.67,22.52,99.09,100170.0,99090.0
2025-06-25,100.13,88.88,27.45,29.54,26.12,5.51,3.95,6.8,234.3,20.66,10.67,99.05,100130.0,99050.0
2025-06-26,100.19,89.04,27.23,29.2,25.93,5.3,3.76,6.57,234.7,20.41,16.88,99.11,100190.0,99110.0
2025-06-27,100.25,89.33,27.11,28.94,25.95,5.02,4.7,6.92,226.9,20.34,20.06,99.17,100250.0,99170.0
2025-06-28,100.38,87.28,27.06,29.28,25.32,5.27,5.16,7.45,225.6,19.77,12.15,99.29,100380.0,99290.0
2025-06-29,100.41,90.34,26.75,28.26,25.66,5.19,3.81,6.47,233.7,20.12,12.81,99.32,100410.0,99320.0
2025-06-30,100.38,89.31,27.05,28.78,25.82,5.93,3.29,6.82,241.0,20.24,16.89,99.29,100380.0,99290.0
2025-07-01,100.41,90.0,26.73,28.46,25.41,5.39,2.89,6.17,241.8,20.02,21.23,99.32,100410.0,99320.0
2025-07-02,100.3,91.28,26.55,27.87,25.51,4.87,2.44,5.47,243.4,20.11,32.22,99.22,100300.0,99220.0
2025-07-03,100.33,89.93,26.79,28.5,25.65,5.75,3.98,7.05,235.3,20.08,36.59,99.24,100330.0,99240.0
2025-07-04,100.43,89.85,26.84,28.69,25.63,5.97,4.42,7.45,233.5,20.11,27.31,99.34,100430.0,99340.0
2025-07-05,100.42,91.31,26.61,28.16,25.61,5.68,3.68,6.78,237.0,20.17,42.63,99.34,100420.0,99340.0
2025-07-06,100.35,90.09,26.55,28.28,25.25,5.89,3.67,6.96,238.1,19.83,30.2,99.27,100350.0,99270.0
2025-07-07,100.41,89.8,26.54,28.12,25.42,5.07,3.24,6.04,237.4,19.74,14.49,99.33,100410.0,99330.0
2025-07-08,100.48,90.65,26.49,28.17,25.13,4.47,3.34,5.59,233.3,19.86,8.2,99.39,100480.0,99390.0
2025-07-09,100.5,90.84,26.44,28.1,25.13,4.21,2.9,5.13,235.5,19.84,16.02,99.42,100500.0,99420.0
2025-07-10,100.49,90.55,26.73,28.95,24.96,3.77,2.45,4.52,237.0,20.11,9.58,99.4,100490.0,99400.0
2025-07-11,100.52,90.09,26.77,29.06,25.13,3.82,1.66,4.19,246.5,20.03,12.23,99.43,100520.0,99430.0
2025-07-12,100.57,89.88,26.73,29.14,25.0,4.22,1.48,4.49,250.6,19.92,11.73,99.48,100570.0,99480.0
2025-07-13,100.51,89.74,26.8,29.26,24.93,4.57,1.79,4.95,248.7,19.98,11.93,99.43,100510.0,99430.0
2025-07-14,100.39,90.52,26.91,28.9,25.26,5.29,2.99,6.1,240.6,20.33,31.44,99.3,100390.0,99300.0
2025-07-15,100.34,90.66,26.94,29.09,25.5,4.88,1.49,5.14,253.0,20.41,39.11,99.25,100340.0,99250.0
2025-07-16,100.37,90.72,26.83,29.29,25.25,3.99,0.45,4.05,263.5,20.28,9.19,99.29,100370.0,99290.0
2025-07-17,100.45,89.74,26.68,29.23,24.84,3.4,0.31,3.45,264.8,19.85,2.21,99.37,100450.0,99370.0
2025-07-18,100.49,88.48,26.79,29.53,24.67,3.52,0.58,3.65,260.6,19.65,2.04,99.4,100490.0,99400.0
2025-07-19,100.26,89.53,26.78,29.49,24.74,3.54,1.45,3.88,247.8,19.93,6.0,99.18,100260.0,99180.0
2025-07-20,100.16,88.76,27.09,29.86,24.84,3.44,1.9,3.97,241.1,20.16,22.0,99.08,100160.0,99080.0
2025-07-21,100.32,90.87,26.9,29.16,25.24,3.76,1.63,4.23,246.6,20.4,47.27,99.24,100320.0,99240.0
2025-07-22,100.39,90.66,26.74,28.7,25.18,4.27,0.7,4.37,260.7,20.17,35.44,99.31,100390.0,99310.0
2025-07-23,100.26,91.73,26.48,28.1,25.23,4.68,1.68,5.03,250.3,20.14,53.02,99.18,100260.0,99180.0
2025-07-24,100.1,91.19,26.71,28.59,25.42,4.84,2.7,5.59,240.9,20.32,41.4,99.02,100100.0,99020.0
2025-07-25,100.1,91.9,26.5,28.12,25.24,5.66,1.78,6.0,252.5,20.23,57.88,99.02,100100.0,99020.0
2025-07-26,100.21,92.51,26.1,27.36,25.3,6.22,2.4,6.68,248.9,19.88,54.89,99.12,100210.0,99120.0
2025-07-27,100.31,90.58,26.1,27.65,25.19,6.7,2.91,7.33,246.5,19.42,27.16,99.22,100310.0,99220.0
2025-07-28,100.43,89.98,26.02,27.77,24.84,6.67,3.3,7.51,243.7,19.18,16.23,99.34,100430.0,99340.0
2025-07-29,100.46,90.45,25.77,27.26,24.78,6.98,2.57,7.48,249.8,18.99,14.29,99.37,100460.0,99370.0
2025-07-30,100.42,91.19,25.87,27.52,24.7,4.76,3.05,5.72,237.3,19.27,9.63,99.33,100420.0,99330.0
2025-07-31,100.52,90.38,26.15,28.37,24.66,4.41,3.54,5.73,231.2,19.38,6.84,99.43,100520.0,99430.0
2025-08-01,100.58,90.25,26.1,28.64,24.25,3.84,2.68,4.75,235.1,19.27,3.94,99.49,100580.0,99490.0
2025-08-02,100.61,90.73,25.9,28.31,23.97,3.29,1.67,3.78,243.0,19.13,6.59,99.53,100610.0,99530.0
2025-08-03,100.69,89.67,26.26,29.35,23.95,2.79,1.8,3.4,237.2,19.27,4.35,99.6,100690.0,99600.0
2025-08-04,100.79,89.53,26.3,29.12,24.17,3.13,0.34,3.18,263.9,19.28,1.83,99.71,100790.0,99710.0
2025-08-05,100.75,89.21,26.35,29.56,24.32,2.71,0.01,2.74,269.8,19.26,3.74,99.66,100750.0,99660.0
2025-08-06,100.7,88.0,26.58,29.75,24.01,2.25,-0.85,2.42,290.6,19.26,4.55,99.61,100700.0,99610.0
2025-08-07,100.67,88.8,26.54,28.98,24.91,2.29,-1.0,2.54,293.6,19.42,4.13,99.58,100670.0,99580.0
2025-08-08,100.74,88.25,26.47,29.29,24.45,2.0,-0.56,2.11,285.6,19.19,3.4,99.66,100740.0,99660.0
2025-08-09,100.91,87.62,26.35,29.02,24.43,2.2,0.31,2.29,261.9,18.88,9.14,99.82,100910.0,99820.0
2025-08-10,100.82,87.57,26.23,29.3,24.14,1.93,0.81,2.17,247.2,18.74,11.53,99.73,100820.0,99730.0
2025-08-11,100.82,89.3,26.28,28.65,24.27,2.93,0.71,3.09,256.4,19.21,13.59,99.73,100820.0,99730.0
2025-08-12,100.69,88.8,26.26,29.14,24.23,2.6,0.94,2.82,250.2,19.07,5.51,99.6,100690.0,99600.0
2025-08-13,100.47,90.4,26.16,28.81,24.39,2.85,0.66,3.02,257.0,19.37,26.15,99.39,100470.0,99390.0
2025-08-14,100.44,90.64,26.1,28.21,24.48,3.14,1.66,3.59,242.1,19.38,20.51,99.35,100440.0,99350.0
2025-08-15,100.38,92.22,25.72,27.8,24.3,3.03,0.44,3.1,261.7,19.31,53.06,99.3,100380.0,99300.0
2025-08-16,100.24,92.74,25.75,27.82,24.39,3.66,0.94,3.79,255.5,19.48,69.3,99.16,100240.0,99160.0
2025-08-17,100.12,93.43,26.08,27.94,24.73,4.09,2.3,4.75,240.7,20.07,60.78,99.04,100120.0,99040.0
2025-08-18,100.32,93.61,25.64,26.63,24.88,5.64,4.01,7.01,234.6,19.56,96.42,99.23,100320.0,99230.0
2025-08-19,100.29,93.58,25.59,26.88,24.68,6.43,3.19,7.22,243.6,19.5,142.85,99.21,100290.0,99210.0
2025-08-20,100.36,92.0,25.55,26.93,24.52,5.91,4.78,7.65,231.1,19.1,69.09,99.28,100360.0,99280.0
2025-08-21,100.7,90.71,25.99,27.95,24.62,4.79,4.08,6.35,229.5,19.25,10.82,99.61,100700.0,99610.0
2025-08-22,100.75,89.86,25.99,28.19,24.43,4.92,3.04,5.83,238.3,19.04,8.08,99.67,100750.0,99670.0
2025-08-23,100.71,89.15,25.82,27.89,24.48,5.44,3.04,6.25,240.8,18.7,9.05,99.62,100710.0,99620.0
2025-08-24,100.76,88.07,25.88,28.39,24.26,5.08,3.66,6.3,234.3,18.52,11.13,99.67,100760.0,99670.0
2025-08-25,100.69,90.68,25.55,27.31,24.39,4.83,2.95,5.72,238.6,18.73,26.8,99.6,100690.0,99600.0
2025-08-26,100.65,91.85,25.64,27.69,24.27,4.51,1.49,4.79,251.7,19.09,16.08,99.57,100650.0,99570.0
2025-08-27,100.54,92.52,25.81,27.51,24.06,2.75,0.46,2.87,260.5,19.45,19.75,99.46,100540.0,99460.0
2025-08-28,100.44,92.99,25.98,28.45,24.51,3.26,-0.32,3.31,275.7,19.77,15.99,99.36,100440.0,99360.0
2025-08-29,100.42,91.01,26.18,28.73,24.11,2.35,1.07,2.67,245.6,19.55,28.51,99.34,100420.0,99340.0
2025-08-30,100.59,91.58,26.36,29.06,24.5,3.02,1.6,3.52,242.1,19.85,7.57,99.5,100590.0,99500.0
2025-08-31,100.62,91.56,26.32,28.99,24.49,3.67,1.85,4.21,243.3,19.8,12.1,99.53,100620.0,99530.0
2025-09-01,100.47,91.3,25.99,28.28,24.38,4.93,1.57,5.23,252.3,19.4,15.63,99.38,100470.0,99380.0
2025-09-02,100.44,91.22,25.98,28.31,24.43,4.39,0.29,4.44,266.2,19.38,8.79,99.36,100440.0,99360.0
2025-09-03,100.47,91.28,25.93,28.26,24.37,3.95,-0.13,3.97,271.9,19.32,8.17,99.38,100470.0,99380.0
2025-09-04,100.51,92.12,25.41,27.26,24.01,3.77,0.06,3.8,269.1,18.9,6.64,99.43,100510.0,99430.0
2025-09-05,100.57,91.07,26.01,28.29,24.55,4.49,0.82,4.63,259.6,19.37,35.41,99.48,100570.0,99480.0
2025-09-06,100.68,94.42,25.41,26.52,24.52,3.52,2.84,4.6,231.1,19.37,36.34,99.59,100680.0,99590.0
2025-09-07,100.72,91.84,25.82,28.26,24.16,3.55,2.79,4.65,231.8,19.27,19.23,99.63,100720.0,99630.0
2025-09-08,100.76,91.16,25.53,28.3,23.48,2.61,2.22,3.64,229.7,18.77,2.1,99.67,100760.0,99670.0
2025-09-09,100.92,89.19,25.47,29.0,22.41,1.67,1.15,2.54,235.5,18.23,0.12,99.82,100920.0,99820.0
2025-09-10,100.96,85.35,25.86,29.61,23.56,1.69,-0.37,1.87,282.4,17.83,0.11,99.87,100960.0,99870.0
2025-09-11,100.93,86.37,25.94,29.35,23.13,1.92,-1.2,2.32,302.1,18.12,0.55,99.83,100930.0,99830.0
2025-09-12,100.94,87.53,26.0,29.24,23.48,1.56,-1.89,2.46,320.5,18.43,2.93,99.84,100940.0,99840.0
2025-09-13,100.88,89.92,25.73,28.36,23.59,1.16,-2.13,2.53,331.3,18.69,25.49,99.79,100880.0,99790.0
2025-09-14,100.82,89.78,26.25,29.63,24.14,1.69,-2.43,3.07,325.2,19.24,38.53,99.74,100820.0,99740.0
2025-09-15,100.75,93.73,25.76,27.22,24.5,3.08,-2.4,3.91,307.9,19.62,74.47,99.67,100750.0,99670.0
2025-09-16,100.76,92.09,25.87,28.5,24.14,2.18,-0.09,2.25,272.5,19.37,8.89,99.67,100760.0,99670.0
2025-09-17,100.75,90.22,26.42,29.51,24.27,1.87,0.28,1.99,261.5,19.57,5.23,99.66,100750.0,99660.0
2025-09-18,100.72,90.55,26.38,29.04,24.46,2.42,-0.9,2.61,290.5,19.61,18.85,99.64,100720.0,99640.0
2025-09-19,100.83,92.44,25.79,27.8,24.4,2.05,-0.26,2.1,277.3,19.34,28.86,99.75,100830.0,99750.0
2025-09-20,100.86,91.87,25.63,27.71,23.78,2.15,0.22,2.31,264.1,19.03,13.53,99.77,100860.0,99770.0
2025-09-21,100.79,90.97,26.25,29.17,24.36,2.37,-0.43,2.53,280.2,19.55,10.63,99.7,100790.0,99700.0
2025-09-22,100.86,92.6,25.68,27.79,24.4,3.03,-0.68,3.14,282.6,19.25,14.17,99.78,100860.0,99780.0
2025-09-23,100.94,90.45,25.42,28.01,23.48,2.6,-0.06,2.62,271.3,18.46,18.28,99.85,100940.0,99850.0
2025-09-24,100.79,88.25,25.82,29.27,23.29,2.49,0.03,2.53,269.3,18.44,2.38,99.69,100790.0,99690.0
2025-09-25,100.73,86.35,25.92,28.92,23.93,1.92,0.47,2.08,256.4,18.17,1.78,99.63,100730.0,99630.0
2025-09-26,100.73,87.31,26.08,28.94,23.86,1.88,-0.96,2.23,297.1,18.54,5.59,99.64,100730.0,99640.0
2025-09-27,100.67,92.34,26.1,28.41,24.36,3.6,-0.92,3.93,284.4,19.74,44.94,99.58,100670.0,99580.0
2025-09-28,100.38,94.43,25.37,26.19,24.46,6.31,0.07,6.66,269.4,19.4,112.87,99.29,100380.0,99290.0
2025-09-29,100.4,92.72,24.78,26.07,23.52,4.2,5.47,7.03,217.5,18.37,40.49,99.31,100400.0,99310.0
2025-09-30,100.5,90.4,25.33,28.08,23.22,1.69,4.55,5.02,200.3,18.45,8.11,99.42,100500.0,99420.0
2025-10-01,100.47,90.8,25.72,28.37,23.82,1.31,4.46,4.82,196.3,18.97,7.33,99.38,100470.0,99380.0
2025-10-02,100.68,91.12,25.92,28.59,23.98,0.75,4.05,4.22,190.4,19.22,11.05,99.59,100680.0,99590.0
2025-10-03,100.95,89.77,26.17,29.49,23.63,0.94,2.35,2.83,201.8,19.13,2.62,99.86,100950.0,99860.0
2025-10-04,101.09,89.66,25.92,29.24,23.33,1.36,1.4,2.35,224.3,18.79,1.73,99.99,101090.0,99990.0
2025-10-05,101.1,89.41,25.83,29.19,23.51,2.19,1.11,2.5,243.2,18.64,2.62,100.0,101100.0,100000.0
2025-10-06,101.19,88.65,25.44,28.29,23.13,1.99,1.09,2.35,241.1,18.05,2.11,100.09,101190.0,100090.0
2025-10-07,101.17,87.87,25.81,29.31,23.53,1.5,-0.58,2.09,291.1,18.27,4.27,100.07,101170.0,100070.0
2025-10-08,101.14,86.85,25.96,30.72,22.4,0.05,-2.08,2.56,358.6,18.13,1.58,100.04,101140.0,100040.0
2025-10-09,101.16,80.73,25.77,31.29,21.73,-1.05,-1.27,2.7,39.6,16.54,0.22,100.06,101160.0,100060.0
2025-10-10,101.0,78.47,25.57,31.72,20.93,-1.37,-1.01,2.91,53.5,15.92,0.0,99.9,101000.0,99900.0
2025-10-11,100.98,76.56,25.47,31.45,20.68,-1.54,-1.11,3.05,54.0,15.44,0.0,99.89,100980.0,99890.0
2025-10-12,100.94,76.05,25.36,31.25,20.27,-2.51,-0.99,3.32,68.6,15.26,0.01,99.85,100940.0,99850.0
2025-10-13,101.01,73.02,24.91,31.23,19.94,-2.58,-1.49,3.61,60.0,14.27,0.0,99.91,101010.0,99910.0
2025-10-14,100.85,71.03,24.59,31.2,18.7,-2.46,-1.06,3.26,66.8,13.62,0.0,99.76,100850.0,99760.0
2025-10-15,100.73,77.42,25.68,31.95,19.72,-2.05,-1.06,3.0,62.7,16.2,0.77,99.64,100730.0,99640.0
2025-10-16,100.78,82.24,27.56,32.61,23.49,-1.86,-0.36,2.76,79.2,18.9,2.04,99.69,100780.0,99690.0
2025-10-17,100.91,78.6,27.43,32.74,23.53,-3.25,-0.67,3.52,78.3,17.87,0.39,99.82,100910.0,99820.0
2025-10-18,100.89,77.9,27.0,32.58,22.54,-2.11,-0.44,3.06,78.1,17.3,0.32,99.8,100890.0,99800.0
2025-10-19,100.75,77.34,27.04,32.6,22.63,-2.92,-0.25,3.32,85.2,17.22,0.11,99.66,100750.0,99660.0
2025-10-20,100.72,79.17,25.95,30.72,22.55,-3.72,-0.44,3.9,83.3,16.57,0.0,99.64,100720.0,99640.0
2025-10-21,100.81,80.08,26.49,31.82,22.16,-3.25,-0.31,3.44,84.5,17.39,8.65,99.72,100810.0,99720.0
2025-10-22,100.84,81.0,27.43,32.63,23.14,-2.64,-0.71,3.08,75.0,18.49,1.13,99.75,100840.0,99750.0
2025-10-23,100.73,81.19,27.39,32.39,23.23,-3.86,-0.22,3.97,86.7,18.53,6.1,99.64,100730.0,99640.0
2025-10-24,100.69,83.16,27.37,31.88,24.03,-3.18,0.65,3.37,101.5,19.02,2.54,99.61,100690.0,99610.0
2025-10-25,100.68,87.82,26.22,29.79,23.84,-1.76,1.81,3.02,135.7,18.81,11.79,99.59,100680.0,99590.0
2025-10-26,100.66,87.45,26.36,30.58,23.58,-2.13,2.67,3.8,141.4,18.89,30.15,99.57,100660.0,99570.0
2025-10-27,100.63,89.08,26.17,29.51,23.62,-2.02,2.81,3.91,144.2,19.08,12.9,99.54,100630.0,99540.0
2025-10-28,100.63,85.59,26.73,30.56,23.96,-1.52,3.27,3.77,155.0,18.8,5.44,99.54,100630.0,99540.0
2025-10-29,100.57,89.67,26.18,29.63,23.94,-0.55,2.05,2.81,164.9,19.24,8.72,99.48,100570.0,99480.0
2025-10-30,100.7,89.54,26.13,28.74,24.2,0.89,4.17,4.39,192.1,19.1,13.02,99.61,100700.0,99610.0
2025-10-31,100.89,88.87,25.75,28.82,23.88,-0.56,4.76,4.96,173.2,18.5,7.9,99.8,100890.0,99800.0
2025-11-01,101.05,89.49,25.87,29.28,23.49,0.51,3.39,4.02,188.5,18.76,7.08,99.96,101050.0,99960.0
2025-11-02,101.23,90.26,25.89,29.25,23.62,1.33,2.95,3.37,204.2,18.87,9.04,100.14,101230.0,100140.0
2025-11-03,101.21,88.94,25.78,29.14,23.54,1.95,1.37,2.56,234.8,18.47,3.49,100.12,101210.0,100120.0
2025-11-04,101.16,85.58,25.66,29.18,23.49,2.35,0.07,2.51,268.4,17.6,0.81,100.06,101160.0,100060.0
2025-11-05,101.12,80.19,24.74,28.56,22.01,0.88,-0.54,1.48,301.8,15.55,0.13,100.02,101120.0,100020.0
2025-11-06,101.15,81.01,24.01,29.02,19.62,-0.37,-1.3,1.98,15.9,14.99,0.02,100.05,101150.0,100050.0
2025-11-07,101.23,74.69,24.35,30.54,19.61,-1.98,-0.54,2.87,74.8,13.95,0.0,100.12,101230.0,100120.0
2025-11-08,101.33,66.3,22.91,30.52,16.67,-2.73,-1.62,3.6,59.2,11.38,0.0,100.22,101330.0,100220.0
2025-11-09,101.27,67.14,22.17,28.61,16.53,-0.64,-1.36,2.54,25.2,10.94,0.0,100.16,101270.0,100160.0
2025-11-10,101.22,64.72,22.58,28.8,16.08,-0.94,0.08,2.1,95.0,10.83,0.0,100.11,101220.0,100110.0
2025-11-11,101.32,66.34,22.51,28.76,16.72,-1.17,-0.96,2.08,50.7,11.05,0.0,100.21,101320.0,100210.0
2025-11-12,101.35,68.08,22.04,29.41,16.11,-3.01,-0.75,3.24,76.0,11.02,0.0,100.25,101350.0,100250.0
2025-11-13,101.4,67.8,21.84,29.45,16.09,-3.46,-0.53,3.71,81.3,10.86,0.0,100.3,101400.0,100300.0
2025-11-14,101.35,67.02,21.52,28.76,16.03,-3.88,-0.08,4.06,88.9,10.48,0.0,100.25,101350.0,100250.0
2025-11-15,101.43,65.68,20.89,28.87,15.02,-3.93,0.41,4.05,95.9,9.73,0.0,100.32,101430.0,100320.0
2025-11-16,101.55,68.1,20.7,28.79,15.08,-4.42,0.17,4.53,92.2,10.07,0.0,100.44,101550.0,100440.0
2025-11-17,101.48,69.02,20.38,28.06,14.89,-3.9,-0.18,4.23,87.3,10.0,0.0,100.38,101480.0,100380.0
2025-11-18,101.31,67.49,19.76,28.0,13.66,-4.02,0.09,4.17,91.3,9.4,0.0,100.22,101310.0,100220.0
2025-11-19,101.28,65.78,20.67,29.22,14.0,-3.28,-0.15,3.75,87.3,9.58,0.0,100.18,101280.0,100180.0
2025-11-20,101.33,67.12,20.9,28.92,14.88,-3.75,0.11,3.94,91.7,10.08,0.0,100.23,101330.0,100230.0
2025-11-21,101.4,69.99,21.91,29.8,15.38,-3.18,0.24,3.79,94.2,11.24,0.0,100.3,101400.0,100300.0
2025-11-22,101.31,75.95,23.81,30.53,18.29,-1.72,0.76,3.29,113.7,13.95,0.0,100.21,101310.0,100210.0
2025-11-23,101.28,67.51,24.85,32.25,19.09,-1.41,-0.16,2.31,83.7,12.9,0.0,100.18,101280.0,100180.0
2025-11-24,101.28,73.13,24.81,31.14,19.86,-1.83,0.13,2.48,94.0,14.14,0.0,100.18,101280.0,100180.0
2025-11-25,101.28,72.28,24.59,30.59,19.29,-2.11,0.64,2.97,106.9,13.79,0.0,100.18,101280.0,100180.0
2025-11-26,101.28,72.07,24.09,30.19,19.11,-2.37,0.55,3.14,103.0,13.29,0.01,100.18,101280.0,100180.0
2025-11-27,101.34,73.31,24.03,30.29,19.0,-2.67,0.44,3.28,99.3,13.48,0.0,100.24,101340.0,100240.0
2025-11-28,101.3,75.06,23.7,29.88,19.34,-2.84,-0.18,3.5,86.3,13.46,0.0,100.19,101300.0,100190.0
2025-11-29,101.18,68.2,22.38,29.17,17.84,-4.01,-0.21,4.1,87.0,11.2,0.0,100.08,101180.0,100080.0
2025-11-30,101.18,67.89,21.3,28.8,15.42,-3.69,-0.13,3.8,88.0,10.56,0.0,100.08,101180.0,100080.0
2025-12-01,101.15,67.25,22.03,30.0,15.85,-2.64,-0.5,3.45,79.3,10.88,0.0,100.05,101150.0,100050.0
2025-12-02,101.15,66.96,22.29,29.38,16.66,-1.96,-0.25,2.75,82.7,11.01,0.0,100.05,101150.0,100050.0
2025-12-03,101.24,72.25,22.51,29.63,16.97,-3.39,0.02,3.64,90.4,12.09,0.0,100.14,101240.0,100140.0
2025-12-04,101.35,71.61,23.12,30.51,17.62,-3.33,-0.41,4.01,82.9,12.44,0.0,100.24,101350.0,100240.0
2025-12-05,101.44,73.26,23.94,30.5,19.29,-3.82,-0.06,4.13,89.0,13.39,0.0,100.33,101440.0,100330.0
2025-12-06,101.5,69.22,23.27,29.37,18.86,-4.02,0.1,4.13,91.5,12.15,0.0,100.39,101500.0,100390.0
2025-12-07,101.45,67.97,22.21,28.71,17.92,-3.68,0.52,3.75,98.1,11.2,0.0,100.35,101450.0,100350.0
2025-12-08,101.44,64.98,21.68,30.14,15.36,-3.2,0.14,3.8,92.5,10.3,0.0,100.35,101440.0,100350.0
2025-12-09,101.39,61.6,21.0,30.16,13.66,-4.56,0.1,4.67,91.3,9.22,0.07,100.29,101390.0,100290.0
2025-12-10,101.46,57.8,21.05,30.2,13.79,-4.2,-0.3,4.38,85.9,8.68,0.0,100.35,101460.0,100350.0
2025-12-11,101.44,57.23,21.05,29.3,14.86,-3.3,-0.25,3.91,85.6,8.57,0.0,100.33,101440.0,100330.0
2025-12-12,101.31,60.47,20.9,29.82,14.39,-2.85,-0.04,3.76,89.3,9.07,0.0,100.22,101310.0,100220.0
2025-12-13,101.29,57.63,21.93,30.5,14.7,-2.31,0.32,3.01,97.9,9.01,0.0,100.19,101290.0,100190.0
2025-12-14,101.34,61.49,21.86,30.3,15.19,-3.03,0.39,3.77,97.3,9.72,0.0,100.24,101340.0,100240.0
2025-12-15,101.33,59.95,21.44,29.43,15.05,-3.69,-0.23,3.95,86.4,9.26,0.0,100.24,101330.0,100240.0
2025-12-16,101.31,60.78,21.58,29.43,14.54,-3.79,0.65,4.19,99.7,9.45,0.0,100.21,101310.0,100210.0
2025-12-17,101.42,65.99,22.27,31.36,15.78,-3.04,-0.36,4.01,83.2,10.86,0.0,100.32,101420.0,100320.0
2025-12-18,101.44,58.78,22.47,30.71,16.24,-3.73,-0.16,4.06,87.5,9.54,0.0,100.34,101440.0,100340.0
2025-12-19,101.27,56.54,21.46,30.77,14.76,-3.35,-0.47,4.11,82.0,8.66,0.0,100.18,101270.0,100180.0
2025-12-20,101.13,54.85,21.61,30.79,13.43,-3.31,-0.08,3.66,88.7,8.4,0.0,100.04,101130.0,100040.0
2025-12-21,101.18,56.33,21.24,29.03,15.12,-3.41,0.35,3.93,95.9,8.6,0.0,100.08,101180.0,100080.0
2025-12-22,101.23,59.68,21.07,28.78,15.88,-3.92,0.01,4.22,90.2,9.08,0.0,100.13,101230.0,100130.0
2025-12-23,101.21,56.09,22.28,29.79,15.75,-3.86,-0.24,4.1,86.4,9.07,0.0,100.1,101210.0,100100.0
2025-12-24,101.19,60.59,21.84,29.61,15.79,-3.35,-0.31,3.93,84.8,9.51,0.0,100.09,101190.0,100090.0
2025-12-25,101.24,55.45,22.0,29.11,15.52,-3.29,0.79,3.61,103.5,8.82,0.0,100.13,101240.0,100130.0
2025-12-26,101.21,59.06,21.54,29.59,14.76,-2.71,0.15,3.25,93.2,9.12,0.0,100.1,101210.0,100100.0
2025-12-27,101.23,61.46,21.98,30.24,15.61,-2.97,0.32,3.79,96.1,9.77,0.0,100.13,101230.0,100130.0
2025-12-28,101.33,59.1,21.7,29.6,15.24,-2.64,0.38,3.56,98.3,9.13,0.0,100.22,101330.0,100220.0
2025-12-29,101.35,58.7,21.4,29.71,14.75,-2.12,0.24,3.37,96.3,8.86,0.0,100.24,101350.0,100240.0
2025-12-30,101.29,63.93,21.23,29.0,15.17,-0.41,-0.82,2.74,26.5,9.68,0.0,100.19,101290.0,100190.0
2025-12-31,101.18,76.68,21.04,27.43,15.36,0.29,-0.73,2.52,338.4,11.59,0.06,100.07,101180.0,100070.0
2026-01-01,101.21,79.27,21.6,28.28,16.34,-0.18,-1.12,2.47,9.0,12.39,2.27,100.1,101210.0,100100.0
2026-01-02,101.35,74.63,22.15,29.1,16.57,-0.18,-1.48,2.51,7.0,12.02,0.0,100.24,101350.0,100240.0
2026-01-03,101.32,70.22,22.55,30.57,16.83,-0.88,-1.16,2.9,37.2,11.65,0.0,100.22,101320.0,100220.0
2026-01-04,101.38,65.73,23.77,31.55,18.89,-0.88,-1.71,2.53,27.2,11.62,0.0,100.27,101380.0,100270.0
2026-01-05,101.47,67.35,23.91,31.46,18.49,-2.13,-0.21,3.16,84.3,12.05,0.0,100.36,101470.0,100360.0
2026-01-06,101.53,65.98,23.23,30.72,17.88,-1.58,-0.05,2.92,88.2,11.23,0.0,100.42,101530.0,100420.0
2026-01-07,101.54,58.89,22.69,31.21,16.34,-2.2,-0.16,3.2,85.8,9.48,0.0,100.42,101540.0,100420.0
2026-01-08,101.58,58.91,21.69,30.57,15.12,-2.03,0.8,3.71,111.4,8.87,0.0,100.46,101580.0,100460.0
2026-01-09,101.52,57.08,21.4,30.52,14.36,-2.16,-0.41,3.59,79.2,8.55,0.0,100.4,101520.0,100400.0
2026-01-10,101.46,55.09,21.45,30.85,14.92,-2.4,-0.51,3.85,77.9,8.28,0.0,100.35,101460.0,100350.0
2026-01-11,101.49,52.5,22.43,31.75,14.29,-2.84,0.26,3.39,95.2,8.28,0.0,100.38,101490.0,100380.0
2026-01-12,101.5,58.72,23.68,32.3,16.84,-1.92,0.53,3.64,105.4,10.36,0.0,100.4,101500.0,100400.0
2026-01-13,101.52,64.43,25.11,32.31,20.25,-0.44,0.13,2.9,106.6,12.53,0.0,100.42,101520.0,100420.0
2026-01-14,101.38,57.88,24.46,32.46,18.9,-0.01,-1.98,2.85,0.4,10.6,0.0,100.27,101380.0,100270.0
2026-01-15,101.32,50.45,22.68,32.22,15.72,-0.68,-2.1,2.88,18.0,8.04,0.0,100.22,101320.0,100220.0
2026-01-16,101.29,55.74,23.19,32.4,16.38,-0.32,-0.64,2.65,26.7,9.26,0.0,100.18,101290.0,100180.0
2026-01-17,101.24,59.83,23.34,31.08,18.89,0.97,-1.15,2.6,319.7,10.22,0.0,100.13,101240.0,100130.0
2026-01-18,101.19,69.18,21.64,28.45,17.03,1.08,-1.4,2.62,322.5,10.92,0.0,100.08,101190.0,100080.0
2026-01-19,101.26,69.76,20.9,28.63,15.11,0.58,-2.05,2.97,344.2,10.15,0.0,100.15,101260.0,100150.0
2026-01-20,101.23,59.92,21.15,29.79,13.95,0.13,-1.37,2.72,354.6,8.79,0.0,100.12,101230.0,100120.0
2026-01-21,101.26,62.16,22.95,31.84,16.26,-0.59,0.61,3.14,135.9,10.27,0.0,100.15,101260.0,100150.0
2026-01-22,101.33,64.93,23.5,31.99,17.54,-0.46,0.46,2.87,135.3,10.96,0.01,100.22,101330.0,100220.0
2026-01-23,101.47,76.76,22.7,29.37,18.54,1.02,-2.16,2.95,334.6,12.89,0.08,100.36,101470.0,100360.0
2026-01-24,101.55,64.84,22.57,30.96,16.71,-0.1,-1.27,2.76,4.6,10.33,0.0,100.43,101550.0,100430.0
2026-01-25,101.37,60.54,22.74,31.37,16.37,-0.2,-0.65,2.74,16.9,9.87,0.0,100.26,101370.0,100260.0
2026-01-26,101.4,62.15,24.16,31.95,18.2,0.24,0.51,3.19,205.2,11.23,0.0,100.29,101400.0,100290.0
2026-01-27,101.61,75.26,23.25,29.34,18.97,1.21,-1.86,2.76,327.0,13.05,0.54,100.5,101610.0,100500.0
2026-01-28,101.54,62.75,22.42,30.99,16.28,0.12,-2.1,2.85,356.6,9.78,0.0,100.43,101540.0,100430.0
2026-01-29,101.33,53.13,24.29,33.04,17.39,0.05,0.08,2.66,213.8,9.87,0.0,100.23,101330.0,100230.0
2026-01-30,101.37,63.29,25.64,32.72,20.98,0.58,0.55,2.62,226.7,12.53,0.01,100.26,101370.0,100260.0
2026-01-31,101.42,72.25,25.22,32.42,19.96,0.49,-0.32,2.43,303.0,13.76,0.01,100.32,101420.0,100320.0
2026-02-01,101.41,67.34,25.77,33.93,20.23,-0.54,-0.91,2.44,30.5,12.81,0.04,100.3,101410.0,100300.0
2026-02-02,101.37,56.29,25.7,33.98,20.24,-0.63,-0.19,2.93,72.9,10.78,0.0,100.27,101370.0,100270.0
2026-02-03,101.4,57.07,25.62,33.63,20.14,-0.46,-2.37,2.92,11.1,11.0,0.0,100.29,101400.0,100290.0
2026-02-04,101.38,52.42,25.96,34.59,19.52,-1.25,-0.9,3.09,54.2,10.28,0.0,100.28,101380.0,100280.0
2026-02-05,101.47,53.31,25.93,34.22,20.47,-0.94,-0.17,3.34,79.7,10.54,0.0,100.36,101470.0,100360.0
2026-02-06,101.51,52.08,26.1,34.49,20.23,-1.11,-2.04,3.24,28.6,10.19,0.0,100.41,101510.0,100410.0
2026-02-07,101.41,50.51,25.63,34.61,18.95,-0.72,-0.89,2.61,38.9,9.44,0.0,100.31,101410.0,100310.0
2026-02-08,101.24,48.16,25.52,35.14,18.39,-1.08,0.08,3.05,94.4,8.99,0.0,100.14,101240.0,100140.0
2026-02-09,101.25,49.42,25.11,33.65,19.35,0.16,-0.7,2.59,346.9,9.11,0.0,100.14,101250.0,100140.0
2026-02-10,101.35,55.45,24.73,32.99,18.96,0.23,-1.63,2.77,352.1,10.09,0.0,100.25,101350.0,100250.0
2026-02-11,101.38,47.64,25.83,35.82,18.56,-1.53,-1.22,3.08,51.4,9.01,0.0,100.28,101380.0,100280.0
2026-02-12,101.32,47.37,26.17,35.21,19.53,-0.78,0.51,3.51,123.4,9.33,0.0,100.22,101320.0,100220.0
2026-02-13,101.24,48.11,26.39,35.42,19.35,-0.46,-0.41,2.84,48.3,9.47,0.0,100.14,101240.0,100140.0
2026-02-14,101.19,45.76,27.07,36.5,19.95,-0.59,-1.84,3.05,17.9,9.27,0.0,100.1,101190.0,100100.0
2026-02-15,101.18,39.4,27.37,36.24,20.77,-0.66,-2.73,3.46,13.6,8.45,0.0,100.08,101180.0,100080.0
2026-02-16,100.99,39.72,26.96,36.46,20.13,-0.51,-1.05,2.9,25.9,8.25,0.0,99.9,100990.0,99900.0
2026-02-17,101.05,49.57,25.74,34.22,19.8,0.75,-1.66,2.63,335.6,9.47,0.0,99.95,101050.0,99950.0
2026-02-18,101.11,63.74,24.89,32.31,19.52,1.31,-1.44,2.63,317.8,11.84,0.0,100.01,101110.0,100010.0
2026-02-19,101.12,56.76,26.42,35.05,20.23,0.56,-0.52,2.49,312.6,11.43,0.0,100.02,101120.0,100020.0
2026-02-20,101.15,53.75,27.56,35.8,21.94,0.39,-0.15,2.57,290.8,11.74,0.0,100.06,101150.0,100060.0
2026-02-21,100.96,46.29,28.6,37.01,22.99,-0.06,-0.58,2.75,6.3,10.56,0.0,99.87,100960.0,99870.0
2026-02-22,100.76,38.78,28.44,37.74,21.04,-0.03,-2.66,3.42,0.7,8.4,0.0,99.68,100760.0,99680.0
2026-02-23,100.76,38.65,28.65,37.0,22.74,0.21,-1.79,3.14,353.2,8.86,0.0,99.67,100760.0,99670.0
2026-02-24,100.9,44.81,27.44,36.49,20.6,0.3,-1.61,3.04,349.6,9.24,0.02,99.8,100900.0,99800.0
2026-02-25,101.11,52.58,26.96,34.79,21.72,1.33,-1.23,2.82,312.9,10.84,0.01,100.01,101110.0,100010.0
2026-02-26,101.11,66.04,25.43,33.4,19.99,1.9,-0.83,2.83,293.6,12.43,0.0,100.01,101110.0,100010.0
2026-02-27,100.98,63.57,24.79,32.14,20.17,2.38,-0.65,2.66,285.2,11.74,0.0,99.88,100980.0,99880.0
2026-02-28,100.88,61.1,25.25,32.45,20.5,1.96,-0.46,2.33,283.2,11.64,0.0,99.78,100880.0,99780.0
2026-03-01,100.98,59.89,25.29,33.38,19.03,1.4,-1.18,2.39,310.2,11.3,0.0,99.89,100980.0,99890.0
2026-03-02,101.09,54.56,26.84,35.54,19.84,1.2,-1.61,2.77,323.4,11.15,0.0,100.0,101090.0,100000.0
2026-03-03,101.01,41.12,29.8,40.32,21.23,-0.67,-2.61,3.39,14.4,9.42,0.0,99.93,101010.0,99930.0
2026-03-04,101.03,29.82,30.7,40.98,22.6,-1.32,-2.59,3.96,27.0,7.44,0.0,99.95,101030.0,99950.0
2026-03-05,100.99,28.97,30.62,41.0,22.28,-0.89,-3.39,4.24,14.7,7.08,0.0,99.91,100990.0,99910.0
2026-03-06,100.89,34.88,30.15,40.77,21.78,-0.12,-2.58,3.5,2.7,8.13,0.01,99.8,100890.0,99800.0
2026-03-07,100.91,43.97,29.62,39.99,21.72,0.57,-2.15,2.95,345.1,9.9,0.0,99.83,100910.0,99830.0
2026-03-08,100.88,36.46,30.97,42.41,21.76,-0.51,-1.92,2.69,14.8,8.38,0.0,99.8,100880.0,99800.0
2026-03-09,100.87,22.21,31.79,42.63,22.82,-2.82,-1.26,3.65,66.0,5.67,0.0,99.79,100870.0,99790.0
2026-03-10,101.0,28.46,32.02,42.15,24.2,-2.44,0.02,3.59,90.4,7.77,0.0,99.92,101000.0,99920.0
2026-03-11,101.07,45.07,31.17,40.75,23.79,-0.04,0.86,3.06,177.2,11.56,0.0,99.99,101070.0,99990.0
2026-03-12,100.9,47.8,30.8,41.3,22.74,0.73,-0.8,2.52,317.5,11.22,0.0,99.82,100900.0,99820.0
2026-03-13,100.76,32.08,31.26,42.02,22.74,-0.17,-1.87,3.21,5.0,7.79,0.0,99.68,100760.0,99680.0
2026-03-14,100.95,37.16,30.32,38.79,24.43,1.5,-2.4,3.23,328.0,9.05,0.0,99.86,100950.0,99860.0
2026-03-15,101.04,50.32,29.09,37.79,23.16,1.43,-1.69,2.67,319.6,11.29,0.0,99.95,101040.0,99950.0
2026-03-16,100.95,57.45,27.98,35.11,23.03,1.75,-0.14,2.1,274.6,12.69,0.0,99.86,100950.0,99860.0
2026-03-17,100.9,55.41,28.2,36.86,21.32,1.41,-0.35,2.36,284.1,11.87,0.01,99.81,100900.0,99810.0
2026-03-18,100.94,49.91,28.63,37.32,22.31,1.6,0.01,2.79,269.5,11.2,0.01,99.85,100940.0,99850.0
2026-03-19,101.14,53.74,27.86,34.29,23.41,1.96,-0.53,2.65,285.1,11.95,0.15,100.04,101140.0,100040.0
2026-03-20,101.03,56.07,27.99,35.37,22.9,1.6,-1.67,2.71,316.1,12.27,0.36,99.93,101030.0,99930.0
2026-03-21,101.03,45.97,28.68,37.38,21.3,0.58,-2.85,3.64,348.6,10.06,0.0,99.94,101030.0,99940.0
2026-03-22,100.97,31.06,30.14,39.91,21.81,0.4,-2.46,3.66,350.9,7.47,0.0,99.88,100970.0,99880.0
2026-03-23,100.89,36.32,30.92,40.57,23.62,0.55,-1.14,3.38,334.3,9.2,0.01,99.8,100890.0,99800.0
2026-03-24,100.85,42.46,31.28,39.96,24.23,1.13,-2.6,3.43,336.5,10.76,0.04,99.76,100850.0,99760.0
2026-03-25,100.85,51.08,30.95,39.28,24.04,1.56,-2.55,3.23,328.6,13.01,0.09,99.77,100850.0,99770.0
2026-03-26,100.99,45.68,31.69,39.5,25.32,0.99,-2.83,3.32,340.8,12.21,0.1,99.91,100990.0,99910.0
2026-03-27,100.87,37.82,32.29,41.23,25.48,1.12,-3.25,4.13,341.0,10.42,0.12,99.79,100870.0,99790.0
2026-03-28,100.8,60.34,29.68,38.17,23.88,2.51,-2.02,3.42,308.8,14.31,0.4,99.72,100800.0,99720.0
2026-03-29,100.83,60.57,29.41,36.84,24.19,2.26,-1.64,2.88,306.0,14.72,0.51,99.74,100830.0,99740.0
2026-03-30,100.82,61.97,29.88,38.1,23.61,2.01,-1.82,3.15,312.2,15.23,1.75,99.74,100820.0,99740.0
2026-03-31,100.9,59.18,29.9,38.0,24.41,2.08,-1.77,3.16,310.5,14.57,0.96,99.82,100900.0,99820.0
2026-04-01,100.92,55.67,29.49,37.46,23.67,2.3,-1.92,3.38,309.9,13.3,0.06,99.83,100920.0,99830.0
2026-04-02,101.05,54.71,29.05,37.34,23.56,1.18,-1.25,2.57,316.6,12.92,3.69,99.96,101050.0,99960.0
2026-04-03,101.05,54.07,28.53,35.75,22.79,1.61,-1.97,3.0,320.7,12.31,1.84,99.96,101050.0,99960.0
2026-04-04,101.0,62.07,28.29,35.13,23.02,2.16,-1.69,3.12,308.0,14.19,1.0,99.91,101000.0,99910.0
2026-04-05,101.0,57.0,27.93,35.0,23.18,2.81,-1.5,3.29,298.1,12.53,0.03,99.91,101000.0,99910.0
2026-04-06,101.09,54.85,27.73,34.94,22.4,2.71,-1.36,3.19,296.6,12.23,0.0,99.99,101090.0,99990.0
2026-04-07,101.09,58.36,28.64,36.04,23.62,2.9,-1.14,3.2,291.4,13.46,0.01,99.99,101090.0,99990.0
2026-04-08,100.97,65.34,28.87,35.3,24.43,3.28,-0.13,3.32,272.3,15.6,0.05,99.88,100970.0,99880.0
2026-04-09,101.08,57.58,29.51,35.87,25.19,2.41,-1.59,2.97,303.4,14.21,0.03,99.98,101080.0,99980.0
2026-04-10,101.06,44.81,30.63,39.91,22.61,1.04,-1.39,2.66,323.3,11.0,0.0,99.98,101060.0,99980.0
2026-04-11,100.93,49.69,31.59,40.98,24.13,1.69,-1.55,2.71,312.5,12.83,0.0,99.85,100930.0,99850.0
2026-04-12,100.69,49.07,32.27,42.54,24.47,1.38,-0.96,2.49,305.0,12.84,0.0,99.62,100690.0,99620.0
2026-04-13,100.83,58.26,31.54,39.97,24.09,2.04,0.55,2.56,254.9,15.08,0.0,99.76,100830.0,99760.0
2026-04-14,100.8,53.68,32.67,42.58,25.21,1.59,-2.41,3.23,326.5,14.15,0.0,99.73,100800.0,99730.0
2026-04-15,100.64,55.17,31.33,41.16,23.89,1.91,-1.5,3.16,308.1,13.65,0.0,99.57,100640.0,99570.0
2026-04-16,100.69,56.33,30.23,38.82,23.93,2.19,-0.45,2.37,281.7,13.66,0.01,99.62,100690.0,99620.0
2026-04-17,100.78,54.56,30.9,40.42,24.39,1.61,-1.59,2.65,314.6,13.77,0.07,99.71,100780.0,99710.0
2026-04-18,100.76,51.31,32.06,41.38,25.39,0.69,-2.04,2.91,341.2,13.65,0.06,99.69,100760.0,99690.0
2026-04-19,100.73,39.26,33.12,40.6,26.81,1.17,-2.4,3.32,334.0,11.48,0.58,99.66,100730.0,99660.0
2026-04-20,100.72,46.26,32.09,39.48,26.58,2.01,-1.76,2.97,311.3,12.89,0.03,99.65,100720.0,99650.0
2026-04-21,100.67,43.89,32.68,41.11,26.42,1.61,-2.65,3.5,328.7,12.26,0.21,99.6,100670.0,99600.0
2026-04-22,100.7,46.07,32.27,40.15,26.36,1.41,-2.25,3.0,327.8,12.64,0.51,99.63,100700.0,99630.0
2026-04-23,100.6,41.83,33.6,42.8,26.28,1.2,-3.37,3.94,340.5,12.3,0.07,99.53,100600.0,99530.0
2026-04-24,100.62,45.91,33.13,40.75,27.14,1.44,-3.17,3.8,335.5,13.31,0.2,99.55,100620.0,99550.0
2026-04-25,100.65,39.19,34.54,43.31,28.23,0.88,-2.19,3.09,338.1,12.12,0.27,99.58,100650.0,99580.0
2026-04-26,100.6,57.74,32.28,39.56,27.01,1.29,-1.77,2.89,324.0,16.08,0.27,99.54,100600.0,99540.0
2026-04-27,100.57,61.99,31.24,38.31,26.29,1.32,1.09,2.72,230.4,16.71,0.05,99.5,100570.0,99500.0
2026-04-28,100.58,51.45,32.19,39.99,26.65,2.01,-0.6,2.28,286.5,14.15,0.0,99.51,100580.0,99510.0
2026-04-29,100.61,53.51,31.89,40.64,25.17,2.21,0.86,2.88,248.7,14.35,0.01,99.54,100610.0,99540.0
2026-04-30,100.72,57.49,31.14,38.94,24.74,2.51,2.11,3.82,229.9,14.96,0.01,99.64,100720.0,99640.0
2026-05-01,100.79,66.17,30.24,37.04,25.23,2.66,1.8,3.41,235.9,17.1,0.07,99.14,100790.0,99140.0
2026-05-02,100.7,66.21,30.44,36.93,26.68,2.65,1.94,3.44,233.7,17.6,0.28,99.06,100700.0,99060.0
2026-05-03,100.69,62.36,31.02,37.98,26.84,2.64,1.48,3.24,240.7,16.86,0.07,99.04,100690.0,99040.0
2026-05-04,100.68,61.18,31.1,38.44,27.0,2.52,1.46,3.25,239.9,16.47,0.19,99.03,100680.0,99030.0
2026-05-05,100.78,62.69,30.62,37.88,25.98,2.61,0.38,2.88,261.6,16.39,0.05,99.13,100780.0,99130.0
2026-05-06,100.68,59.18,31.17,39.27,25.53,2.04,-1.17,2.38,299.9,15.64,0.29,99.03,100680.0,99030.0
2026-05-07,100.57,59.54,32.15,41.26,25.39,1.59,-0.97,2.28,301.3,16.62,1.43,98.93,100570.0,98930.0
2026-05-08,100.66,55.46,32.67,40.72,26.92,1.86,-0.67,2.33,289.8,15.91,0.38,99.02,100660.0,99020.0
2026-05-09,100.62,49.95,33.56,42.77,26.93,1.23,-1.42,2.21,319.1,14.65,0.01,98.98,100620.0,98980.0
2026-05-10,100.5,53.05,33.52,42.98,26.52,1.77,-1.43,2.77,308.8,15.3,0.0,98.87,100500.0,98870.0
2026-05-11,100.48,52.22,33.52,42.56,27.02,1.87,-1.48,3.08,308.4,15.18,0.0,98.85,100480.0,98850.0
2026-05-12,100.39,53.32,33.3,41.59,27.18,2.42,-1.32,2.85,298.6,15.95,0.0,98.76,100390.0,98760.0
2026-05-13,100.38,64.6,31.4,36.1,28.52,2.4,0.53,2.91,257.6,18.5,0.65,98.75,100380.0,98750.0
2026-05-14,100.38,62.64,31.6,38.59,27.05,2.76,-0.79,3.0,285.9,17.53,0.04,98.75,100380.0,98750.0
2026-05-15,100.44,61.86,31.62,38.67,26.81,2.92,-1.51,3.3,297.3,17.24,0.1,98.81,100440.0,98810.0
2026-05-16,100.44,61.98,31.61,38.33,26.97,2.67,-2.09,3.55,308.1,17.45,0.41,98.81,100440.0,98810.0
2026-05-17,,,,,,,,,,,,,,
2026-05-18,,,,,,,,,,,,,,
2026-05-19,,,,,,,,,,,,,,
2026-05-20,100.58,62.9,31.22,37.03,27.5,3.01,1.04,3.31,250.9,17.54,1.88,98.94,100580.0,98940.0
2026-05-21,100.64,63.8,31.68,37.94,27.46,2.82,0.03,2.89,269.4,18.35,2.19,99.0,100640.0,99000.0
2026-05-22,100.78,66.29,31.55,36.52,28.11,2.45,0.69,2.75,254.4,19.17,2.24,99.13,100780.0,99130.0
2026-05-23,100.88,68.28,31.23,35.25,28.26,2.35,0.59,2.54,255.8,19.46,1.76,99.24,100880.0,99240.0
2026-05-24,100.94,67.49,31.69,37.29,27.85,3.03,0.41,3.13,262.3,19.52,1.86,99.29,100940.0,99290.0
2026-05-25,100.85,65.98,31.72,37.61,27.57,3.14,-0.28,3.18,275.0,19.06,0.5,99.2,100850.0,99200.0
2026-05-26,100.81,64.82,31.91,37.98,27.45,2.95,-0.1,3.01,271.9,18.9,0.77,99.16,100810.0,99160.0
2026-05-27,100.86,63.84,31.91,38.21,27.54,2.84,-0.11,2.86,272.2,18.45,0.44,99.21,100860.0,99210.0
2026-05-28,100.85,63.28,32.17,38.83,27.22,2.96,0.17,3.02,266.7,18.54,0.21,99.21,100850.0,99210.0
2026-05-29,100.8,63.7,31.84,37.34,27.93,3.36,1.36,3.72,247.9,18.53,0.29,99.16,100800.0,99160.0
2026-05-30,100.73,61.73,32.27,37.99,28.49,3.66,1.37,3.95,249.4,18.33,0.34,99.08,100730.0,99080.0
2026-05-31,100.82,61.59,32.3,37.8,28.67,3.35,0.6,3.48,259.8,18.34,0.99,99.17,100820.0,99170.0
2026-06-01,100.83,60.75,32.6,38.69,28.3,2.74,0.31,2.78,263.5,18.3,1.0,99.17,100830.0,99170.0
2026-06-02,100.7,61.96,32.23,37.84,28.24,2.86,0.72,3.05,256.0,18.44,0.48,99.05,100700.0,99050.0
2026-06-03,100.55,63.04,31.66,37.06,27.91,2.62,1.53,3.07,239.6,18.19,4.69,98.9,100550.0,98900.0
2026-06-04,100.41,62.95,32.16,37.65,27.79,2.29,1.62,3.14,234.8,18.71,1.15,98.76,100410.0,98760.0
2026-06-05,100.39,64.94,32.36,38.31,28.34,2.8,0.87,3.1,252.8,19.54,1.95,98.75,100390.0,98750.0
2026-06-06,100.5,64.23,32.53,38.31,28.68,2.91,0.36,3.01,262.9,19.45,2.15,98.85,100500.0,98850.0
2026-06-07,100.58,65.77,32.3,37.71,28.49,3.21,0.6,3.33,259.4,19.73,1.45,98.93,100580.0,98930.0
2026-06-08,100.56,68.4,31.54,35.56,28.8,3.46,0.55,3.51,261.0,19.86,3.5,98.91,100560.0,98910.0
2026-06-09,100.53,66.16,31.65,36.62,28.46,3.67,0.46,3.71,262.9,19.28,1.73,98.88,100530.0,98880.0
2026-06-10,100.61,62.53,32.22,37.56,28.9,3.78,1.13,3.96,253.3,18.74,0.67,98.96,100610.0,98960.0
