date,SLP,RH2m,TMP2m,TMP2m_max,TMP2m_min,U10m,V10m,WS,WD,QV2m,PRCP,PS,PRmsl,PS_Pa
2021-01-01,101.67,31.89,13.36,21.55,4.65,0.6,-0.77,1.53,322.2,2.86,0.0,99.28,101670.0,99280.0
2021-01-02,101.58,53.98,13.5,17.63,11.47,-1.95,0.38,2.43,101.0,5.29,7.36,99.2,101580.0,99200.0
2021-01-03,101.37,87.44,15.79,21.12,12.21,-3.12,2.35,3.94,127.0,9.86,18.79,99.0,101370.0,99000.0
2021-01-04,101.51,76.5,17.43,26.26,11.53,-0.89,1.2,2.86,143.4,9.27,0.12,99.13,101510.0,99130.0
2021-01-05,101.47,73.36,17.53,24.13,13.84,-1.47,-0.66,3.35,65.8,9.0,2.98,99.08,101470.0,99080.0
2021-01-06,101.47,74.58,16.49,21.19,12.45,-0.41,0.06,1.45,97.8,8.76,8.24,99.08,101470.0,99080.0
2021-01-07,101.4,76.34,14.49,21.84,9.95,2.04,-1.57,2.72,307.6,7.75,0.32,99.01,101400.0,99010.0
2021-01-08,101.37,71.88,15.48,24.07,8.61,0.64,-0.63,1.89,314.4,7.69,0.44,98.98,101370.0,98980.0
2021-01-09,101.45,64.41,15.88,23.2,10.63,1.99,-2.01,2.88,315.3,7.23,0.91,99.07,101450.0,99070.0
2021-01-10,101.49,58.13,12.98,19.45,8.57,3.42,-2.28,4.16,303.7,5.42,0.0,99.1,101490.0,99100.0
2021-01-11,101.57,53.02,11.0,19.8,4.5,3.74,-2.24,4.38,300.9,4.12,0.0,99.19,101570.0,99190.0
2021-01-12,101.58,48.85,11.24,20.74,4.3,3.67,-1.91,4.14,297.4,3.81,0.0,99.21,101580.0,99210.0
2021-01-13,101.49,46.81,10.09,19.4,3.68,3.16,-1.78,3.67,299.4,3.41,0.0,99.11,101490.0,99110.0
2021-01-14,101.52,39.14,12.06,20.21,4.95,1.33,-0.97,1.75,306.3,3.25,0.0,99.14,101520.0,99140.0
2021-01-15,101.38,37.15,12.65,19.92,6.68,1.08,-0.76,1.66,305.2,3.27,0.0,99.01,101380.0,99010.0
2021-01-16,101.22,45.45,10.91,22.04,3.38,2.5,-1.86,3.16,306.7,3.5,0.0,98.86,101220.0,98860.0
2021-01-17,101.45,48.03,10.94,18.29,5.08,-1.87,0.3,2.58,99.1,3.83,0.0,99.07,101450.0,99070.0
2021-01-18,101.55,40.97,13.73,18.63,9.99,-2.23,0.11,2.54,92.9,3.97,0.0,99.17,101550.0,99170.0
2021-01-19,101.31,49.95,14.92,24.35,7.9,2.15,-2.21,3.24,315.8,5.29,0.0,98.92,101310.0,98920.0
2021-01-20,101.34,50.16,13.54,23.91,7.34,4.22,-2.49,4.94,300.5,4.53,0.0,98.95,101340.0,98950.0
2021-01-21,101.24,51.09,13.09,23.76,6.04,4.09,-2.16,4.65,297.9,4.41,0.0,98.88,101240.0,98880.0
2021-01-22,101.38,41.61,13.32,23.33,6.65,-1.08,0.33,2.29,107.1,3.71,0.0,98.99,101380.0,98990.0
2021-01-23,101.22,40.74,14.04,22.53,6.61,-1.84,2.16,3.34,139.6,3.95,0.0,98.83,101220.0,98830.0
2021-01-24,101.53,55.76,12.08,20.72,6.31,2.0,-2.14,3.01,317.0,4.74,0.0,99.11,101530.0,99110.0
2021-01-25,101.73,50.87,10.83,20.31,3.15,1.59,-1.85,2.53,319.4,3.92,0.0,99.31,101730.0,99310.0
2021-01-26,101.68,49.09,11.92,21.23,4.71,1.92,-2.17,2.91,318.5,4.11,0.0,99.27,101680.0,99270.0
2021-01-27,101.68,44.89,12.1,21.82,4.88,2.42,-1.99,3.17,309.4,3.71,0.0,99.27,101680.0,99270.0
2021-01-28,101.77,40.75,11.34,21.24,4.25,1.69,-1.99,2.67,319.7,3.17,0.0,99.34,101770.0,99340.0
2021-01-29,101.8,41.0,11.3,21.71,3.56,2.94,-2.65,3.99,312.0,3.21,0.0,99.37,101800.0,99370.0
2021-01-30,101.63,40.98,12.1,23.06,3.99,3.25,-2.26,3.98,304.8,3.29,0.0,99.21,101630.0,99210.0
2021-01-31,101.68,34.11,14.11,23.85,5.31,1.35,-1.15,2.3,310.6,3.14,0.0,99.27,101680.0,99270.0
2021-02-01,101.82,32.33,15.93,26.03,9.96,1.17,-1.13,2.52,314.0,3.45,0.0,99.42,101820.0,99420.0
2021-02-02,101.63,34.59,16.45,26.72,7.81,0.26,-0.38,2.06,325.7,3.7,0.0,99.24,101630.0,99240.0
2021-02-03,101.5,39.76,16.25,26.4,7.82,-2.41,1.81,3.23,127.0,4.3,0.05,99.11,101500.0,99110.0
2021-02-04,101.54,55.01,16.17,24.54,10.51,-2.9,0.99,3.48,108.9,6.18,3.03,99.13,101540.0,99130.0
2021-02-05,101.72,64.45,14.6,23.31,8.31,-0.07,-1.83,2.62,2.1,6.26,0.09,99.27,101720.0,99270.0
2021-02-06,101.74,50.01,14.29,23.75,6.91,2.34,-2.78,3.66,319.9,4.77,0.0,99.32,101740.0,99320.0
2021-02-07,101.66,48.46,14.51,23.95,7.21,3.04,-2.36,3.87,307.8,4.69,0.0,99.28,101660.0,99280.0
2021-02-08,101.65,47.19,15.13,25.32,7.07,2.3,-2.13,3.17,312.8,4.75,0.0,99.28,101650.0,99280.0
2021-02-09,101.34,42.11,17.63,26.85,8.45,1.45,-1.31,2.82,311.9,4.91,0.0,98.98,101340.0,98980.0
2021-02-10,101.25,37.49,19.2,28.31,12.99,-0.2,-1.0,1.94,11.0,4.94,0.0,98.88,101250.0,98880.0
2021-02-11,101.29,42.78,17.5,26.72,10.16,1.03,-1.82,2.44,330.4,5.08,0.0,98.92,101290.0,98920.0
2021-02-12,101.41,44.74,17.82,25.28,11.71,1.58,-1.55,2.31,314.4,5.47,0.0,99.03,101410.0,99030.0
2021-02-13,101.42,36.03,18.3,27.09,11.12,1.34,-1.23,2.11,312.5,4.5,0.0,99.03,101420.0,99030.0
2021-02-14,101.38,32.4,19.38,27.93,13.32,0.47,-0.87,1.85,331.9,4.33,0.0,98.99,101380.0,98990.0
2021-02-15,101.21,31.05,20.37,29.14,14.12,-0.02,-0.64,1.24,2.1,4.46,0.0,98.83,101210.0,98830.0
2021-02-16,101.18,37.21,19.49,29.47,12.3,-0.18,-1.69,2.11,6.2,4.9,0.0,98.8,101180.0,98800.0
2021-02-17,101.36,40.96,18.61,28.51,11.22,0.27,-2.08,2.31,352.5,5.03,0.0,98.97,101360.0,98970.0
2021-02-18,101.64,33.83,19.21,28.85,11.78,-0.53,-1.64,2.01,17.7,4.3,0.0,99.23,101640.0,99230.0
2021-02-19,101.84,37.18,18.24,28.39,10.52,0.99,-2.31,2.76,336.7,4.43,0.0,99.43,101840.0,99430.0
2021-02-20,101.8,37.4,17.76,28.07,9.88,1.92,-2.21,2.99,319.0,4.39,0.0,99.41,101800.0,99410.0
2021-02-21,101.63,37.8,18.11,29.04,9.42,2.65,-2.15,3.51,309.1,4.47,0.0,99.25,101630.0,99250.0
2021-02-22,101.41,33.36,20.06,30.42,12.0,2.79,-1.95,3.47,305.0,4.47,0.0,99.06,101410.0,99060.0
2021-02-23,101.19,29.39,21.89,32.31,14.08,1.3,-1.33,2.41,315.6,4.44,0.0,98.84,101190.0,98840.0
2021-02-24,101.04,26.88,23.44,33.36,15.99,1.02,-1.37,2.25,323.4,4.59,0.0,98.69,101040.0,98690.0
2021-02-25,100.9,29.05,23.01,33.44,14.26,2.28,-2.09,3.18,312.6,4.73,0.0,98.55,100900.0,98550.0
2021-02-26,100.67,31.53,24.48,34.33,14.34,2.7,-2.08,3.78,307.6,5.67,0.0,98.33,100670.0,98330.0
2021-02-27,100.62,36.86,23.97,33.08,16.68,2.06,-1.54,3.43,306.9,6.47,0.38,98.28,100620.0,98280.0
2021-02-28,100.91,30.13,22.85,32.55,15.11,1.63,-2.2,3.21,323.5,4.97,0.0,98.55,100910.0,98550.0
2021-03-01,101.33,22.95,21.17,30.58,13.08,2.78,-3.45,4.63,321.2,3.24,0.0,98.94,101330.0,98940.0
2021-03-02,101.31,23.79,20.75,30.66,12.37,4.27,-2.93,5.23,304.4,3.24,0.0,98.94,101310.0,98940.0
2021-03-03,101.1,20.64,22.65,33.18,12.81,2.94,-2.19,3.82,306.7,3.15,0.0,98.76,101100.0,98760.0
2021-03-04,101.09,19.09,24.49,34.66,17.75,0.66,-1.79,2.28,339.9,3.45,0.0,98.74,101090.0,98740.0
2021-03-05,101.02,20.91,23.61,33.21,14.8,3.28,-3.28,4.78,315.0,3.45,0.0,98.67,101020.0,98670.0
2021-03-06,100.96,18.83,24.74,34.99,15.4,3.09,-2.66,4.48,310.8,3.2,0.0,98.61,100960.0,98610.0
2021-03-07,100.81,18.83,25.6,36.17,16.04,-1.77,1.09,2.69,121.5,3.8,0.0,98.49,100810.0,98490.0
2021-03-08,100.97,24.21,25.16,34.42,16.76,-2.45,-0.79,3.11,72.0,4.64,0.03,98.64,100970.0,98640.0
2021-03-09,101.08,24.96,26.6,35.25,19.39,-1.71,-0.99,2.13,59.8,5.35,0.0,98.74,101080.0,98740.0
2021-03-10,101.13,30.75,26.22,34.52,19.39,0.44,-2.08,2.48,348.2,6.14,0.2,98.78,101130.0,98780.0
2021-03-11,101.22,23.64,26.39,35.5,18.28,-0.98,-1.06,1.77,42.8,4.62,0.0,98.86,101220.0,98860.0
2021-03-12,101.56,42.65,23.03,29.78,18.57,-2.21,1.7,3.58,127.6,7.23,1.73,99.18,101560.0,99180.0
2021-03-13,101.48,52.5,24.08,33.44,15.55,-0.19,-1.55,2.47,6.9,8.72,0.03,99.11,101480.0,99110.0
2021-03-14,101.19,29.45,25.45,33.8,18.01,2.21,-2.48,3.48,318.3,5.72,0.0,98.83,101190.0,98830.0
2021-03-15,101.08,27.41,24.98,33.81,17.23,2.2,-2.0,3.19,312.2,5.21,0.0,98.74,101080.0,98740.0
2021-03-16,101.1,28.67,25.4,34.69,17.64,2.72,-2.6,3.87,313.8,5.56,0.0,98.75,101100.0,98750.0
2021-03-17,100.92,28.75,26.69,35.95,18.61,1.8,-1.96,3.08,317.4,5.92,0.0,98.58,100920.0,98580.0
2021-03-18,100.96,26.82,27.63,36.85,19.72,0.89,-1.56,2.31,330.4,5.81,0.0,98.62,100960.0,98620.0
2021-03-19,100.95,28.85,27.88,35.98,22.02,1.36,-2.14,3.11,327.5,6.36,0.0,98.61,100950.0,98610.0
2021-03-20,100.79,25.74,26.75,35.76,18.68,2.91,-2.36,3.86,309.0,5.28,0.0,98.45,100790.0,98450.0
2021-03-21,100.73,24.73,27.72,37.21,19.52,0.78,-0.95,2.16,320.5,5.36,0.0,98.4,100730.0,98400.0
2021-03-22,101.03,25.02,26.91,34.99,20.65,-1.67,0.75,3.29,114.2,5.4,0.0,98.69,101030.0,98690.0
2021-03-23,101.16,26.88,28.01,36.33,21.91,-1.04,-0.44,2.5,67.2,5.97,0.04,98.82,101160.0,98820.0
2021-03-24,101.27,26.77,26.39,34.58,19.2,1.75,-1.93,2.95,317.7,5.42,0.05,98.91,101270.0,98910.0
2021-03-25,101.22,27.82,24.86,33.12,16.79,4.01,-3.16,5.18,308.2,5.03,0.0,98.85,101220.0,98850.0
2021-03-26,101.04,29.2,24.78,34.27,16.03,3.56,-1.77,3.99,296.4,5.25,0.0,98.69,101040.0,98690.0
2021-03-27,100.83,25.45,27.17,37.29,17.4,2.2,-1.7,2.93,307.8,5.17,0.0,98.5,100830.0,98500.0
2021-03-28,100.58,21.9,29.12,39.0,20.09,0.57,-0.81,1.95,325.1,5.08,0.0,98.28,100580.0,98280.0
2021-03-29,100.29,18.78,30.32,41.3,19.98,0.87,-0.03,3.21,271.8,4.66,0.0,98.01,100290.0,98010.0
2021-03-30,99.89,16.8,30.65,40.03,23.29,4.67,-0.93,5.6,281.3,4.17,0.0,97.6,99890.0,97600.0
2021-03-31,100.05,11.49,28.56,38.0,19.48,5.27,-4.06,6.69,307.7,2.34,0.0,97.75,100050.0,97750.0
2021-04-01,100.15,7.3,26.44,36.95,16.34,5.33,-3.13,6.26,300.4,1.42,0.0,97.84,100150.0,97840.0
2021-04-02,100.47,9.19,25.93,36.73,15.87,2.67,-2.4,3.75,312.0,1.71,0.0,98.15,100470.0,98150.0
2021-04-03,100.75,6.84,25.93,36.71,15.44,1.8,-2.21,3.24,321.0,1.27,0.0,98.42,100750.0,98420.0
2021-04-04,100.78,8.62,27.35,38.87,16.47,1.86,-2.48,3.67,323.2,1.75,0.0,98.47,100780.0,98470.0
2021-04-05,100.67,12.56,29.26,38.82,19.31,-0.23,-0.65,2.47,19.6,2.94,0.0,98.37,100670.0,98370.0
2021-04-06,100.48,12.74,30.92,40.26,21.06,-1.08,0.65,2.2,121.0,3.43,0.0,98.19,100480.0,98190.0
2021-04-07,100.75,23.43,29.93,38.73,21.99,1.92,-3.21,4.3,329.2,5.73,0.0,98.43,100750.0,98430.0
2021-04-08,100.78,14.89,27.87,37.06,18.9,2.07,-2.69,3.55,322.4,3.17,0.0,98.44,100780.0,98440.0
2021-04-09,100.82,13.37,27.93,38.2,17.94,1.59,-3.24,3.72,333.8,2.76,0.0,98.49,100820.0,98490.0
2021-04-10,100.98,14.92,28.89,38.55,19.39,2.06,-2.48,3.57,320.3,3.44,0.0,98.65,100980.0,98650.0
2021-04-11,100.96,15.57,29.72,40.06,19.23,2.49,-2.48,3.71,314.9,3.58,0.0,98.64,100960.0,98640.0
2021-04-12,100.98,16.37,31.11,39.83,22.76,1.91,-2.08,3.28,317.4,4.21,0.0,98.67,100980.0,98670.0
2021-04-13,100.79,18.03,32.01,40.97,23.25,2.86,-2.26,4.07,308.4,4.93,0.0,98.49,100790.0,98490.0
2021-04-14,100.63,19.51,32.49,41.64,23.44,2.66,-2.71,3.91,315.6,5.47,0.0,98.34,100630.0,98340.0
2021-04-15,100.55,17.12,32.77,41.26,25.94,2.49,-1.08,3.06,293.4,5.12,0.0,98.26,100550.0,98260.0
2021-04-16,100.49,19.77,32.81,41.64,24.51,1.13,0.48,2.83,247.0,5.74,0.85,98.19,100490.0,98190.0
2021-04-17,100.87,31.78,29.53,37.41,22.25,1.38,-0.44,4.21,287.5,7.68,0.98,98.53,100870.0,98530.0
2021-04-18,100.99,27.62,29.58,38.1,21.17,2.34,-2.04,3.2,311.2,6.59,0.0,98.66,100990.0,98660.0
2021-04-19,100.56,20.84,31.24,39.74,22.41,1.7,-2.5,3.24,325.9,5.53,0.02,98.25,100560.0,98250.0
2021-04-20,100.43,23.21,28.68,35.44,22.58,-0.77,-2.75,3.43,15.7,5.42,0.08,98.12,100430.0,98120.0
2021-04-21,100.69,32.17,27.44,34.92,21.02,2.53,0.11,3.47,267.6,7.0,1.02,98.36,100690.0,98360.0
2021-04-22,100.98,32.2,27.33,34.86,19.34,0.02,-1.17,1.96,358.9,6.77,0.04,98.62,100980.0,98620.0
2021-04-23,100.67,24.16,29.35,38.2,21.48,-1.81,0.68,4.23,110.6,5.67,0.23,98.35,100670.0,98350.0
2021-04-24,100.85,28.25,27.47,36.83,18.38,2.42,-4.01,4.75,328.8,5.44,0.01,98.52,100850.0,98520.0
2021-04-25,100.84,17.59,28.9,39.35,19.12,2.8,-3.34,4.39,320.1,3.83,0.0,98.52,100840.0,98520.0
2021-04-26,100.63,13.63,31.06,41.29,19.84,2.42,-2.54,3.57,316.4,3.55,0.0,98.33,100630.0,98330.0
2021-04-27,100.51,13.85,33.37,43.07,24.77,2.37,-1.75,3.04,306.4,4.14,0.0,98.23,100510.0,98230.0
2021-04-28,100.57,13.15,33.97,43.9,24.75,2.55,-2.01,3.29,308.3,3.98,0.0,98.29,100570.0,98290.0
2021-04-29,100.54,17.88,34.67,43.61,26.36,2.06,-1.98,3.06,313.9,5.59,0.0,98.27,100540.0,98270.0
2021-04-30,100.51,17.1,34.66,42.45,26.21,0.44,-1.0,1.59,336.3,5.55,0.36,98.23,100510.0,98230.0
2021-05-01,100.51,19.57,33.73,41.73,26.23,-0.34,-0.37,2.12,42.2,6.08,0.98,98.22,100510.0,98220.0
2021-05-02,100.58,21.42,33.6,40.8,27.06,1.26,1.42,2.29,221.6,6.81,0.04,98.29,100580.0,98290.0
2021-05-03,100.43,23.81,33.92,40.6,28.28,2.25,0.25,2.51,263.6,7.64,0.0,98.14,100430.0,98140.0
2021-05-04,100.27,20.39,34.77,42.09,26.45,1.08,0.49,1.51,245.6,6.67,0.0,97.99,100270.0,97990.0
2021-05-05,100.4,20.14,33.54,41.01,25.35,-1.06,-1.13,2.06,43.1,6.32,0.0,98.11,100400.0,98110.0
2021-05-06,100.53,29.94,33.0,41.23,24.36,-1.82,0.81,2.79,114.2,8.74,5.43,98.24,100530.0,98240.0
2021-05-07,100.78,35.56,31.59,38.01,25.65,-0.69,-1.26,1.86,28.6,9.92,0.66,98.47,100780.0,98470.0
2021-05-08,100.68,29.22,32.11,38.98,25.65,0.18,-1.41,1.89,352.6,8.33,0.0,98.37,100680.0,98370.0
2021-05-09,100.42,26.83,33.1,40.48,24.29,-0.1,0.69,2.36,171.5,7.99,0.13,98.12,100420.0,98120.0
2021-05-10,100.26,24.96,34.56,40.68,28.77,0.13,1.11,1.82,186.4,8.36,1.28,97.97,100260.0,97970.0
2021-05-11,100.16,25.38,33.78,41.26,25.67,-0.03,0.75,2.76,178.0,7.88,0.01,97.88,100160.0,97880.0
2021-05-12,100.02,24.67,34.07,40.17,28.64,1.04,-1.21,2.22,319.4,8.21,0.46,97.73,100020.0,97730.0
2021-05-13,100.24,36.53,30.93,35.64,25.91,-0.6,1.46,1.83,157.7,10.19,1.97,97.93,100240.0,97930.0
2021-05-14,100.22,32.87,31.86,38.57,25.12,0.0,-0.24,1.52,0.2,9.51,0.0,97.92,100220.0,97920.0
2021-05-15,100.33,26.98,33.51,40.29,26.81,-0.6,-0.64,1.36,43.4,8.54,0.0,98.03,100330.0,98030.0
2021-05-16,100.46,21.22,34.12,41.98,26.2,0.06,-1.85,2.35,358.3,6.71,0.02,98.16,100460.0,98160.0
2021-05-17,100.52,22.31,33.43,38.38,27.44,1.63,0.87,3.72,241.8,7.01,0.0,98.22,100520.0,98220.0
2021-05-18,100.52,38.56,30.03,33.92,26.36,-1.42,4.23,5.05,161.4,10.2,2.15,98.22,100520.0,98220.0
2021-05-19,100.32,67.6,25.52,31.49,22.04,-3.52,-1.28,5.49,70.0,13.78,50.91,98.01,100320.0,98010.0
2021-05-20,100.06,74.53,24.92,30.46,21.28,-0.87,-5.91,6.76,8.4,14.8,36.98,97.76,100060.0,97760.0
2021-05-21,100.36,57.33,28.26,34.97,21.07,-0.86,1.32,1.79,146.8,13.27,6.72,98.07,100360.0,98070.0
2021-05-22,100.34,52.14,29.68,36.73,23.62,0.37,-0.01,2.82,271.3,13.13,1.81,98.04,100340.0,98040.0
2021-05-23,100.43,45.34,28.72,36.37,21.56,2.51,-0.93,2.91,290.3,10.53,0.0,98.12,100430.0,98120.0
2021-05-24,100.42,38.26,29.25,37.26,21.86,4.5,-3.27,5.6,306.0,9.16,0.0,98.12,100420.0,98120.0
2021-05-25,100.06,36.13,31.03,40.37,22.42,3.6,-4.29,5.64,320.0,9.46,0.0,97.78,100060.0,97780.0
2021-05-26,99.83,34.92,32.27,40.63,23.47,2.42,-2.62,3.64,317.3,9.98,0.0,97.56,99830.0,97560.0
2021-05-27,99.83,29.87,33.18,41.35,24.22,0.96,-1.0,2.38,316.1,8.89,0.0,97.57,99830.0,97570.0
2021-05-28,100.02,36.89,31.76,39.86,23.32,-1.75,2.37,3.06,143.6,10.48,0.0,97.76,100020.0,97760.0
2021-05-29,100.2,52.33,31.87,39.0,24.75,-2.02,4.21,4.93,154.4,15.07,0.66,97.94,100200.0,97940.0
2021-05-30,100.15,53.2,32.06,38.74,25.32,-2.03,1.41,3.19,124.7,15.69,0.47,97.88,100150.0,97880.0
2021-05-31,99.83,39.83,34.94,41.08,27.91,-0.1,0.9,1.72,173.5,13.46,0.0,97.57,99830.0,97570.0
2021-06-01,100.14,45.88,31.43,36.19,27.02,-0.8,-0.79,2.0,45.5,12.97,18.58,97.86,100140.0,97860.0
2021-06-02,100.28,40.34,31.86,38.42,24.91,-0.04,0.12,1.56,162.9,11.61,0.02,97.99,100280.0,97990.0
2021-06-03,100.38,41.23,32.34,38.37,26.8,0.33,-0.49,1.76,326.3,12.17,0.0,98.09,100380.0,98090.0
2021-06-04,100.33,41.36,33.99,40.19,27.09,0.34,0.46,1.88,216.2,13.4,0.9,98.04,100330.0,98040.0
2021-06-05,100.2,42.31,34.33,40.46,28.1,-0.3,1.64,2.29,169.8,14.04,0.93,97.92,100200.0,97920.0
2021-06-06,100.15,44.34,33.74,39.54,27.59,1.98,0.37,2.45,259.4,14.14,0.01,97.88,100150.0,97880.0
2021-06-07,99.87,41.06,34.94,41.66,27.46,2.87,-1.84,3.5,302.7,14.13,0.0,97.61,99870.0,97610.0
2021-06-08,99.63,37.89,35.98,42.79,29.03,5.24,-1.88,5.6,289.7,13.77,0.0,97.38,99630.0,97380.0
2021-06-09,99.5,38.4,36.69,43.11,29.42,3.95,-0.77,4.15,281.0,14.88,0.0,97.26,99500.0,97260.0
2021-06-10,99.56,51.79,33.62,38.95,29.06,-3.0,0.29,3.92,95.6,17.02,4.57,97.31,99560.0,97310.0
2021-06-11,99.55,56.1,32.49,38.96,27.4,-2.55,0.51,3.1,101.4,16.9,3.71,97.3,99550.0,97300.0
2021-06-12,99.66,58.37,32.62,38.28,27.8,-2.57,1.67,3.47,123.1,17.98,12.24,97.41,99660.0,97410.0
2021-06-13,99.79,60.6,31.91,37.04,25.53,-0.67,-0.75,2.94,41.7,17.77,0.83,97.52,99790.0,97520.0
2021-06-14,99.57,43.91,33.48,39.16,27.81,0.28,-1.11,1.78,345.8,13.73,0.06,97.3,99570.0,97300.0
2021-06-15,99.31,49.43,32.99,40.27,25.46,1.65,0.36,2.91,257.6,15.01,0.49,97.06,99310.0,97060.0
2021-06-16,99.62,52.88,31.76,36.28,28.06,-0.71,-0.38,1.27,61.6,15.8,4.39,97.34,99620.0,97340.0
2021-06-17,99.83,56.66,31.67,35.0,27.38,-0.62,-1.16,1.58,28.0,16.84,23.96,97.55,99830.0,97550.0
2021-06-18,99.9,57.42,31.22,36.7,26.45,-1.8,-0.17,2.09,84.5,16.36,5.99,97.61,99900.0,97610.0
2021-06-19,99.93,61.65,29.99,33.66,26.35,-1.58,-1.06,2.23,56.2,16.47,6.88,97.63,99930.0,97630.0
2021-06-20,99.98,62.29,30.68,35.58,25.24,0.2,-0.91,2.06,347.7,17.25,2.07,97.69,99980.0,97690.0
2021-06-21,100.01,47.51,33.08,39.19,26.54,0.99,-0.99,2.36,315.0,14.4,0.21,97.73,100010.0,97730.0
2021-06-22,99.97,42.91,33.93,40.58,26.57,2.17,-1.26,2.86,300.2,13.85,0.0,97.7,99970.0,97700.0
2021-06-23,100.0,41.47,34.29,40.72,28.12,-0.64,-0.42,1.58,57.0,13.5,0.0,97.73,100000.0,97730.0
2021-06-24,99.96,45.37,33.64,39.71,27.12,-0.79,0.37,2.26,115.3,14.48,0.0,97.69,99960.0,97690.0
2021-06-25,99.88,44.71,33.49,40.36,26.1,0.11,-0.16,2.52,326.5,13.74,3.27,97.61,99880.0,97610.0
2021-06-26,100.09,43.08,32.38,39.18,25.06,0.24,-0.9,1.78,345.1,12.62,1.01,97.81,100090.0,97810.0
2021-06-27,100.29,44.51,33.59,40.11,26.32,-0.3,-0.4,2.06,37.1,13.97,0.04,98.01,100290.0,98010.0
2021-06-28,100.16,44.13,34.49,40.43,27.36,0.51,0.09,1.59,259.8,14.51,0.0,97.88,100160.0,97880.0
2021-06-29,99.78,34.83,35.78,43.39,28.87,3.25,-1.29,3.68,291.6,12.3,0.0,97.53,99780.0,97530.0
2021-06-30,99.48,33.63,36.64,44.31,29.03,5.23,-1.99,5.61,290.8,12.65,0.0,97.24,99480.0,97240.0
2021-07-01,99.34,35.46,37.37,43.39,29.93,3.37,-0.84,3.63,283.9,14.16,0.01,97.11,99340.0,97110.0
2021-07-02,99.47,38.87,36.9,42.7,30.63,2.16,0.02,2.55,269.5,14.84,2.53,97.23,99470.0,97230.0
2021-07-03,99.8,50.2,34.4,41.03,27.76,2.75,0.69,3.22,255.9,16.33,3.75,97.54,99800.0,97540.0
2021-07-04,100.01,43.51,34.5,40.3,28.6,-0.12,-0.65,2.04,10.2,14.63,0.03,97.74,100010.0,97740.0
2021-07-05,100.04,39.67,35.16,41.44,29.07,1.02,-0.93,2.18,312.3,13.81,0.0,97.78,100040.0,97780.0
2021-07-06,99.84,40.39,36.01,42.15,29.93,2.66,-1.99,3.42,306.8,14.84,0.0,97.58,99840.0,97580.0
2021-07-07,99.71,38.41,36.92,43.47,30.31,3.16,-1.84,3.7,300.2,14.84,0.0,97.46,99710.0,97460.0
2021-07-08,99.68,36.94,37.66,43.35,31.02,1.4,-1.14,2.57,309.1,14.85,0.25,97.44,99680.0,97440.0
2021-07-09,99.82,49.78,35.05,39.76,30.04,-1.8,0.21,2.17,96.8,17.52,5.82,97.56,99820.0,97560.0
2021-07-10,99.86,46.81,34.78,39.94,29.81,-3.13,0.95,3.42,106.8,16.34,0.07,97.59,99860.0,97590.0
2021-07-11,100.0,56.85,33.34,38.05,29.82,-4.41,2.28,5.06,117.3,18.54,0.3,97.73,100000.0,97730.0
2021-07-12,100.19,62.1,31.78,35.24,27.94,-4.51,2.45,5.18,118.5,18.42,3.36,97.91,100190.0,97910.0
2021-07-13,100.13,72.68,29.95,33.23,27.17,-3.81,0.87,4.03,102.8,19.61,8.73,97.86,100130.0,97860.0
2021-07-14,100.12,75.3,29.65,33.34,26.96,-3.06,1.44,3.6,115.2,19.96,22.7,97.85,100120.0,97850.0
2021-07-15,100.12,61.98,32.16,38.22,26.22,-4.04,-0.33,4.25,85.4,18.35,5.89,97.85,100120.0,97850.0
2021-07-16,100.24,55.93,33.89,39.06,28.96,-2.78,0.16,3.04,93.4,18.47,1.83,97.96,100240.0,97960.0
2021-07-17,99.92,56.4,34.26,38.96,29.0,-0.29,-0.48,2.04,31.6,18.97,1.04,97.66,99920.0,97660.0
2021-07-18,99.72,72.71,31.52,36.47,27.75,-0.28,2.66,2.82,174.0,21.4,22.08,97.46,99720.0,97460.0
2021-07-19,99.66,90.13,28.47,31.04,26.56,1.32,2.77,3.57,205.5,22.65,61.74,97.39,99660.0,97390.0
2021-07-20,99.7,87.79,28.28,30.38,25.8,0.51,0.76,1.32,213.7,21.75,37.5,97.43,99700.0,97430.0
2021-07-21,99.59,86.74,28.52,31.34,26.46,-0.93,1.02,1.61,137.5,21.78,12.76,97.33,99590.0,97330.0
2021-07-22,99.48,81.28,29.67,34.37,25.68,-2.5,-0.08,2.54,88.1,21.58,11.56,97.22,99480.0,97220.0
2021-07-23,99.6,85.05,29.43,32.47,26.75,-2.01,0.99,2.4,116.2,22.45,5.06,97.33,99600.0,97330.0
2021-07-24,99.75,78.82,30.56,34.14,26.81,-1.09,0.24,1.41,102.2,22.06,0.13,97.48,99750.0,97480.0
2021-07-25,99.66,77.0,31.31,35.08,27.73,-1.42,0.8,1.74,119.3,22.49,0.01,97.4,99660.0,97400.0
2021-07-26,99.51,82.74,29.14,31.43,26.81,-0.8,0.85,1.63,136.7,21.55,10.59,97.25,99510.0,97250.0
2021-07-27,99.33,84.81,29.39,32.73,26.64,0.25,-0.35,2.39,324.1,22.41,28.82,97.07,99330.0,97070.0
2021-07-28,99.49,88.46,28.03,29.93,26.24,0.85,0.22,1.51,255.5,21.67,38.87,97.23,99490.0,97230.0
2021-07-29,99.58,87.39,28.19,30.98,25.53,0.0,-0.02,1.29,7.6,21.51,9.96,97.31,99580.0,97310.0
2021-07-30,99.68,87.25,28.48,31.72,26.09,-2.1,-0.8,2.44,69.2,21.8,28.45,97.4,99680.0,97400.0
2021-07-31,99.74,84.79,28.85,31.65,26.1,-2.65,1.49,3.27,119.3,21.65,10.88,97.47,99740.0,97470.0
2021-08-01,99.63,76.21,30.24,33.24,26.5,-0.38,0.42,0.87,137.9,21.07,11.06,97.37,99630.0,97370.0
2021-08-02,99.74,84.09,29.21,31.84,26.74,-1.53,-0.46,2.22,73.3,21.92,2.12,97.47,99740.0,97470.0
2021-08-03,99.82,84.96,28.9,32.3,26.14,-3.21,-1.21,3.45,69.3,21.67,1.36,97.55,99820.0,97550.0
2021-08-04,99.9,85.0,28.51,32.0,25.59,-3.24,-0.73,3.4,77.3,21.17,0.03,97.63,99900.0,97630.0
2021-08-05,99.89,84.04,28.87,32.07,25.28,-2.02,-0.64,2.18,72.5,21.41,0.08,97.61,99890.0,97610.0
2021-08-06,99.88,76.63,29.1,31.97,26.08,-0.23,0.11,1.2,115.8,19.76,0.05,97.61,99880.0,97610.0
2021-08-07,100.05,87.48,27.05,28.33,25.06,-0.73,-0.59,1.77,50.8,20.16,12.61,97.77,100050.0,97770.0
2021-08-08,100.18,80.03,29.42,32.74,25.5,-0.3,-0.13,0.95,65.9,20.92,2.89,97.9,100180.0,97900.0
2021-08-09,100.19,83.08,28.86,30.84,26.26,0.04,-0.55,1.43,355.6,21.11,10.72,97.91,100190.0,97910.0
2021-08-10,100.0,81.29,29.63,34.01,25.72,2.21,-0.61,2.49,285.5,21.55,0.75,97.72,100000.0,97720.0
2021-08-11,100.03,76.98,29.0,33.71,24.57,3.55,-0.33,3.75,275.3,19.48,0.01,97.75,100030.0,97750.0
2021-08-12,100.16,78.56,29.01,33.51,24.11,2.44,-0.26,2.78,276.1,19.93,0.07,97.88,100160.0,97880.0
2021-08-13,99.98,79.19,29.54,33.88,25.68,2.31,-0.26,2.82,276.5,20.76,1.67,97.7,99980.0,97700.0
2021-08-14,99.79,80.39,29.78,34.73,25.64,3.22,-0.02,3.42,270.4,21.36,0.22,97.52,99790.0,97520.0
2021-08-15,99.94,76.03,29.76,34.44,24.93,2.64,-0.77,2.98,286.3,20.13,0.03,97.66,99940.0,97660.0
2021-08-16,100.26,73.45,29.91,34.11,25.31,1.65,-0.91,2.15,298.7,19.58,0.15,97.97,100260.0,97970.0
2021-08-17,100.21,70.01,30.26,34.92,25.73,1.24,-1.02,2.06,309.2,19.08,0.0,97.93,100210.0,97930.0
2021-08-18,100.07,72.37,29.63,34.61,25.36,0.08,-1.12,1.97,355.8,19.02,0.0,97.79,100070.0,97790.0
2021-08-19,100.03,78.25,29.68,34.27,25.37,-1.58,-0.57,2.32,70.0,20.68,1.62,97.75,100030.0,97750.0
2021-08-20,100.21,90.53,26.92,29.32,25.22,-2.95,-0.48,3.93,80.8,20.62,44.83,97.93,100210.0,97930.0
2021-08-21,100.31,90.34,27.49,31.12,25.29,-2.32,1.86,3.63,128.8,21.21,20.03,98.02,100310.0,98020.0
2021-08-22,100.34,85.24,28.43,32.27,25.58,-2.24,1.75,3.06,128.0,21.03,0.63,98.06,100340.0,98060.0
2021-08-23,100.1,82.74,29.08,32.28,25.59,-0.47,0.69,1.29,145.7,21.27,0.51,97.82,100100.0,97820.0
2021-08-24,100.02,82.74,28.67,31.0,26.11,0.89,-0.21,1.6,283.0,20.85,1.61,97.74,100020.0,97740.0
2021-08-25,99.75,80.95,28.49,32.64,25.08,2.82,0.46,3.6,260.7,20.05,2.74,97.49,99750.0,97490.0
2021-08-26,99.71,80.38,28.58,33.32,23.51,3.15,0.39,3.47,263.0,20.02,0.05,97.44,99710.0,97440.0
2021-08-27,99.92,74.34,29.69,34.37,24.91,1.29,1.04,1.93,230.9,19.42,6.35,97.64,99920.0,97640.0
2021-08-28,100.02,78.76,29.18,33.6,25.21,0.24,0.2,1.45,230.7,20.21,8.61,97.74,100020.0,97740.0
2021-08-29,100.12,82.71,28.81,33.25,24.87,-0.67,0.67,1.79,134.8,20.74,1.28,97.83,100120.0,97830.0
2021-08-30,100.45,85.41,27.74,31.63,24.8,-2.32,0.77,2.64,108.4,20.2,1.01,98.15,100450.0,98150.0
2021-08-31,100.6,87.03,26.81,31.51,23.75,-2.17,0.9,2.82,112.6,19.48,8.76,98.3,100600.0,98300.0
2021-09-01,100.6,88.3,26.64,29.83,24.16,-2.98,0.11,3.08,92.2,19.66,36.07,98.3,100600.0,98300.0
2021-09-02,100.34,89.38,26.57,29.29,23.92,-2.2,-0.42,2.4,79.2,19.94,17.27,98.05,100340.0,98050.0
2021-09-03,100.19,89.41,27.1,29.91,24.37,-2.65,1.01,2.97,110.9,20.58,16.8,97.91,100190.0,97910.0
2021-09-04,100.16,87.15,27.71,30.3,25.52,-0.75,1.69,2.17,156.0,20.74,11.04,97.88,100160.0,97880.0
2021-09-05,100.15,83.91,28.59,32.44,25.13,-0.68,0.33,1.19,116.1,20.93,3.8,97.87,100150.0,97870.0
2021-09-06,100.31,84.59,28.94,33.01,24.76,-1.46,1.19,1.96,129.1,21.56,4.12,98.03,100310.0,98030.0
2021-09-07,100.45,87.35,28.53,32.26,25.92,-3.28,0.42,3.35,97.4,21.73,2.55,98.16,100450.0,98160.0
2021-09-08,100.35,86.82,27.75,31.04,25.45,-4.8,0.94,4.97,101.1,20.62,0.16,98.06,100350.0,98060.0
2021-09-09,100.23,87.05,27.6,31.06,24.7,-3.13,0.7,3.25,102.6,20.53,3.58,97.94,100230.0,97940.0
2021-09-10,100.25,88.74,27.11,29.91,24.58,-3.84,0.91,4.05,103.4,20.37,17.09,97.96,100250.0,97960.0
2021-09-11,100.26,92.99,26.53,28.68,24.99,-4.25,0.02,4.27,90.3,20.73,15.42,97.97,100260.0,97970.0
2021-09-12,100.12,88.72,26.6,28.83,24.8,-2.65,-0.45,2.77,80.4,19.82,9.76,97.82,100120.0,97820.0
2021-09-13,100.09,82.46,27.52,31.7,23.67,-1.85,-1.29,2.37,55.2,19.35,6.13,97.8,100090.0,97800.0
2021-09-14,100.32,79.73,27.67,32.58,23.36,-2.41,-0.98,2.76,68.0,18.72,0.8,98.03,100320.0,98030.0
2021-09-15,100.43,83.6,27.14,32.65,23.11,-3.09,0.29,3.37,95.4,19.13,0.89,98.14,100430.0,98140.0
2021-09-16,100.32,86.03,26.47,30.4,23.8,-3.15,-0.58,3.33,79.5,18.99,10.07,98.03,100320.0,98030.0
2021-09-17,100.22,86.37,25.95,29.75,22.93,-2.94,-2.4,3.89,50.8,18.45,1.2,97.93,100220.0,97930.0
2021-09-18,100.41,87.1,26.86,31.09,23.17,-3.37,-0.93,3.66,74.6,19.65,0.01,98.12,100410.0,98120.0
2021-09-19,100.57,86.11,27.72,31.36,24.26,-2.7,0.81,2.92,106.7,20.35,0.02,98.27,100570.0,98270.0
2021-09-20,100.47,85.83,28.15,32.66,23.84,-2.1,1.51,2.64,125.8,20.82,0.0,98.18,100470.0,98180.0
2021-09-21,100.35,85.98,28.05,32.0,24.84,-1.85,1.96,2.73,136.5,20.75,12.91,98.06,100350.0,98060.0
2021-09-22,100.35,91.73,26.61,29.19,24.66,-2.16,1.29,2.57,120.8,20.5,7.11,98.06,100350.0,98060.0
2021-09-23,100.56,88.73,25.67,28.89,23.24,-2.26,0.13,2.64,93.4,18.66,9.8,98.26,100560.0,98260.0
2021-09-24,100.6,83.82,26.58,31.14,21.76,-2.22,-0.53,2.37,76.5,18.55,4.9,98.3,100600.0,98300.0
2021-09-25,100.48,84.86,27.39,31.43,23.65,-1.64,-0.77,2.06,64.9,19.66,2.47,98.18,100480.0,98180.0
2021-09-26,100.46,86.6,26.99,30.9,23.64,-2.45,0.32,2.53,97.6,19.62,0.38,98.16,100460.0,98160.0
2021-09-27,100.52,81.98,27.3,31.99,22.87,-2.01,-0.17,2.08,85.0,18.82,0.0,98.22,100520.0,98220.0
2021-09-28,100.61,84.15,27.09,31.73,23.55,-3.19,0.17,3.29,93.1,19.15,0.36,98.31,100610.0,98310.0
2021-09-29,100.7,85.82,26.67,30.42,23.27,-3.49,0.71,3.58,101.5,19.01,0.03,98.4,100700.0,98400.0
2021-09-30,100.82,84.59,27.37,31.35,23.81,-2.49,0.96,2.74,111.0,19.54,2.54,98.51,100820.0,98510.0
2021-10-01,100.74,81.8,28.28,32.41,24.45,-0.36,1.23,1.52,163.7,19.85,3.53,98.44,100740.0,98440.0
2021-10-02,100.59,80.0,28.53,32.74,24.67,0.76,-0.3,1.58,291.2,19.73,0.11,98.29,100590.0,98290.0
2021-10-03,100.41,80.49,28.18,33.12,23.94,2.4,-0.62,2.68,284.4,19.51,0.03,98.12,100410.0,98120.0
2021-10-04,100.4,73.35,28.81,33.26,24.75,0.62,-0.2,1.55,288.1,18.32,0.24,98.1,100400.0,98100.0
2021-10-05,100.72,79.91,27.6,32.95,23.09,-1.56,-0.7,2.23,65.7,18.51,4.77,98.41,100720.0,98410.0
2021-10-06,100.68,81.48,27.07,32.2,23.02,0.07,-1.41,1.98,357.3,18.39,0.06,98.38,100680.0,98380.0
2021-10-07,100.54,78.61,25.84,31.75,20.77,1.74,-1.6,2.4,312.5,16.39,0.0,98.24,100540.0,98240.0
2021-10-08,100.43,70.4,25.93,32.61,20.3,1.78,-0.82,2.33,294.8,14.73,0.0,98.13,100430.0,98130.0
2021-10-09,100.48,65.04,25.68,33.02,20.12,1.81,-1.38,2.6,307.5,13.39,0.0,98.18,100480.0,98180.0
2021-10-10,100.56,61.95,26.63,33.77,20.99,0.27,-1.26,1.87,347.8,13.42,0.0,98.25,100560.0,98250.0
2021-10-11,100.5,63.19,26.62,34.32,19.28,-1.26,0.83,1.83,123.3,13.44,0.0,98.2,100500.0,98200.0
2021-10-12,100.54,66.23,25.73,33.61,20.39,-0.37,-1.05,2.14,19.6,13.44,0.0,98.24,100540.0,98240.0
2021-10-13,100.62,67.35,23.86,32.26,18.53,2.15,-2.91,3.67,323.5,12.25,0.0,98.31,100620.0,98310.0
2021-10-14,100.6,64.66,23.17,31.6,16.07,2.21,-2.31,3.3,316.3,11.24,0.0,98.3,100600.0,98300.0
2021-10-15,100.4,65.03,25.64,33.06,18.04,0.5,-1.36,2.06,340.0,13.12,0.0,98.09,100400.0,98090.0
2021-10-16,100.49,60.81,26.46,32.56,19.85,-1.87,-0.26,1.94,82.2,12.88,0.05,98.18,100490.0,98180.0
2021-10-17,100.62,74.57,25.63,31.17,22.21,-1.36,-0.84,2.25,58.4,15.49,15.71,98.31,100620.0,98310.0
2021-10-18,100.5,93.11,22.13,25.33,20.46,-2.15,-4.13,4.9,27.4,15.94,71.1,98.18,100500.0,98180.0
2021-10-19,100.65,83.32,22.85,27.73,19.44,3.32,-2.96,4.58,311.7,14.68,0.01,98.32,100650.0,98320.0
2021-10-20,100.97,74.72,22.35,29.35,16.77,2.48,-1.69,3.14,304.3,12.57,0.08,98.64,100970.0,98640.0
2021-10-21,100.91,67.54,21.38,29.3,14.55,2.93,-1.55,3.38,297.9,10.68,0.0,98.59,100910.0,98590.0
2021-10-22,100.97,69.17,22.45,29.97,15.46,1.73,-0.74,2.83,293.2,11.65,0.0,98.63,100970.0,98630.0
2021-10-23,101.16,80.1,22.59,29.52,17.21,-1.0,2.79,2.97,160.3,13.66,0.0,98.81,101160.0,98810.0
2021-10-24,101.3,78.96,22.61,27.96,17.87,-1.84,1.4,2.62,127.3,13.48,19.29,98.93,101300.0,98930.0
2021-10-25,101.35,80.04,21.66,27.43,17.53,-0.26,-1.81,2.35,8.1,12.91,3.65,98.97,101350.0,98970.0
2021-10-26,101.29,72.63,20.37,26.54,15.04,1.83,-2.0,2.75,317.5,10.77,0.0,98.92,101290.0,98920.0
2021-10-27,101.46,68.46,19.39,26.55,14.58,1.56,-2.08,2.66,323.2,9.48,0.0,99.08,101460.0,99080.0
2021-10-28,101.47,69.23,19.81,26.71,13.49,1.44,-1.57,2.15,317.5,9.85,0.0,99.1,101470.0,99100.0
2021-10-29,101.64,58.89,21.45,27.69,16.19,0.19,-1.08,1.24,350.2,9.28,0.0,99.26,101640.0,99260.0
2021-10-30,101.53,71.35,19.19,27.22,13.13,2.53,-2.41,3.51,313.6,9.78,0.0,99.17,101530.0,99170.0
2021-10-31,101.32,64.25,20.03,27.6,12.85,1.55,-1.38,2.69,311.6,9.17,0.0,98.95,101320.0,98950.0
2021-11-01,101.3,67.24,19.49,28.29,12.48,-2.05,1.63,2.71,128.5,9.3,0.0,98.93,101300.0,98930.0
2021-11-02,101.45,73.43,18.56,27.13,12.49,-2.5,1.7,3.15,124.2,9.64,0.0,99.08,101450.0,99080.0
2021-11-03,101.41,74.27,19.36,27.19,13.52,-1.42,1.45,2.34,135.7,10.25,0.0,99.05,101410.0,99050.0
2021-11-04,101.34,70.07,19.59,25.93,14.29,-1.31,-0.24,1.79,79.7,9.93,0.0,98.96,101340.0,98960.0
2021-11-05,101.32,63.49,19.76,25.95,14.4,0.06,-1.17,1.62,356.8,9.04,0.0,98.93,101320.0,98930.0
2021-11-06,101.13,68.92,18.05,25.75,12.43,2.96,-1.32,3.38,294.0,8.87,0.0,98.78,101130.0,98780.0
2021-11-07,101.12,68.12,19.08,26.22,12.88,2.19,-1.54,2.78,305.1,9.35,0.0,98.77,101120.0,98770.0
2021-11-08,101.28,68.52,18.69,26.13,12.55,2.08,-1.49,2.69,305.6,9.19,0.0,98.92,101280.0,98920.0
2021-11-09,101.34,66.82,19.06,26.32,12.32,2.02,-1.65,2.73,309.2,9.19,0.0,98.98,101340.0,98980.0
2021-11-10,101.32,60.41,19.68,27.27,13.88,1.44,-1.49,2.29,316.1,8.55,0.0,98.95,101320.0,98950.0
2021-11-11,101.25,55.51,19.85,27.18,14.48,0.74,-1.15,1.62,327.5,7.98,0.0,98.88,101250.0,98880.0
2021-11-12,101.32,59.08,18.92,25.84,13.96,1.2,-0.93,1.9,307.7,8.07,0.0,98.95,101320.0,98950.0
2021-11-13,101.29,63.55,17.19,25.9,10.67,2.13,-1.72,2.83,309.0,7.62,0.0,98.92,101290.0,98920.0
2021-11-14,101.21,56.44,17.43,25.49,10.5,0.91,-1.67,2.11,331.5,6.77,0.0,98.84,101210.0,98840.0
2021-11-15,101.15,55.82,16.82,24.73,11.45,1.47,-1.16,2.09,308.4,6.63,0.0,98.77,101150.0,98770.0
2021-11-16,101.25,59.55,15.67,24.4,9.05,1.34,-1.9,2.37,324.8,6.47,0.0,98.88,101250.0,98880.0
2021-11-17,101.47,54.17,16.69,23.9,11.1,0.04,-0.16,1.44,344.8,6.38,0.0,99.11,101470.0,99110.0
2021-11-18,101.31,56.22,17.34,23.83,10.59,0.54,-0.05,1.04,275.0,6.82,0.0,98.96,101310.0,98960.0
2021-11-19,101.1,56.13,17.47,24.49,10.48,1.58,-0.85,1.84,298.3,6.88,0.0,98.75,101100.0,98750.0
2021-11-20,101.17,74.49,15.08,18.02,12.56,2.21,0.41,2.53,259.5,8.07,0.0,98.81,101170.0,98810.0
2021-11-21,101.25,67.6,16.12,25.33,9.78,2.76,-2.1,3.48,307.3,7.41,0.0,98.9,101250.0,98900.0
2021-11-22,101.19,59.92,15.58,25.07,9.23,3.79,-2.67,4.69,305.2,6.45,0.0,98.83,101190.0,98830.0
2021-11-23,101.11,52.59,16.14,24.59,8.31,2.18,-0.84,2.64,291.0,5.83,0.0,98.75,101110.0,98750.0
2021-11-24,101.31,54.77,16.08,25.36,9.28,-1.53,1.1,2.17,125.8,6.08,0.0,98.95,101310.0,98950.0
2021-11-25,101.41,61.67,16.44,25.26,8.1,-1.03,0.57,1.63,119.0,6.82,0.0,99.04,101410.0,99040.0
2021-11-26,101.4,56.03,17.1,24.75,12.59,-0.75,-0.34,1.49,65.9,6.71,0.0,99.03,101400.0,99030.0
2021-11-27,101.55,69.96,15.52,23.18,9.78,-2.31,0.67,2.5,106.1,7.67,0.0,99.16,101550.0,99160.0
2021-11-28,101.7,66.21,17.1,24.53,11.12,-1.39,-0.06,1.69,87.6,7.86,0.0,99.3,101700.0,99300.0
2021-11-29,101.71,61.4,16.42,25.14,11.32,2.04,-1.68,2.72,309.5,6.97,0.0,99.32,101710.0,99320.0
2021-11-30,101.63,60.09,16.12,24.24,8.71,2.1,-2.0,2.95,313.6,6.65,0.0,99.25,101630.0,99250.0
2021-12-01,101.68,66.52,14.81,18.6,12.06,0.79,-0.86,1.43,317.4,7.03,0.0,99.3,101680.0,99300.0
2021-12-02,101.68,69.75,14.34,18.92,10.75,1.42,-1.0,1.99,305.1,7.1,0.01,99.3,101680.0,99300.0
2021-12-03,101.74,59.67,15.72,21.32,9.97,1.03,-0.76,1.63,306.5,6.48,0.62,99.35,101740.0,99350.0
2021-12-04,101.57,52.07,18.05,25.03,11.63,0.42,-0.35,1.3,309.8,6.64,0.0,99.18,101570.0,99180.0
2021-12-05,101.58,61.05,17.94,25.38,11.29,-1.3,1.09,1.88,129.9,7.71,0.02,99.19,101580.0,99190.0
2021-12-06,101.6,71.02,17.28,24.43,12.57,0.78,-2.51,2.78,342.9,8.67,0.31,99.2,101600.0,99200.0
2021-12-07,101.71,66.55,14.76,23.53,8.73,2.38,-2.54,3.55,316.7,6.73,0.0,99.3,101710.0,99300.0
2021-12-08,101.73,57.26,14.8,23.23,7.6,1.69,-1.71,2.53,315.4,5.76,0.0,99.32,101730.0,99320.0
2021-12-09,101.96,52.27,15.66,22.81,10.39,-0.04,-0.84,1.13,2.6,5.68,0.0,99.54,101960.0,99540.0
2021-12-10,101.92,63.08,14.46,22.73,9.42,1.59,-1.75,2.44,317.8,6.32,0.0,99.51,101920.0,99510.0
2021-12-11,101.81,54.96,14.47,22.65,6.73,1.81,-1.21,2.28,303.8,5.39,0.0,99.4,101810.0,99400.0
2021-12-12,101.88,52.54,14.87,21.53,10.59,-1.05,0.41,1.48,111.2,5.4,0.0,99.47,101880.0,99470.0
2021-12-13,101.8,68.96,11.77,17.07,8.09,-1.89,1.08,2.35,119.7,5.9,0.0,99.38,101800.0,99380.0
2021-12-14,101.71,67.35,13.49,20.71,6.75,-1.4,0.48,1.8,108.7,6.35,0.0,99.28,101710.0,99280.0
2021-12-15,101.75,63.63,13.2,21.64,7.22,0.1,-2.59,2.68,357.9,5.84,0.0,99.31,101750.0,99310.0
2021-12-16,101.82,57.88,12.44,20.43,6.81,-0.46,-2.22,2.79,11.7,5.14,0.0,99.38,101820.0,99380.0
2021-12-17,102.03,57.21,10.01,18.69,4.26,2.84,-3.57,4.62,321.5,4.19,0.0,99.56,102030.0,99560.0
2021-12-18,101.99,50.5,8.6,17.45,2.65,3.75,-2.86,4.74,307.3,3.36,0.0,99.54,101990.0,99540.0
2021-12-19,101.89,50.02,8.07,17.77,1.34,3.38,-2.44,4.19,305.8,3.21,0.0,99.48,101890.0,99480.0
2021-12-20,101.76,44.72,9.78,18.92,1.3,2.24,-1.56,2.89,304.7,3.26,0.0,99.37,101760.0,99370.0
2021-12-21,101.66,39.03,12.48,20.96,6.44,0.76,-1.34,1.85,330.4,3.44,0.0,99.26,101660.0,99260.0
2021-12-22,101.42,43.99,13.2,21.65,7.56,-0.18,-0.81,1.73,12.9,4.02,0.0,99.04,101420.0,99040.0
2021-12-23,101.35,50.91,13.14,21.52,7.33,-2.05,0.77,2.33,110.5,4.72,0.0,98.97,101350.0,98970.0
2021-12-24,101.38,58.81,13.41,22.16,6.68,-1.93,0.26,2.33,97.7,5.56,0.0,98.98,101380.0,98980.0
2021-12-25,101.55,57.25,14.23,21.44,8.64,-1.12,-0.5,1.56,65.9,5.64,0.0,99.15,101550.0,99150.0
2021-12-26,101.82,65.98,13.61,19.2,9.23,-1.66,0.39,2.3,103.1,6.4,0.08,99.39,101820.0,99390.0
2021-12-27,101.88,69.4,14.99,21.9,10.75,-1.48,-1.46,2.29,45.3,7.19,1.4,99.45,101880.0,99450.0
2021-12-28,101.83,75.1,13.85,19.79,10.74,-0.63,0.72,1.8,138.4,7.38,0.69,99.38,101830.0,99380.0
2021-12-29,101.87,68.88,12.96,20.92,7.76,2.16,-1.37,2.86,302.4,6.19,0.52,99.42,101870.0,99420.0
2021-12-30,102.33,48.55,10.98,19.09,5.1,0.07,-2.0,2.04,358.1,3.72,0.0,99.87,102330.0,99870.0
2021-12-31,102.27,52.23,10.78,19.2,4.31,1.4,-2.06,2.69,325.8,4.06,0.0,99.83,102270.0,99830.0
2022-01-01,102.13,51.69,12.15,20.06,4.74,0.82,-1.23,1.61,326.4,4.44,0.0,99.71,102130.0,99710.0
2022-01-02,101.96,53.86,12.78,21.01,6.8,1.11,-1.56,2.05,324.4,4.79,0.0,99.55,101960.0,99550.0
2022-01-03,101.76,50.34,13.44,21.62,7.12,1.18,-1.12,1.74,313.5,4.7,0.0,99.36,101760.0,99360.0
2022-01-04,101.69,48.2,15.64,23.64,9.08,0.18,-0.57,1.51,342.6,5.19,0.0,99.29,101690.0,99290.0
2022-01-05,101.63,68.57,13.32,16.92,10.83,-2.12,1.05,2.95,116.4,6.55,8.67,99.22,101630.0,99220.0
2022-01-06,101.65,86.68,13.44,17.47,10.53,-3.11,2.55,4.05,129.4,8.34,0.67,99.23,101650.0,99230.0
2022-01-07,101.63,88.36,14.48,19.06,10.84,-3.04,2.7,4.19,131.6,9.14,2.06,99.22,101630.0,99220.0
2022-01-08,101.5,91.91,15.06,18.3,12.87,-4.6,2.51,5.31,118.6,9.92,27.46,99.1,101500.0,99100.0
2022-01-09,101.46,91.16,14.3,18.94,10.31,-0.36,-0.33,1.94,47.2,9.33,12.54,99.04,101460.0,99040.0
2022-01-10,101.76,81.0,11.13,17.6,6.34,1.75,-2.11,2.79,320.3,6.58,1.22,99.31,101760.0,99310.0
2022-01-11,101.77,75.84,10.31,18.17,4.52,1.87,-1.85,2.73,314.7,5.79,0.09,99.32,101770.0,99320.0
2022-01-12,101.73,77.28,10.62,18.01,4.8,1.54,-1.26,2.04,309.4,6.04,0.01,99.27,101730.0,99270.0
2022-01-13,101.76,75.83,11.99,17.82,6.18,0.48,-0.7,1.18,325.6,6.54,0.0,99.3,101760.0,99300.0
2022-01-14,101.81,78.08,11.41,17.8,6.69,0.99,-1.1,1.52,317.9,6.45,0.0,99.37,101810.0,99370.0
2022-01-15,101.92,78.34,10.56,17.92,4.95,1.44,-1.41,2.17,314.6,6.18,0.0,99.5,101920.0,99500.0
2022-01-16,101.99,69.72,11.15,17.98,4.26,1.63,-0.72,2.02,293.8,5.55,0.0,99.58,101990.0,99580.0
2022-01-17,102.06,70.24,10.84,17.37,5.57,0.54,-0.47,1.39,311.0,5.6,0.0,99.65,102060.0,99650.0
2022-01-18,101.82,76.04,10.33,18.53,3.97,2.13,-1.52,2.9,305.6,5.75,0.0,99.42,101820.0,99420.0
2022-01-19,101.58,77.95,10.18,16.65,4.84,1.17,-1.25,1.95,317.1,5.96,0.0,99.17,101580.0,99170.0
2022-01-20,101.15,78.1,12.47,18.12,7.67,-0.66,-0.21,1.32,72.3,7.03,0.79,98.74,101150.0,98740.0
2022-01-21,101.19,77.23,13.34,20.18,8.64,-0.97,0.25,1.56,104.3,7.24,0.05,98.76,101190.0,98760.0
2022-01-22,100.79,89.11,10.86,13.83,8.17,-5.65,3.09,6.49,118.7,7.37,10.05,98.37,100790.0,98370.0
2022-01-23,101.01,87.92,11.55,15.79,9.27,-0.47,0.5,2.44,136.6,7.57,11.51,98.57,101010.0,98570.0
2022-01-24,101.43,80.61,10.79,15.81,4.78,1.68,-0.93,2.11,299.0,6.47,0.13,98.95,101430.0,98950.0
2022-01-25,101.5,82.9,10.33,16.16,5.09,1.69,-1.64,2.48,314.2,6.52,0.01,99.03,101500.0,99030.0
2022-01-26,101.6,82.38,9.84,16.38,5.17,2.3,-1.91,3.0,309.7,6.24,0.01,99.13,101600.0,99130.0
2022-01-27,101.66,73.47,10.14,18.62,4.17,3.24,-1.94,3.82,300.9,5.51,0.0,99.21,101660.0,99210.0
2022-01-28,101.63,63.86,10.26,19.47,3.37,3.74,-1.66,4.14,293.9,4.81,0.0,99.21,101630.0,99210.0
2022-01-29,101.62,61.96,11.43,20.99,4.1,2.79,-1.37,3.22,296.1,5.01,0.0,99.22,101620.0,99220.0
2022-01-30,101.18,67.69,12.49,22.13,5.78,3.63,-1.95,4.17,298.2,6.0,0.0,98.8,101180.0,98800.0
2022-01-31,101.13,60.51,14.75,23.47,7.43,0.63,-0.5,1.75,308.2,6.03,0.0,98.74,101130.0,98740.0
2022-02-01,101.08,62.99,14.24,23.27,8.61,1.46,-1.28,2.65,311.2,6.19,0.0,98.68,101080.0,98680.0
2022-02-02,101.04,60.32,13.05,21.74,5.14,0.37,-0.35,2.83,313.4,5.37,0.0,98.66,101040.0,98660.0
2022-02-03,100.64,72.66,12.45,18.02,7.87,-2.5,1.35,4.58,118.4,6.55,8.65,98.24,100640.0,98240.0
2022-02-04,100.96,85.13,11.25,16.97,7.18,2.4,-2.12,3.46,311.4,7.07,0.69,98.51,100960.0,98510.0
2022-02-05,101.35,71.1,11.69,19.58,5.05,1.32,-1.63,2.2,321.0,5.95,0.06,98.93,101350.0,98930.0
2022-02-06,101.56,58.74,13.08,21.46,5.56,0.47,-0.09,2.0,280.2,5.27,0.0,99.15,101560.0,99150.0
2022-02-07,101.49,60.52,14.34,23.83,6.11,-0.73,0.51,2.36,125.1,5.79,0.0,99.08,101490.0,99080.0
2022-02-08,101.33,66.26,16.07,23.79,10.39,-0.55,-0.86,1.73,32.8,7.43,2.18,98.92,101330.0,98920.0
2022-02-09,101.53,88.45,13.75,17.78,10.73,-0.81,-0.7,2.21,49.1,8.78,9.85,99.1,101530.0,99100.0
2022-02-10,101.73,73.3,12.93,21.27,6.19,2.6,-2.19,3.51,310.1,6.66,0.0,99.29,101730.0,99290.0
2022-02-11,101.56,63.74,12.24,20.87,6.01,3.78,-2.17,4.4,299.8,5.47,0.0,99.14,101560.0,99140.0
2022-02-12,101.39,57.62,13.35,22.87,5.26,3.15,-1.64,3.62,297.4,5.26,0.0,99.0,101390.0,99000.0
2022-02-13,101.33,49.79,15.41,23.82,7.78,0.25,-0.12,1.79,295.0,5.27,0.0,98.92,101330.0,98920.0
2022-02-14,101.34,54.54,15.48,24.12,8.29,-0.52,0.6,2.01,139.5,5.8,0.0,98.93,101340.0,98930.0
2022-02-15,101.33,57.54,16.2,24.89,8.43,-0.3,0.06,2.05,100.9,6.38,0.0,98.92,101330.0,98920.0
2022-02-16,101.12,55.11,16.83,25.47,10.19,1.66,-1.1,2.68,303.4,6.46,0.0,98.72,101120.0,98720.0
2022-02-17,101.07,55.68,16.25,25.77,9.48,1.21,-2.12,2.75,330.3,6.19,0.0,98.67,101070.0,98670.0
2022-02-18,101.2,51.73,16.78,26.72,10.01,0.89,-1.83,2.55,334.0,5.89,0.12,98.81,101200.0,98810.0
2022-02-19,101.33,55.98,16.02,25.34,9.0,2.22,-2.52,3.56,318.6,6.07,0.01,98.93,101330.0,98930.0
2022-02-20,100.8,55.86,15.12,24.17,8.31,4.03,-2.01,4.54,296.6,5.75,0.0,98.41,100800.0,98410.0
2022-02-21,100.79,47.17,16.25,25.85,6.95,1.58,-1.39,2.9,311.4,5.02,0.0,98.42,100790.0,98420.0
2022-02-22,101.0,52.83,17.03,27.13,8.74,-4.78,3.02,5.75,122.2,6.11,0.0,98.65,101000.0,98650.0
2022-02-23,101.37,61.15,16.42,23.8,10.25,-3.35,1.47,3.76,113.7,6.98,0.0,98.99,101370.0,98990.0
2022-02-24,101.55,63.03,17.75,25.91,10.26,-0.62,-0.98,1.98,32.4,7.55,0.01,99.15,101550.0,99150.0
2022-02-25,101.55,55.2,18.99,27.85,12.2,-2.4,-0.05,2.53,88.9,7.18,2.25,99.15,101550.0,99150.0
2022-02-26,101.61,64.97,16.99,24.23,11.25,-4.63,0.97,5.29,101.8,7.67,4.02,99.21,101610.0,99210.0
2022-02-27,101.76,63.0,17.2,25.71,11.17,0.53,-2.89,3.25,349.6,7.43,0.01,99.35,101760.0,99350.0
2022-02-28,101.61,57.24,16.21,25.64,8.25,2.48,-2.2,3.37,311.5,6.1,0.0,99.22,101610.0,99220.0
2022-03-01,101.62,47.73,17.66,27.06,9.13,1.33,-1.64,2.36,321.0,5.59,0.0,99.23,101620.0,99230.0
2022-03-02,101.61,48.71,18.97,27.45,12.08,0.66,-1.52,2.37,336.3,6.4,0.0,99.22,101610.0,99220.0
2022-03-03,101.46,48.23,20.16,28.87,12.03,-1.24,0.04,2.03,91.9,6.74,0.0,99.08,101460.0,99080.0
2022-03-04,101.53,58.76,19.12,27.14,12.83,1.69,-2.23,3.1,322.9,7.9,0.0,99.14,101530.0,99140.0
2022-03-05,101.38,57.04,18.31,28.2,10.11,3.05,-2.01,3.69,303.3,7.02,0.0,99.02,101380.0,99020.0
2022-03-06,101.27,48.31,19.58,27.01,12.51,0.57,-0.4,2.02,304.9,6.63,0.0,98.92,101270.0,98920.0
2022-03-07,101.42,46.45,20.52,29.63,14.27,-1.2,0.17,1.9,98.2,6.7,0.0,99.06,101420.0,99060.0
2022-03-08,101.34,46.47,21.4,31.12,15.03,1.38,-2.06,2.94,326.3,7.08,0.0,98.98,101340.0,98980.0
2022-03-09,101.2,46.1,21.67,32.17,13.2,1.92,-2.82,3.66,325.7,6.88,0.0,98.85,101200.0,98850.0
2022-03-10,101.18,47.65,21.67,30.77,13.81,2.81,-2.5,3.87,311.7,7.27,0.0,98.82,101180.0,98820.0
2022-03-11,101.2,49.44,21.74,31.56,13.89,2.68,-2.44,3.7,312.3,7.49,0.0,98.84,101200.0,98840.0
2022-03-12,101.04,45.53,21.73,31.69,12.86,2.74,-1.93,3.42,305.2,6.95,0.0,98.7,101040.0,98700.0
2022-03-13,100.99,43.0,24.66,33.64,15.81,2.39,-1.35,2.97,299.4,8.0,0.0,98.66,100990.0,98660.0
2022-03-14,100.92,45.33,25.7,34.36,17.92,1.22,-1.64,2.49,323.4,9.1,0.0,98.6,100920.0,98600.0
2022-03-15,100.65,46.54,26.71,36.16,19.05,2.1,-1.74,2.98,309.7,9.63,0.0,98.35,100650.0,98350.0
2022-03-16,100.42,44.93,26.2,37.24,16.94,3.53,-2.51,4.41,305.4,8.62,0.0,98.13,100420.0,98130.0
2022-03-17,100.52,45.29,26.1,36.46,17.14,0.15,-1.31,2.42,353.4,8.9,0.0,98.23,100520.0,98230.0
2022-03-18,100.65,49.39,27.38,36.44,19.34,-2.23,1.4,2.81,122.1,10.74,0.0,98.35,100650.0,98350.0
2022-03-19,100.44,41.2,28.37,37.51,19.73,-1.09,0.59,2.14,118.3,9.4,0.0,98.14,100440.0,98140.0
2022-03-20,100.28,36.97,29.05,38.85,20.36,-1.03,0.18,1.77,99.8,8.71,0.0,97.99,100280.0,97990.0
2022-03-21,100.52,36.23,28.07,37.42,21.9,0.49,-1.78,2.7,344.6,8.03,0.0,98.21,100520.0,98210.0
2022-03-22,100.6,36.66,26.86,37.05,18.86,3.55,-2.91,4.7,309.3,7.39,0.0,98.29,100600.0,98290.0
2022-03-23,100.61,31.33,27.66,37.22,17.76,1.44,-1.83,2.55,321.8,6.55,0.0,98.3,100610.0,98300.0
2022-03-24,100.4,32.83,27.53,36.59,20.28,1.77,-0.36,2.91,281.4,7.1,0.0,98.09,100400.0,98090.0
2022-03-25,100.54,32.66,26.72,37.21,18.42,2.7,-2.61,3.89,314.1,6.45,0.0,98.22,100540.0,98220.0
2022-03-26,100.72,30.66,25.96,36.84,17.21,4.19,-2.64,5.01,302.2,5.76,0.0,98.4,100720.0,98400.0
2022-03-27,100.71,25.49,27.64,38.83,15.73,2.85,-2.09,3.59,306.2,5.15,0.0,98.4,100710.0,98400.0
2022-03-28,100.62,21.92,29.29,39.05,19.76,1.29,-0.61,2.09,295.3,5.08,0.0,98.32,100620.0,98320.0
2022-03-29,100.4,24.92,29.52,40.91,20.07,1.5,-2.15,2.99,325.2,5.76,0.0,98.11,100400.0,98110.0
2022-03-30,100.42,24.41,30.09,40.87,21.36,-0.68,-0.91,2.08,36.6,6.03,0.0,98.13,100420.0,98130.0
2022-03-31,100.47,27.67,29.88,41.26,19.8,-1.62,0.15,2.73,95.3,6.67,0.0,98.19,100470.0,98190.0
2022-04-01,100.56,24.84,28.84,39.02,19.49,2.72,-2.41,3.74,311.5,5.31,0.0,98.25,100560.0,98250.0
2022-04-02,100.7,20.27,29.3,39.79,20.52,0.1,-0.67,2.23,351.8,4.64,0.0,98.4,100700.0,98400.0
2022-04-03,100.6,18.98,29.76,41.15,18.09,0.14,0.08,2.92,239.2,4.28,0.0,98.31,100600.0,98310.0
2022-04-04,100.57,17.78,30.02,40.35,20.44,2.6,-1.36,3.22,297.6,4.19,0.0,98.28,100570.0,98280.0
2022-04-05,100.86,19.83,29.71,40.85,19.9,1.95,-2.49,3.4,321.9,4.43,0.0,98.56,100860.0,98560.0
2022-04-06,100.86,18.38,30.87,41.27,21.23,1.71,-1.97,2.92,319.2,4.46,0.0,98.56,100860.0,98560.0
2022-04-07,100.77,17.95,31.83,41.7,22.96,1.47,-1.53,2.48,316.1,4.83,0.0,98.48,100770.0,98480.0
2022-04-08,100.49,17.08,32.98,42.9,23.92,1.46,-1.36,2.21,313.1,4.74,0.0,98.21,100490.0,98210.0
2022-04-09,100.32,15.61,33.91,43.38,26.43,1.52,-1.4,2.25,312.6,4.81,0.0,98.05,100320.0,98050.0
2022-04-10,100.23,17.08,32.88,43.82,23.17,2.83,-2.17,3.8,307.4,4.66,0.0,97.97,100230.0,97970.0
2022-04-11,100.19,15.69,34.06,43.78,24.61,1.85,-1.52,2.63,309.4,4.79,0.0,97.93,100190.0,97930.0
2022-04-12,100.18,14.35,34.07,42.93,27.51,0.67,0.51,2.19,232.9,4.66,0.0,97.91,100180.0,97910.0
2022-04-13,100.15,18.04,32.56,41.9,22.68,0.75,0.48,2.69,237.1,5.16,0.0,97.88,100150.0,97880.0
2022-04-14,100.1,17.32,32.11,41.73,22.84,2.22,-2.32,3.38,316.3,4.91,0.0,97.82,100100.0,97820.0
2022-04-15,100.1,18.63,31.62,41.43,22.94,0.07,-0.76,3.48,354.6,4.97,0.04,97.82,100100.0,97820.0
2022-04-16,100.07,14.92,32.28,41.9,23.74,-0.25,-0.5,2.61,26.4,4.09,0.0,97.78,100070.0,97780.0
2022-04-17,100.17,16.6,32.25,42.23,21.97,-0.99,-1.24,2.84,38.7,4.41,0.0,97.89,100170.0,97890.0
2022-04-18,100.31,14.1,34.0,43.82,23.24,0.02,-1.13,3.04,358.9,4.23,0.0,98.04,100310.0,98040.0
2022-04-19,100.49,14.11,35.23,43.86,26.59,2.73,-1.77,3.33,302.9,4.88,0.0,98.22,100490.0,98220.0
2022-04-20,100.34,17.46,34.61,43.29,25.97,3.59,-2.87,4.73,308.6,5.67,0.0,98.07,100340.0,98070.0
2022-04-21,100.59,30.48,30.59,35.69,25.52,1.45,-0.58,3.48,291.8,8.33,0.06,98.29,100590.0,98290.0
2022-04-22,100.61,27.41,31.71,40.53,23.22,0.02,-1.53,2.32,359.3,7.15,0.0,98.31,100610.0,98310.0
2022-04-23,100.6,16.62,32.36,41.29,24.0,1.78,-2.42,3.28,323.6,4.63,0.0,98.29,100600.0,98290.0
2022-04-24,100.37,16.62,32.77,41.88,23.63,3.6,-3.02,4.87,310.0,4.79,0.0,98.08,100370.0,98080.0
2022-04-25,100.26,15.76,33.71,42.74,24.61,2.58,-2.27,3.68,311.3,5.03,0.0,97.99,100260.0,97990.0
2022-04-26,100.31,14.87,34.82,43.09,27.84,2.31,-2.12,3.41,312.5,4.96,0.0,98.03,100310.0,98030.0
2022-04-27,100.26,11.9,34.61,43.93,26.59,2.21,-2.21,3.38,315.0,3.8,0.0,97.99,100260.0,97990.0
2022-04-28,100.24,10.67,36.03,45.85,26.26,2.19,-1.39,2.62,302.4,3.71,0.0,97.98,100240.0,97980.0
2022-04-29,100.16,13.12,36.52,46.22,26.98,3.36,-1.67,3.82,296.4,4.7,0.0,97.91,100160.0,97910.0
2022-04-30,99.92,10.88,36.95,45.85,26.75,1.91,-0.82,2.67,293.3,4.01,0.0,97.67,99920.0,97670.0
2022-05-01,99.86,13.41,35.43,44.19,27.73,-3.24,2.06,4.13,122.4,4.69,0.0,97.61,99860.0,97610.0
2022-05-02,99.9,19.12,35.4,43.62,27.17,-3.51,1.6,4.24,114.4,6.68,0.0,97.64,99900.0,97640.0
2022-05-03,100.14,22.8,34.72,42.45,26.89,-1.82,1.2,2.39,123.5,7.6,0.0,97.87,100140.0,97870.0
2022-05-04,100.35,24.61,35.23,42.49,28.41,-1.52,1.66,2.87,137.5,8.27,4.91,98.07,100350.0,98070.0
2022-05-05,100.43,34.95,32.5,39.22,26.15,0.42,-1.17,2.37,340.4,10.24,0.17,98.14,100430.0,98140.0
2022-05-06,100.35,28.74,33.93,41.29,26.5,0.71,-0.58,2.55,309.3,9.08,0.0,98.07,100350.0,98070.0
2022-05-07,100.35,24.03,34.53,41.89,27.26,-0.18,-0.69,2.38,14.8,7.75,0.0,98.06,100350.0,98060.0
2022-05-08,100.13,20.21,35.02,42.61,26.47,-1.43,0.7,2.15,116.2,6.81,0.0,97.87,100130.0,97870.0
2022-05-09,100.13,27.55,34.58,42.29,26.6,-2.8,1.51,3.34,118.3,9.07,0.0,97.86,100130.0,97860.0
2022-05-10,100.14,33.02,35.13,41.89,28.37,-2.38,1.44,3.2,121.1,11.4,0.0,97.87,100140.0,97870.0
2022-05-11,99.94,31.65,35.96,43.02,28.28,-1.68,0.56,2.88,108.3,11.5,0.09,97.69,99940.0,97690.0
2022-05-12,99.78,28.59,37.27,44.44,29.97,-0.68,1.09,3.08,148.3,10.88,0.0,97.54,99780.0,97540.0
2022-05-13,99.49,19.95,37.65,46.21,28.71,0.35,-0.67,3.3,332.8,7.35,0.09,97.26,99490.0,97260.0
2022-05-14,99.53,12.47,38.23,47.11,29.78,2.84,-1.52,3.62,298.3,4.7,0.0,97.29,99530.0,97290.0
2022-05-15,99.66,10.53,37.89,47.49,28.66,2.51,-1.48,3.24,300.5,4.1,0.0,97.44,99660.0,97440.0
2022-05-16,99.72,13.64,37.37,44.58,29.48,2.74,-1.2,3.41,293.7,5.43,0.0,97.49,99720.0,97490.0
2022-05-17,99.78,15.13,36.15,43.95,27.4,-0.65,0.04,2.17,93.6,5.29,0.03,97.52,99780.0,97520.0
2022-05-18,99.96,16.75,36.36,43.69,28.52,-1.71,1.12,2.56,123.2,6.15,0.0,97.7,99960.0,97700.0
2022-05-19,99.89,16.1,37.47,45.5,28.77,1.11,-0.36,3.16,287.9,6.16,0.0,97.64,99890.0,97640.0
2022-05-20,99.58,14.61,38.75,46.78,29.97,2.7,-1.12,3.79,292.6,6.12,0.0,97.35,99580.0,97350.0
2022-05-21,99.44,22.12,35.8,44.37,27.92,-1.68,2.56,3.84,146.7,7.92,0.7,97.2,99440.0,97200.0
2022-05-22,99.37,21.34,34.56,42.62,25.71,-0.96,0.42,2.0,113.8,6.72,0.0,97.11,99370.0,97110.0
2022-05-23,99.64,39.39,31.15,38.03,23.6,-4.29,2.81,5.19,123.2,10.62,19.43,97.36,99640.0,97360.0
2022-05-24,100.36,54.26,28.68,34.34,23.01,-1.9,1.84,3.32,134.1,13.17,10.39,98.05,100360.0,98050.0
2022-05-25,100.39,44.22,30.41,36.93,24.2,0.61,-0.67,1.79,317.7,11.7,0.01,98.08,100390.0,98080.0
2022-05-26,100.13,39.34,32.07,39.03,25.02,0.23,-1.11,2.2,348.4,11.32,0.0,97.84,100130.0,97840.0
2022-05-27,99.8,37.21,34.04,40.72,26.88,1.03,0.02,2.52,268.7,12.18,0.01,97.54,99800.0,97540.0
2022-05-28,99.59,33.59,36.72,43.53,29.5,2.08,0.49,2.75,256.8,12.47,0.4,97.34,99590.0,97340.0
2022-05-29,99.68,33.99,34.64,42.91,26.44,1.28,-0.7,2.66,298.6,11.22,0.19,97.43,99680.0,97430.0
2022-05-30,99.74,39.21,33.93,41.86,26.29,-0.63,0.96,1.75,146.6,12.17,5.07,97.49,99740.0,97490.0
2022-05-31,99.79,30.13,33.67,41.53,26.29,0.92,-0.54,1.99,300.5,9.17,0.14,97.53,99790.0,97530.0
2022-06-01,99.82,23.79,35.96,44.39,29.28,1.78,-2.32,3.09,322.5,8.04,0.0,97.57,99820.0,97570.0
2022-06-02,99.8,21.66,36.06,43.69,27.2,2.03,-1.69,2.78,309.8,7.68,0.0,97.54,99800.0,97540.0
2022-06-03,99.7,19.68,36.37,44.32,28.53,1.88,-2.12,3.08,318.4,6.86,0.0,97.45,99700.0,97450.0
2022-06-04,99.73,16.84,36.8,44.77,29.55,0.76,-0.9,1.9,319.8,6.15,0.0,97.49,99730.0,97490.0
2022-06-05,99.77,19.28,37.04,45.01,27.47,2.47,-0.26,2.97,275.9,7.23,0.0,97.53,99770.0,97530.0
2022-06-06,99.7,15.24,37.5,44.58,28.53,1.79,0.9,2.42,243.4,5.78,0.0,97.45,99700.0,97450.0
2022-06-07,99.62,15.74,37.79,45.91,30.49,2.96,-0.81,3.35,285.3,6.3,0.0,97.38,99620.0,97380.0
2022-06-08,99.6,17.91,37.05,45.26,29.36,5.14,-1.34,5.36,284.6,6.84,0.0,97.37,99600.0,97370.0
2022-06-09,99.53,18.98,38.1,45.13,29.52,2.74,-0.08,2.98,271.7,7.68,0.0,97.29,99530.0,97290.0
2022-06-10,99.57,20.43,37.83,45.55,30.67,4.63,-1.4,5.1,286.8,8.48,0.0,97.33,99570.0,97330.0
2022-06-11,99.62,20.46,38.18,45.96,29.65,5.28,-1.95,5.68,290.3,8.47,0.0,97.38,99620.0,97380.0
2022-06-12,99.73,20.51,38.44,46.01,30.59,3.89,-2.03,4.45,297.6,8.51,0.0,97.49,99730.0,97490.0
2022-06-13,99.85,20.56,39.33,45.91,32.15,4.14,-1.14,4.63,285.4,9.08,0.0,97.61,99850.0,97610.0
2022-06-14,99.82,31.84,38.16,44.23,32.7,6.16,-1.49,6.4,283.6,13.21,0.0,97.57,99820.0,97570.0
2022-06-15,99.66,32.0,38.67,44.86,32.44,4.8,-0.95,4.94,281.2,13.46,0.26,97.42,99660.0,97420.0
2022-06-16,99.74,35.62,37.78,42.87,31.75,2.36,0.18,3.36,265.6,14.7,0.66,97.49,99740.0,97490.0
2022-06-17,99.86,55.03,33.64,37.71,29.81,0.32,-0.59,2.48,331.3,18.14,12.85,97.59,99860.0,97590.0
2022-06-18,100.04,57.97,31.57,36.33,27.23,0.31,0.14,1.41,245.4,16.94,11.14,97.75,100040.0,97750.0
2022-06-19,99.98,58.84,31.01,35.65,25.54,1.03,1.22,1.88,220.2,16.42,3.82,97.69,99980.0,97690.0
2022-06-20,99.82,41.42,32.74,38.45,26.42,1.4,0.2,1.49,262.1,12.41,0.01,97.54,99820.0,97540.0
2022-06-21,99.76,41.32,32.66,37.61,26.68,-0.14,1.75,2.07,175.4,12.83,0.1,97.48,99760.0,97480.0
2022-06-22,100.15,41.08,33.75,39.72,27.75,-0.26,0.15,2.27,119.6,13.11,0.02,97.86,100150.0,97860.0
2022-06-23,100.26,38.36,33.46,40.58,27.62,3.21,-3.17,4.64,314.6,11.95,0.0,97.97,100260.0,97970.0
2022-06-24,99.99,31.36,33.24,41.38,25.16,3.01,-2.39,3.86,308.4,9.17,0.0,97.72,99990.0,97720.0
2022-06-25,99.74,28.69,34.68,42.03,26.95,0.05,-0.71,1.62,355.5,9.49,0.0,97.48,99740.0,97480.0
2022-06-26,99.82,30.69,35.37,42.0,27.34,-2.87,1.64,3.44,119.7,11.01,0.1,97.56,99820.0,97560.0
2022-06-27,99.91,42.39,36.4,41.52,31.07,-2.64,1.73,3.22,123.3,16.24,0.0,97.65,99910.0,97650.0
2022-06-28,99.59,37.93,37.84,43.58,32.1,-1.2,0.23,2.53,101.0,15.51,0.09,97.34,99590.0,97340.0
2022-06-29,99.3,39.37,38.36,44.75,32.35,0.8,0.39,3.08,244.2,16.31,3.22,97.07,99300.0,97070.0
2022-06-30,99.67,74.53,30.97,34.48,27.31,-2.31,2.02,3.52,131.2,21.43,19.88,97.41,99670.0,97410.0
2022-07-01,99.72,70.42,30.79,35.91,26.35,-1.51,2.14,3.59,144.8,19.64,12.31,97.44,99720.0,97440.0
2022-07-02,99.61,60.74,32.3,37.55,27.16,0.2,2.28,2.96,185.0,18.34,3.2,97.34,99610.0,97340.0
2022-07-03,99.68,56.24,33.75,38.59,28.37,-1.98,2.54,3.47,142.0,18.64,0.4,97.41,99680.0,97410.0
2022-07-04,99.67,54.6,34.53,39.03,29.83,-1.14,1.18,1.76,135.9,18.88,1.02,97.4,99670.0,97400.0
2022-07-05,99.69,53.58,33.66,36.82,29.98,-2.99,1.17,3.29,111.4,17.74,0.94,97.43,99690.0,97430.0
2022-07-06,99.95,49.95,34.57,39.95,28.94,-4.09,1.71,4.53,112.7,17.31,1.83,97.68,99950.0,97680.0
2022-07-07,100.08,48.39,35.2,40.63,30.04,-3.6,1.81,4.17,116.7,17.15,0.06,97.81,100080.0,97810.0
2022-07-08,99.8,45.96,36.16,41.88,30.76,-1.7,1.37,2.42,128.9,17.2,0.01,97.54,99800.0,97540.0
2022-07-09,99.71,55.44,32.89,35.71,28.84,-3.28,2.06,3.99,122.1,17.77,4.06,97.44,99710.0,97440.0
2022-07-10,99.83,57.0,32.35,38.69,27.41,-1.52,-0.97,2.65,57.4,17.28,0.17,97.56,99830.0,97560.0
2022-07-11,99.86,52.85,34.47,39.9,28.72,-0.71,-1.21,2.22,30.3,17.85,2.68,97.59,99860.0,97590.0
2022-07-12,99.8,59.13,33.32,37.42,29.9,-1.75,-1.08,2.35,58.3,19.19,19.25,97.54,99800.0,97540.0
2022-07-13,99.58,54.07,34.47,39.57,28.78,-1.93,0.05,2.14,91.4,18.43,0.15,97.32,99580.0,97320.0
2022-07-14,99.63,51.59,34.35,40.27,29.37,-4.22,0.56,4.66,97.6,17.55,0.19,97.37,99630.0,97370.0
2022-07-15,99.79,46.73,35.0,40.64,30.26,-5.16,1.86,5.56,109.8,16.3,0.25,97.53,99790.0,97530.0
2022-07-16,99.91,56.32,33.12,37.05,28.92,-3.87,1.75,4.31,114.3,18.16,11.37,97.63,99910.0,97630.0
2022-07-17,100.06,53.58,34.61,40.16,28.97,-2.82,0.93,3.32,108.2,18.22,0.72,97.78,100060.0,97780.0
2022-07-18,99.88,51.19,35.56,41.95,28.83,-2.01,-0.42,2.56,78.2,18.14,0.52,97.62,99880.0,97620.0
2022-07-19,99.71,51.94,35.77,41.85,30.04,-0.41,-0.85,1.8,25.5,18.96,1.61,97.45,99710.0,97450.0
2022-07-20,99.76,70.18,32.27,34.53,29.72,0.34,-0.05,1.71,277.6,21.79,15.97,97.51,99760.0,97510.0
2022-07-21,100.03,81.61,29.13,30.73,27.75,-0.88,0.75,1.57,130.6,21.2,10.44,97.76,100030.0,97760.0
2022-07-22,100.13,68.34,31.17,36.08,26.86,-2.11,0.63,2.32,106.7,19.43,2.23,97.85,100130.0,97850.0
2022-07-23,100.02,70.18,30.8,36.93,26.81,-4.68,2.2,5.28,115.2,19.5,4.52,97.74,100020.0,97740.0
2022-07-24,100.04,67.0,30.8,34.54,27.69,-4.72,1.79,5.18,110.7,18.87,1.33,97.76,100040.0,97760.0
2022-07-25,100.24,63.86,31.23,35.47,26.96,-4.45,2.44,5.18,118.8,18.25,0.81,97.96,100240.0,97960.0
2022-07-26,100.36,69.13,30.62,35.66,26.34,-3.13,2.8,4.33,131.9,18.99,3.53,98.07,100360.0,98070.0
2022-07-27,100.31,67.08,30.64,35.06,26.54,-1.31,3.03,3.33,156.7,18.64,8.05,98.02,100310.0,98020.0
2022-07-28,100.39,77.7,29.7,33.86,26.44,-0.56,1.27,2.15,156.1,20.5,14.38,98.11,100390.0,98110.0
2022-07-29,100.35,78.73,29.5,32.79,26.84,1.64,0.8,1.88,244.0,20.58,8.73,98.06,100350.0,98060.0
2022-07-30,100.18,77.14,29.62,33.14,26.76,1.79,0.38,2.03,257.9,20.27,7.54,97.89,100180.0,97890.0
2022-07-31,99.91,74.0,30.18,34.31,26.31,1.78,0.67,2.01,249.3,20.1,8.1,97.63,99910.0,97630.0
2022-08-01,99.88,76.28,29.86,34.32,26.88,2.41,0.23,2.74,264.7,20.42,2.34,97.6,99880.0,97600.0
2022-08-02,99.86,69.04,31.43,37.0,25.88,1.05,-1.54,1.89,325.6,19.86,0.56,97.58,99860.0,97580.0
2022-08-03,100.03,65.37,31.91,35.95,27.36,-0.94,-0.03,1.12,88.3,19.51,1.24,97.75,100030.0,97750.0
2022-08-04,100.08,72.74,30.62,35.01,27.04,-1.97,1.69,2.64,130.7,20.21,7.83,97.8,100080.0,97800.0
2022-08-05,99.98,73.22,30.23,34.53,26.48,-2.22,1.62,2.76,126.1,19.89,5.93,97.69,99980.0,97690.0
2022-08-06,99.76,69.44,31.27,36.46,26.74,-0.57,1.32,1.44,156.7,20.01,0.6,97.49,99760.0,97490.0
2022-08-07,99.8,80.31,28.84,30.36,26.93,-0.92,2.27,2.57,157.9,20.55,3.81,97.53,99800.0,97530.0
2022-08-08,99.75,70.55,31.04,36.09,25.97,-2.0,0.77,2.34,111.1,19.88,3.12,97.48,99750.0,97480.0
2022-08-09,99.75,65.84,31.63,36.94,27.64,-2.22,0.92,2.54,112.4,19.38,0.06,97.48,99750.0,97480.0
2022-08-10,99.61,58.98,32.87,39.08,27.6,-3.65,1.48,4.05,112.0,18.32,0.0,97.35,99610.0,97350.0
2022-08-11,99.85,67.52,30.11,35.07,27.51,-5.95,0.84,6.07,98.1,18.37,0.44,97.57,99850.0,97570.0
2022-08-12,99.83,61.73,31.38,37.64,26.01,-4.91,0.47,5.03,95.5,17.51,0.03,97.55,99830.0,97550.0
2022-08-13,99.78,62.51,31.8,38.03,26.23,-2.99,1.98,4.21,123.5,18.38,0.0,97.51,99780.0,97510.0
2022-08-14,100.04,67.19,31.25,35.79,27.37,-0.56,1.79,2.55,162.6,19.23,2.59,97.76,100040.0,97760.0
2022-08-15,100.2,72.1,29.16,32.87,25.77,-3.97,-1.31,4.49,71.7,18.4,9.71,97.91,100200.0,97910.0
2022-08-16,100.05,67.42,29.98,34.32,26.89,-7.9,1.31,8.4,99.4,18.15,0.95,97.76,100050.0,97760.0
2022-08-17,100.14,65.89,30.54,35.87,25.68,-2.43,4.1,5.05,149.3,17.98,0.08,97.85,100140.0,97850.0
2022-08-18,99.99,63.11,31.77,37.18,26.59,1.9,1.74,2.99,227.6,18.55,0.0,97.71,99990.0,97710.0
2022-08-19,99.98,64.2,31.6,36.97,26.97,3.24,-1.31,3.7,292.0,18.75,1.72,97.7,99980.0,97700.0
2022-08-20,100.18,68.16,30.25,32.91,27.75,-0.31,-1.02,1.2,16.8,18.67,3.61,97.9,100180.0,97900.0
2022-08-21,99.96,60.06,31.2,36.16,25.86,0.94,-1.65,2.15,330.3,16.84,0.72,97.69,99960.0,97690.0
2022-08-22,99.81,61.29,32.14,38.35,26.72,-3.06,0.13,3.53,92.5,18.17,0.78,97.53,99810.0,97530.0
2022-08-23,99.96,62.5,31.06,36.52,26.86,-6.36,2.94,7.37,114.8,17.65,0.4,97.67,99960.0,97670.0
2022-08-24,100.4,65.17,30.26,36.25,25.87,-2.6,3.23,4.19,141.2,17.38,2.03,98.09,100400.0,98090.0
2022-08-25,100.27,60.99,31.33,37.35,25.24,0.32,1.51,1.79,192.0,17.05,0.17,97.97,100270.0,97970.0
2022-08-26,100.18,60.74,31.39,36.65,26.39,3.05,-1.41,3.49,294.8,17.5,0.0,97.89,100180.0,97890.0
2022-08-27,100.1,59.53,31.51,37.31,27.04,4.02,-2.39,4.72,300.7,17.19,0.0,97.82,100100.0,97820.0
2022-08-28,100.17,56.93,31.76,37.83,25.93,3.32,-1.03,3.51,287.2,16.47,0.09,97.88,100170.0,97880.0
2022-08-29,100.56,57.25,31.79,36.51,27.23,0.64,-0.12,1.15,280.4,16.73,2.6,98.26,100560.0,98260.0
2022-08-30,100.6,65.19,31.12,36.8,26.05,1.24,0.04,1.52,268.3,18.16,7.39,98.31,100600.0,98310.0
2022-08-31,100.31,57.54,32.82,39.32,27.12,2.21,-1.29,2.68,300.2,17.52,0.01,98.03,100310.0,98030.0
2022-09-01,100.32,57.59,33.06,38.45,28.04,1.79,-0.93,2.16,297.4,18.03,0.52,98.03,100320.0,98030.0
2022-09-02,100.48,57.34,32.32,36.28,28.85,0.71,0.19,1.2,254.9,17.42,3.61,98.18,100480.0,98180.0
2022-09-03,100.19,54.97,32.29,38.39,27.1,3.33,-1.19,3.67,289.7,16.36,0.01,97.9,100190.0,97900.0
2022-09-04,100.05,50.68,33.12,39.97,27.11,3.35,-0.33,3.48,275.6,15.76,0.0,97.77,100050.0,97770.0
2022-09-05,100.26,54.32,32.43,38.58,26.6,1.77,-0.63,2.41,289.7,16.28,0.02,97.97,100260.0,97970.0
2022-09-06,100.42,51.71,32.52,38.9,27.03,0.34,-1.36,1.98,346.0,15.49,0.0,98.13,100420.0,98130.0
2022-09-07,100.55,49.65,32.84,39.78,26.91,0.25,-1.88,2.38,352.6,15.02,0.0,98.26,100550.0,98260.0
2022-09-08,100.62,50.67,32.13,39.1,25.77,-0.69,-1.29,1.73,28.1,14.55,0.02,98.32,100620.0,98320.0
2022-09-09,100.56,52.12,32.52,38.49,26.33,-0.85,0.82,1.41,133.9,15.83,0.21,98.26,100560.0,98260.0
2022-09-10,100.46,65.32,31.58,36.55,26.95,-0.98,1.67,2.1,149.6,18.96,5.38,98.17,100460.0,98170.0
2022-09-11,100.25,63.53,31.67,36.64,27.22,-1.68,1.08,2.11,122.8,18.48,2.66,97.96,100250.0,97960.0
2022-09-12,100.09,60.07,31.25,35.83,26.77,-2.98,0.53,3.1,100.1,17.22,1.19,97.8,100090.0,97800.0
2022-09-13,100.18,60.18,31.07,37.26,25.73,-4.66,0.46,4.72,95.6,16.76,0.56,97.89,100180.0,97890.0
2022-09-14,100.25,64.6,29.87,34.6,26.2,-5.48,0.25,5.51,92.6,17.16,2.81,97.95,100250.0,97950.0
2022-09-15,100.03,80.04,27.75,32.9,24.58,-3.84,-2.7,4.87,54.8,18.84,11.97,97.74,100030.0,97740.0
2022-09-16,99.78,82.39,26.96,31.52,24.0,0.15,-3.3,3.39,357.3,18.67,14.08,97.49,99780.0,97490.0
2022-09-17,100.05,69.68,29.02,35.57,23.47,0.87,-1.39,2.74,327.8,17.21,3.74,97.76,100050.0,97760.0
2022-09-18,100.37,65.33,29.32,36.07,23.85,-0.08,-1.66,2.43,2.9,16.28,3.25,98.07,100370.0,98070.0
2022-09-19,100.43,66.75,29.2,35.0,25.28,-0.5,-1.26,2.1,21.7,16.88,12.29,98.12,100430.0,98120.0
2022-09-20,100.4,74.24,29.6,34.86,25.17,-0.97,0.87,1.41,131.8,19.26,18.12,98.11,100400.0,98110.0
2022-09-21,100.42,78.67,28.74,33.02,25.54,-1.68,1.23,2.16,126.0,19.51,22.78,98.12,100420.0,98120.0
2022-09-22,100.3,87.84,27.68,31.02,25.19,-3.2,-0.61,3.38,79.2,20.84,71.85,98.01,100300.0,98010.0
2022-09-23,100.24,89.98,26.94,29.39,25.35,-3.71,0.37,3.78,95.7,20.48,30.58,97.95,100240.0,97950.0
2022-09-24,100.11,90.98,26.32,28.99,24.68,-3.87,0.9,4.14,103.0,20.0,40.63,97.82,100110.0,97820.0
2022-09-25,100.32,82.97,27.25,30.62,24.3,1.74,0.19,2.71,263.7,19.11,10.25,98.02,100320.0,98020.0
2022-09-26,100.72,83.96,26.52,31.31,22.98,1.25,-2.05,2.65,328.5,18.35,0.41,98.41,100720.0,98410.0
2022-09-27,100.59,80.53,26.55,31.88,21.98,1.66,-1.76,2.56,316.7,17.61,0.0,98.28,100590.0,98280.0
2022-09-28,100.49,77.51,27.18,32.3,23.48,0.96,-1.3,1.89,323.4,17.65,0.02,98.18,100490.0,98180.0
2022-09-29,100.47,78.98,26.93,31.75,23.58,1.12,-1.59,2.07,324.7,17.71,0.0,98.16,100470.0,98160.0
2022-09-30,100.54,82.0,26.49,31.36,22.39,0.74,-2.04,2.24,340.0,17.93,0.0,98.24,100540.0,98240.0
2022-10-01,100.44,74.76,26.85,32.31,23.16,0.74,-1.46,2.05,333.2,16.65,0.0,98.14,100440.0,98140.0
2022-10-02,100.45,73.05,26.28,32.52,22.3,1.13,-1.41,2.55,321.3,15.59,0.0,98.15,100450.0,98150.0
2022-10-03,100.55,75.61,25.04,31.87,19.79,2.79,-2.52,3.84,312.1,14.99,0.0,98.24,100550.0,98240.0
2022-10-04,100.71,72.23,26.22,32.28,20.02,0.28,-1.94,2.04,351.7,15.34,0.0,98.4,100710.0,98400.0
2022-10-05,100.67,76.26,27.65,32.88,23.43,-1.05,0.33,1.63,107.2,17.75,0.06,98.36,100670.0,98360.0
2022-10-06,100.75,86.38,25.75,29.56,22.26,-1.32,1.33,1.98,135.4,18.11,2.66,98.43,100750.0,98430.0
2022-10-07,100.83,91.74,24.71,27.25,22.78,-2.08,-0.27,2.31,82.5,18.19,6.17,98.51,100830.0,98510.0
2022-10-08,100.82,93.26,24.6,26.63,23.33,-2.78,0.83,3.61,106.6,18.41,21.9,98.49,100820.0,98490.0
2022-10-09,100.7,94.75,24.15,26.01,22.73,-4.89,1.39,5.76,105.9,18.27,66.86,98.39,100700.0,98390.0
2022-10-10,100.96,90.14,24.5,28.8,21.31,-1.98,1.55,3.31,128.1,17.58,23.96,98.64,100960.0,98640.0
2022-10-11,100.84,81.36,24.94,29.28,20.64,-0.16,-0.38,1.2,22.8,16.17,7.26,98.51,100840.0,98510.0
2022-10-12,100.99,79.6,24.09,29.57,20.09,0.56,-1.3,1.77,336.5,14.88,3.63,98.64,100990.0,98640.0
2022-10-13,101.09,80.26,22.83,28.96,18.28,1.88,-1.81,2.64,313.9,13.93,0.0,98.75,101090.0,98750.0
2022-10-14,101.09,78.83,22.22,28.6,16.97,1.71,-2.25,2.85,322.8,13.14,0.0,98.75,101090.0,98750.0
2022-10-15,101.02,71.25,23.33,29.1,17.2,0.99,-1.23,1.77,321.3,12.7,0.0,98.68,101020.0,98680.0
2022-10-16,101.24,63.27,24.21,30.13,18.41,0.06,-0.7,1.03,355.1,11.84,0.0,98.9,101240.0,98900.0
2022-10-17,101.24,66.79,23.28,29.21,18.02,1.11,-0.86,1.6,307.8,11.94,0.0,98.9,101240.0,98900.0
2022-10-18,101.05,60.22,23.44,29.86,17.88,0.31,-0.21,1.51,303.4,10.84,0.0,98.71,101050.0,98710.0
2022-10-19,101.04,68.26,22.77,30.7,16.93,-0.44,1.12,1.87,158.5,11.63,0.0,98.7,101040.0,98700.0
2022-10-20,101.2,71.88,22.7,30.13,15.92,0.34,1.33,1.81,194.6,12.06,0.0,98.86,101200.0,98860.0
2022-10-21,101.4,64.43,23.26,30.29,16.46,1.43,-0.42,2.25,286.2,11.18,0.0,99.06,101400.0,99060.0
2022-10-22,101.55,65.23,22.24,28.27,18.69,0.89,-1.71,2.12,332.6,10.96,0.0,99.19,101550.0,99190.0
2022-10-23,101.46,61.67,21.91,28.44,15.99,-0.7,-1.02,1.39,34.5,10.0,0.0,99.1,101460.0,99100.0
2022-10-24,100.98,68.06,21.03,28.97,15.29,1.09,-2.21,2.68,333.8,10.55,0.0,98.65,100980.0,98650.0
2022-10-25,100.85,66.29,20.74,28.58,14.06,2.67,-1.49,3.15,299.2,10.11,0.0,98.5,100850.0,98500.0
2022-10-26,101.19,60.89,22.09,29.31,17.01,0.55,-0.69,1.84,321.3,10.14,0.0,98.84,101190.0,98840.0
2022-10-27,101.21,62.56,22.4,29.9,17.05,-0.2,-0.02,1.65,85.4,10.48,0.0,98.86,101210.0,98860.0
2022-10-28,101.21,66.16,21.98,29.57,17.19,-0.26,-0.47,1.71,29.4,10.86,0.0,98.86,101210.0,98860.0
2022-10-29,101.32,60.24,22.41,29.24,16.93,-0.08,-0.22,1.46,19.2,9.99,0.0,98.96,101320.0,98960.0
2022-10-30,101.35,56.42,21.59,28.08,16.95,0.15,-0.69,1.4,347.8,9.14,0.0,98.99,101350.0,98990.0
2022-10-31,101.34,61.93,21.64,28.89,16.02,-0.38,-0.58,1.46,33.0,9.96,0.0,98.99,101340.0,98990.0
2022-11-01,101.34,71.77,21.38,29.35,16.11,-0.85,1.49,1.91,150.4,11.38,0.0,99.0,101340.0,99000.0
2022-11-02,101.12,77.83,21.47,28.61,16.64,0.85,-0.67,2.24,308.2,12.41,0.0,98.78,101120.0,98780.0
2022-11-03,101.06,74.07,21.2,29.22,14.92,1.25,-1.43,2.94,318.8,11.53,0.0,98.73,101060.0,98730.0
2022-11-04,101.23,76.75,21.73,29.82,17.17,-1.39,1.2,2.07,130.8,12.31,0.0,98.89,101230.0,98890.0
2022-11-05,101.43,88.03,20.5,25.84,16.69,-2.66,1.5,3.07,119.4,13.41,0.0,99.1,101430.0,99100.0
2022-11-06,101.46,86.38,21.3,27.49,16.13,-1.44,1.66,2.24,139.1,13.85,0.0,99.12,101460.0,99120.0
2022-11-07,101.38,84.69,22.41,26.51,18.48,-0.99,0.84,1.58,130.2,14.5,0.0,99.03,101380.0,99030.0
2022-11-08,101.47,83.85,20.92,25.14,17.39,0.35,-1.17,2.14,343.4,13.01,0.0,99.11,101470.0,99110.0
2022-11-09,101.53,76.08,21.43,26.71,17.14,-0.08,0.52,1.46,171.1,12.01,0.0,99.16,101530.0,99160.0
2022-11-10,101.56,72.78,21.16,27.91,16.35,0.82,-1.31,1.83,327.9,11.31,0.0,99.19,101560.0,99190.0
2022-11-11,101.59,73.22,18.5,26.41,13.14,2.65,-2.55,3.76,313.9,9.51,0.0,99.21,101590.0,99210.0
2022-11-12,101.53,67.72,17.99,26.7,11.71,3.19,-2.38,4.04,306.8,8.47,0.0,99.15,101530.0,99150.0
2022-11-13,101.41,64.46,18.45,25.83,11.82,1.86,-1.44,2.96,307.7,8.45,0.0,99.03,101410.0,99030.0
2022-11-14,101.5,66.62,19.06,27.05,14.72,-1.02,-0.57,2.22,60.9,9.0,0.0,99.13,101500.0,99130.0
2022-11-15,101.45,73.5,19.16,27.4,12.81,0.34,-2.49,2.64,352.2,9.99,0.0,99.08,101450.0,99080.0
2022-11-16,101.39,72.76,18.0,24.92,13.44,2.29,-2.65,3.56,319.2,9.21,0.0,99.0,101390.0,99000.0
2022-11-17,101.41,69.83,16.44,24.04,11.24,3.0,-2.45,3.93,309.3,7.97,0.0,99.01,101410.0,99010.0
2022-11-18,101.54,63.39,16.49,23.94,9.98,1.44,-2.04,2.7,324.8,7.19,0.0,99.15,101540.0,99150.0
2022-11-19,101.58,60.4,16.82,24.08,12.07,0.36,-1.28,1.68,344.1,7.16,0.0,99.2,101580.0,99200.0
2022-11-20,101.4,66.17,16.15,25.09,9.43,1.99,-2.07,2.91,316.1,7.45,0.0,99.04,101400.0,99040.0
2022-11-21,101.3,68.49,16.4,25.58,9.99,2.52,-2.52,3.57,315.0,7.8,0.0,98.93,101300.0,98930.0
2022-11-22,101.32,60.63,15.99,25.04,9.15,2.69,-1.92,3.35,305.6,6.64,0.0,98.95,101320.0,98950.0
2022-11-23,101.37,58.18,15.54,24.87,8.39,3.26,-1.89,3.8,300.2,6.23,0.0,99.0,101370.0,99000.0
2022-11-24,101.34,52.61,16.42,24.67,7.77,2.44,-1.49,2.92,301.5,5.93,0.0,98.98,101340.0,98980.0
2022-11-25,101.54,52.16,17.31,25.16,12.51,1.38,-1.06,2.14,307.6,6.3,0.0,99.18,101540.0,99180.0
2022-11-26,101.23,60.37,15.76,25.95,9.21,2.72,-2.36,3.65,311.0,6.55,0.0,98.89,101230.0,98890.0
2022-11-27,101.07,56.38,16.13,25.23,10.03,1.35,-1.95,2.48,325.4,6.32,0.0,98.71,101070.0,98710.0
2022-11-28,101.24,49.98,17.05,24.88,11.23,0.62,-1.18,1.81,332.1,5.98,0.0,98.86,101240.0,98860.0
2022-11-29,101.46,49.01,17.26,23.9,11.22,0.84,-0.9,1.32,316.9,5.98,0.0,99.08,101460.0,99080.0
2022-11-30,101.56,63.59,16.42,24.58,11.12,1.62,-1.56,2.32,313.9,7.25,0.0,99.18,101560.0,99180.0
2022-12-01,101.42,59.76,16.42,24.25,8.85,1.91,-1.4,2.49,306.2,6.71,0.0,99.06,101420.0,99060.0
2022-12-02,101.34,53.26,17.49,24.3,11.87,0.55,0.57,1.33,223.7,6.49,0.0,98.97,101340.0,98970.0
2022-12-03,101.42,54.64,17.39,23.53,12.64,0.21,0.53,0.91,201.8,6.7,0.0,99.04,101420.0,99040.0
2022-12-04,101.48,59.55,16.67,24.05,10.69,1.68,-0.91,1.95,298.4,6.98,0.0,99.1,101480.0,99100.0
2022-12-05,101.67,55.02,15.57,23.7,9.66,1.78,-1.54,2.41,310.9,5.93,0.0,99.27,101670.0,99270.0
2022-12-06,101.52,59.95,14.0,23.48,8.03,3.42,-1.89,3.97,299.0,5.84,0.0,99.13,101520.0,99130.0
2022-12-07,101.42,58.49,13.56,23.21,7.07,3.8,-1.99,4.36,297.7,5.52,0.0,99.04,101420.0,99040.0
2022-12-08,101.47,58.2,14.21,23.69,7.03,2.26,-2.22,3.25,314.5,5.73,0.0,99.11,101470.0,99110.0
2022-12-09,101.4,56.67,16.09,25.29,8.58,1.91,-1.58,2.66,309.6,6.27,0.0,99.03,101400.0,99030.0
2022-12-10,101.42,65.35,16.56,26.81,9.68,1.57,-2.27,2.89,325.4,7.46,0.0,99.05,101420.0,99050.0
2022-12-11,101.45,62.05,16.66,27.48,9.33,2.27,-2.54,3.45,318.2,6.95,0.0,99.08,101450.0,99080.0
2022-12-12,101.38,57.36,16.45,26.87,9.79,2.58,-3.0,4.0,319.3,6.37,0.0,99.01,101380.0,99010.0
2022-12-13,101.51,54.98,16.07,26.01,9.32,3.47,-3.3,4.85,313.6,5.99,0.0,99.14,101510.0,99140.0
2022-12-14,101.51,56.61,14.37,23.51,8.42,3.94,-2.61,4.75,303.5,5.5,0.0,99.14,101510.0,99140.0
2022-12-15,101.37,52.39,13.24,22.55,6.25,3.29,-1.56,3.66,295.4,4.82,0.0,99.01,101370.0,99010.0
2022-12-16,101.29,50.0,14.14,22.82,6.49,2.48,-1.25,2.87,296.8,4.9,0.0,98.93,101290.0,98930.0
2022-12-17,101.46,46.65,14.69,23.21,6.71,1.98,-1.41,2.55,305.4,4.66,0.0,99.1,101460.0,99100.0
2022-12-18,101.51,50.25,14.48,22.78,9.24,1.32,-1.48,2.3,318.1,5.08,0.0,99.15,101510.0,99150.0
2022-12-19,101.4,53.82,14.11,22.87,7.62,1.33,-1.54,2.26,319.2,5.29,0.0,99.01,101400.0,99010.0
2022-12-20,101.34,55.09,13.47,23.01,6.77,1.87,-1.91,2.81,315.6,5.1,0.0,98.94,101340.0,98940.0
2022-12-21,101.47,56.14,13.39,23.54,7.69,0.89,-2.3,2.51,338.8,5.14,0.0,99.07,101470.0,99070.0
2022-12-22,101.43,56.6,12.6,21.63,6.38,1.1,-2.72,3.04,338.1,5.01,0.0,99.02,101430.0,99020.0
2022-12-23,101.34,55.67,13.02,22.92,6.63,0.36,-2.47,2.55,351.7,5.07,0.0,98.93,101340.0,98930.0
2022-12-24,101.54,57.56,11.84,20.95,6.89,2.23,-3.0,3.88,323.4,4.86,0.0,99.11,101540.0,99110.0
2022-12-25,101.63,59.78,10.11,18.64,4.18,2.54,-2.38,3.5,313.0,4.51,0.0,99.22,101630.0,99220.0
2022-12-26,101.78,59.02,11.23,20.57,4.56,1.97,-2.21,3.0,318.2,4.77,0.0,99.38,101780.0,99380.0
2022-12-27,101.72,52.94,11.67,21.85,4.47,3.59,-2.55,4.44,305.4,4.34,0.0,99.32,101720.0,99320.0
2022-12-28,101.64,48.07,12.54,22.84,6.23,4.62,-2.15,5.17,295.0,4.14,0.0,99.25,101640.0,99250.0
2022-12-29,101.8,53.38,14.02,21.59,6.96,1.16,-0.4,2.43,289.2,5.31,0.0,99.4,101800.0,99400.0
2022-12-30,101.89,58.05,14.9,20.95,10.27,-1.03,0.85,2.25,129.5,5.98,0.0,99.47,101890.0,99470.0
2022-12-31,101.91,68.97,12.67,21.08,7.47,3.22,-2.41,4.06,306.7,6.1,0.0,99.48,101910.0,99480.0
2023-01-01,102.02,49.9,12.9,20.21,6.12,1.31,-0.91,1.7,304.9,4.43,0.0,99.59,102020.0,99590.0
2023-01-02,102.15,51.83,12.26,19.49,5.85,1.33,-0.81,1.67,301.5,4.47,0.0,99.7,102150.0,99700.0
2023-01-03,102.19,54.61,9.98,19.05,4.11,2.08,-2.0,2.95,313.9,4.03,0.0,99.75,102190.0,99750.0
2023-01-04,102.19,58.24,8.57,17.48,1.83,1.95,-1.69,2.65,311.0,3.96,0.0,99.76,102190.0,99760.0
2023-01-05,102.31,59.63,8.75,17.53,1.61,1.97,-1.43,2.5,305.9,4.02,0.0,99.89,102310.0,99890.0
2023-01-06,102.34,54.41,8.74,17.27,1.23,2.04,-1.08,2.4,297.9,3.63,0.0,99.93,102340.0,99930.0
2023-01-07,102.08,48.08,9.69,20.17,1.7,2.7,-1.73,3.25,302.6,3.43,0.0,99.7,102080.0,99700.0
2023-01-08,101.79,44.61,12.35,22.67,4.09,2.86,-1.18,3.12,292.4,3.82,0.0,99.43,101790.0,99430.0
2023-01-09,101.91,47.41,13.14,21.4,5.86,2.16,-1.19,2.57,298.9,4.3,0.0,99.54,101910.0,99540.0
2023-01-10,101.81,53.16,12.82,21.64,6.18,2.49,-1.9,3.23,307.4,4.68,0.0,99.41,101810.0,99410.0
2023-01-11,101.39,64.57,13.51,22.83,7.07,0.28,0.13,2.62,245.5,5.96,0.07,99.0,101390.0,99000.0
2023-01-12,101.21,73.58,13.82,20.77,8.71,-2.36,1.65,3.02,124.9,7.26,9.38,98.81,101210.0,98810.0
2023-01-13,101.28,73.27,16.43,22.27,10.68,-1.99,1.29,2.64,123.1,8.47,0.09,98.87,101280.0,98870.0
2023-01-14,101.62,56.25,12.35,20.32,4.26,2.76,-2.39,3.75,310.9,5.06,0.02,99.18,101620.0,99180.0
2023-01-15,101.53,39.37,7.77,17.61,0.45,3.3,-1.6,3.75,295.8,2.52,0.0,99.12,101530.0,99120.0
2023-01-16,101.63,42.56,8.92,18.92,1.36,2.76,-1.98,3.42,305.6,2.88,0.0,99.2,101630.0,99200.0
2023-01-17,101.67,42.16,8.98,19.32,1.42,2.88,-2.12,3.63,306.4,2.77,0.0,99.24,101670.0,99240.0
2023-01-18,101.88,37.57,9.25,18.15,1.57,1.89,-1.75,2.66,312.8,2.57,0.0,99.46,101880.0,99460.0
2023-01-19,101.84,44.03,11.7,19.24,3.72,0.69,-0.77,1.69,318.2,3.57,0.0,99.42,101840.0,99420.0
2023-01-20,101.69,55.44,13.01,22.04,4.91,-0.2,-1.75,2.12,6.5,4.8,0.05,99.25,101690.0,99250.0
2023-01-21,101.64,59.32,14.18,22.4,6.74,0.22,-0.85,1.5,345.6,5.47,0.0,99.21,101640.0,99210.0
2023-01-22,101.56,52.26,15.17,23.47,8.09,-1.04,-1.07,1.79,44.2,5.36,0.0,99.13,101560.0,99130.0
2023-01-23,101.45,52.71,16.07,24.78,8.2,-1.06,0.36,2.2,108.5,5.86,0.35,99.04,101450.0,99040.0
2023-01-24,101.33,80.09,15.89,22.22,12.59,-3.07,1.95,3.74,122.4,9.11,4.43,98.93,101330.0,98930.0
2023-01-25,101.5,80.75,16.17,21.94,10.86,-0.92,0.67,2.17,126.1,9.29,0.11,99.08,101500.0,99080.0
2023-01-26,101.75,61.48,14.78,22.92,8.66,2.24,-2.56,3.53,318.8,6.36,0.06,99.32,101750.0,99320.0
2023-01-27,101.73,49.23,11.84,22.05,5.08,3.19,-2.21,3.89,304.7,4.11,0.0,99.34,101730.0,99340.0
2023-01-28,101.42,40.56,13.1,23.99,3.69,2.7,-1.46,3.19,298.5,3.56,0.0,99.05,101420.0,99050.0
2023-01-29,101.35,45.38,14.95,25.06,6.15,-2.18,1.15,2.94,117.8,4.62,0.0,98.97,101350.0,98970.0
2023-01-30,101.78,71.39,13.12,17.7,9.99,-1.48,-0.64,2.73,66.6,6.77,12.34,99.37,101780.0,99370.0
2023-01-31,101.8,75.93,14.2,23.22,8.44,2.99,-2.86,4.3,313.8,7.5,0.0,99.38,101800.0,99380.0
2023-02-01,101.64,60.64,13.03,22.89,5.9,3.98,-2.16,4.57,298.5,5.39,0.0,99.26,101640.0,99260.0
2023-02-02,101.52,51.38,14.1,25.2,5.85,3.85,-2.21,4.46,299.8,4.9,0.0,99.15,101520.0,99150.0
2023-02-03,101.56,49.12,15.01,25.39,7.55,3.2,-1.92,3.77,301.0,4.88,0.0,99.18,101560.0,99180.0
2023-02-04,101.28,47.67,16.33,26.87,8.96,3.9,-1.8,4.33,294.8,5.25,0.0,98.89,101280.0,98890.0
2023-02-05,101.2,54.52,17.03,26.13,9.35,2.99,-1.79,3.6,300.9,6.21,0.0,98.8,101200.0,98800.0
2023-02-06,101.13,43.21,18.89,28.42,11.33,0.96,0.64,2.41,236.5,5.7,0.0,98.75,101130.0,98750.0
2023-02-07,101.1,48.27,17.33,26.49,10.91,3.32,-2.37,4.11,305.5,5.75,0.0,98.7,101100.0,98700.0
2023-02-08,101.33,41.86,15.54,25.56,7.67,3.14,-2.2,3.86,305.0,4.26,0.0,98.95,101330.0,98950.0
2023-02-09,101.21,37.91,17.4,28.09,8.79,1.29,1.39,3.01,222.9,4.45,0.0,98.84,101210.0,98840.0
2023-02-10,101.07,48.72,18.28,29.0,10.13,-0.72,2.58,2.95,164.5,6.23,0.0,98.71,101070.0,98710.0
2023-02-11,101.26,48.9,18.34,27.88,12.1,2.88,-1.4,3.28,295.9,6.14,0.0,98.88,101260.0,98880.0
2023-02-12,101.68,35.73,15.02,24.63,8.27,3.41,-3.08,4.66,312.0,3.49,0.0,99.25,101680.0,99250.0
2023-02-13,101.46,30.08,14.46,24.48,6.61,5.87,-2.95,6.62,296.7,2.81,0.0,99.1,101460.0,99100.0
2023-02-14,101.43,31.98,16.48,27.1,8.18,3.75,-2.55,4.58,304.2,3.61,0.0,99.07,101430.0,99070.0
2023-02-15,101.17,39.76,18.5,29.47,11.14,3.67,-2.52,4.54,304.5,5.04,0.0,98.83,101170.0,98830.0
2023-02-16,101.35,45.6,19.38,28.97,10.1,0.54,-1.6,1.93,341.4,6.21,0.0,99.02,101350.0,99020.0
2023-02-17,101.47,44.72,21.16,29.72,13.79,0.09,-0.37,1.64,346.9,6.83,0.0,99.13,101470.0,99130.0
2023-02-18,101.38,40.2,21.1,30.43,13.44,1.73,-0.67,2.11,291.2,5.91,0.0,99.05,101380.0,99050.0
2023-02-19,101.32,30.93,22.42,30.47,15.47,0.83,0.52,1.33,238.0,4.99,0.0,98.97,101320.0,98970.0
2023-02-20,101.04,35.46,22.51,33.44,13.97,0.35,1.52,2.44,192.9,5.6,0.0,98.71,101040.0,98710.0
2023-02-21,100.98,38.61,20.51,31.8,13.02,1.53,-0.02,2.65,270.7,5.43,0.0,98.64,100980.0,98640.0
2023-02-22,101.18,39.34,20.45,30.51,13.13,0.99,-2.7,3.17,339.9,5.41,0.03,98.81,101180.0,98810.0
2023-02-23,101.19,34.42,19.66,30.64,11.78,3.3,-2.2,4.07,303.8,4.49,0.0,98.82,101190.0,98820.0
2023-02-24,101.38,34.05,19.93,31.06,10.68,2.82,-1.67,3.31,300.6,4.52,0.0,99.0,101380.0,99000.0
2023-02-25,101.55,35.53,21.51,31.16,12.53,1.65,-1.18,2.35,305.5,5.34,0.0,99.17,101550.0,99170.0
2023-02-26,101.68,31.11,23.46,31.9,14.95,0.11,-0.62,1.55,349.5,5.41,0.0,99.31,101680.0,99310.0
2023-02-27,101.61,36.6,23.2,32.36,17.19,1.47,-1.01,2.19,304.4,6.13,0.0,99.24,101610.0,99240.0
2023-02-28,101.62,39.87,22.43,32.62,15.62,0.26,-1.6,2.22,350.7,6.26,0.0,99.25,101620.0,99250.0
2023-03-01,101.74,39.55,22.61,32.21,14.78,0.31,-1.94,2.27,350.8,6.31,0.0,99.37,101740.0,99370.0
2023-03-02,101.77,41.26,23.1,32.43,15.58,2.0,-2.11,3.16,316.4,6.78,0.0,99.4,101770.0,99400.0
2023-03-03,101.75,43.25,23.72,33.48,16.53,2.57,-2.84,3.95,317.9,7.31,0.0,99.39,101750.0,99390.0
2023-03-04,101.8,41.03,22.69,31.83,15.66,2.68,-2.06,3.6,307.5,6.61,0.0,99.44,101800.0,99440.0
2023-03-05,101.69,40.7,22.69,32.52,14.61,2.74,-2.16,3.63,308.2,6.56,0.0,99.32,101690.0,99320.0
2023-03-06,101.49,37.77,22.67,32.19,14.67,2.95,-2.03,3.63,304.5,5.99,0.0,99.11,101490.0,99110.0
2023-03-07,101.48,33.66,23.2,32.06,14.84,1.9,-1.32,2.41,304.8,5.57,0.0,99.1,101480.0,99100.0
2023-03-08,101.59,32.63,24.22,31.65,16.27,0.68,-0.86,1.38,321.5,5.91,0.02,99.21,101590.0,99210.0
2023-03-09,101.59,41.47,23.56,30.74,17.19,0.5,0.14,1.08,254.3,7.23,2.46,99.21,101590.0,99210.0
2023-03-10,101.47,38.86,23.32,31.49,15.64,1.98,-0.79,2.36,291.6,6.4,0.0,99.1,101470.0,99100.0
2023-03-11,101.45,30.56,24.21,32.6,15.86,1.33,-1.05,1.91,308.2,5.44,0.0,99.08,101450.0,99080.0
2023-03-12,101.37,31.8,25.53,34.29,17.53,0.62,-0.43,1.65,305.1,6.17,0.0,99.02,101370.0,99020.0
2023-03-13,101.21,36.35,24.72,30.86,20.23,1.47,-0.72,1.94,296.2,6.95,0.0,98.87,101210.0,98870.0
2023-03-14,100.92,37.5,25.13,34.39,17.52,1.79,-1.7,2.76,313.5,7.0,0.0,98.58,100920.0,98580.0
2023-03-15,100.84,31.49,26.49,34.51,19.13,-0.39,-0.29,1.35,53.1,6.48,0.0,98.5,100840.0,98500.0
2023-03-16,100.93,35.87,25.37,34.16,19.59,0.35,2.99,3.68,186.7,6.94,0.0,98.59,100930.0,98590.0
2023-03-17,101.15,46.96,24.25,30.19,20.08,-0.59,1.8,2.97,161.8,8.72,0.22,98.78,101150.0,98780.0
2023-03-18,101.09,61.9,21.62,26.74,17.8,-1.74,0.36,2.19,101.7,9.86,6.03,98.71,101090.0,98710.0
2023-03-19,100.84,53.65,23.36,29.93,17.46,-1.53,0.27,1.78,100.0,9.27,1.49,98.47,100840.0,98470.0
2023-03-20,100.72,68.31,20.68,25.94,17.28,-0.67,-0.03,1.52,87.5,10.34,19.76,98.34,100720.0,98340.0
2023-03-21,100.84,72.56,20.28,25.44,15.54,0.29,-0.09,1.94,287.2,10.69,12.13,98.46,100840.0,98460.0
2023-03-22,100.99,55.12,21.96,29.64,15.11,1.24,-1.63,2.24,322.7,8.73,0.03,98.61,100990.0,98610.0
2023-03-23,100.79,48.37,23.38,31.62,15.43,2.37,-1.77,3.04,306.8,8.23,0.03,98.43,100790.0,98430.0
2023-03-24,100.8,52.51,24.32,31.41,17.95,-1.44,1.17,2.73,129.2,9.88,7.29,98.45,100800.0,98450.0
2023-03-25,101.02,57.77,23.57,31.05,17.07,-0.11,-0.45,2.62,13.4,9.93,1.45,98.65,101020.0,98650.0
2023-03-26,101.06,46.74,24.1,32.32,16.53,1.58,-2.96,3.63,332.0,8.16,0.0,98.69,101060.0,98690.0
2023-03-27,100.99,43.64,22.77,31.09,15.42,2.88,-2.22,3.87,307.6,7.15,0.0,98.62,100990.0,98620.0
2023-03-28,100.95,40.02,23.61,32.48,15.55,2.07,-2.2,3.49,316.7,6.88,0.0,98.58,100950.0,98580.0
2023-03-29,100.96,36.38,26.11,33.95,18.41,-0.25,-0.2,1.64,51.8,7.34,0.0,98.61,100960.0,98610.0
2023-03-30,100.74,46.76,25.95,34.15,19.14,-0.16,-0.06,2.37,69.0,9.06,6.05,98.4,100740.0,98400.0
2023-03-31,100.84,76.48,21.15,24.55,18.02,-1.25,0.11,1.82,95.2,12.05,11.53,98.47,100840.0,98470.0
2023-04-01,100.87,61.31,22.84,28.54,16.87,0.56,-0.04,2.25,274.3,10.33,3.83,98.5,100870.0,98500.0
2023-04-02,100.74,51.41,24.2,31.93,17.23,2.05,-1.59,2.79,307.9,9.28,0.0,98.39,100740.0,98390.0
2023-04-03,100.57,47.68,26.08,33.98,17.92,0.59,-0.4,1.96,303.7,9.59,4.62,98.23,100570.0,98230.0
2023-04-04,100.79,50.88,24.87,32.49,18.54,1.58,-1.7,3.36,317.2,9.59,0.01,98.44,100790.0,98440.0
2023-04-05,100.91,42.52,24.94,33.73,17.08,2.42,-2.39,3.6,314.6,7.67,0.0,98.56,100910.0,98560.0
2023-04-06,101.1,34.95,25.28,34.44,16.77,2.31,-3.56,4.51,327.0,6.73,0.0,98.75,101100.0,98750.0
2023-04-07,101.29,32.25,25.12,34.77,16.7,2.84,-3.45,4.73,320.5,5.76,0.0,98.94,101290.0,98940.0
2023-04-08,101.36,28.27,24.95,35.66,15.06,2.55,-2.22,3.68,311.0,4.84,0.0,99.01,101360.0,99010.0
2023-04-09,101.29,28.85,26.06,35.89,16.75,1.89,-2.01,3.13,316.8,5.43,0.0,98.94,101290.0,98940.0
2023-04-10,101.11,29.81,26.28,36.27,16.53,2.45,-2.36,3.61,313.9,5.74,0.0,98.76,101110.0,98760.0
2023-04-11,101.01,31.24,27.73,37.63,19.15,3.14,-2.83,4.25,312.0,6.59,0.0,98.68,101010.0,98680.0
2023-04-12,100.97,33.94,29.67,38.7,22.14,3.44,-2.53,4.3,306.3,8.21,0.0,98.65,100970.0,98650.0
2023-04-13,100.8,32.07,29.32,39.53,20.48,2.31,-2.71,3.67,319.6,7.37,0.0,98.49,100800.0,98490.0
2023-04-14,100.72,28.77,30.25,38.89,20.58,1.87,-1.57,2.72,310.0,7.05,0.0,98.42,100720.0,98420.0
2023-04-15,100.66,25.2,31.56,40.74,22.54,0.63,0.7,2.06,222.2,6.66,0.0,98.37,100660.0,98370.0
2023-04-16,100.51,28.85,32.03,41.24,24.49,1.12,0.07,2.47,266.5,8.01,0.0,98.22,100510.0,98220.0
2023-04-17,100.51,25.81,32.95,41.26,23.34,1.9,-0.47,2.48,284.0,7.46,0.0,98.22,100510.0,98220.0
2023-04-18,100.64,30.89,32.3,40.78,23.79,2.82,-0.97,3.12,289.0,8.93,0.0,98.35,100640.0,98350.0
2023-04-19,100.38,37.44,30.95,37.83,24.19,1.8,-2.11,3.09,319.6,9.96,0.04,98.09,100380.0,98090.0
2023-04-20,100.15,41.33,30.07,37.08,23.32,1.94,-1.66,2.84,310.7,10.53,0.59,97.84,100150.0,97840.0
2023-04-21,100.26,38.65,28.83,36.56,22.43,-0.53,-1.47,2.23,19.7,8.99,1.42,97.94,100260.0,97940.0
2023-04-22,100.39,32.02,28.12,36.8,19.58,0.29,-2.03,2.72,351.9,6.85,0.25,98.07,100390.0,98070.0
2023-04-23,100.64,35.22,25.39,30.65,20.34,-0.19,-2.19,3.97,4.9,6.98,0.02,98.3,100640.0,98300.0
2023-04-24,100.94,37.8,26.77,35.25,18.32,-2.16,1.41,2.85,123.1,7.63,0.01,98.59,100940.0,98590.0
2023-04-25,101.04,32.79,27.75,34.89,19.23,-1.21,1.57,2.25,142.2,7.3,0.0,98.7,101040.0,98700.0
2023-04-26,100.7,31.43,29.53,35.82,21.52,0.81,0.72,1.26,228.4,7.94,0.0,98.38,100700.0,98380.0
2023-04-27,100.65,35.13,28.14,35.39,22.72,0.2,-1.59,3.51,352.9,8.25,0.31,98.34,100650.0,98340.0
2023-04-28,100.78,38.21,28.32,35.68,20.73,0.16,0.1,1.99,238.6,8.67,0.26,98.45,100780.0,98450.0
2023-04-29,100.67,43.24,27.53,34.55,22.48,2.45,0.04,3.11,269.1,9.77,1.41,98.33,100670.0,98330.0
2023-04-30,100.63,57.83,25.92,32.27,21.02,-1.35,-0.46,1.67,71.4,11.89,5.75,98.29,100630.0,98290.0
2023-05-01,100.71,74.94,22.81,25.73,20.35,-4.04,0.03,4.21,90.4,13.08,16.65,98.36,100710.0,98360.0
2023-05-02,100.82,72.98,23.67,27.81,20.15,-2.42,0.9,3.01,110.4,13.31,5.03,98.47,100820.0,98470.0
2023-05-03,100.9,61.79,25.5,31.81,19.0,-0.67,-0.19,1.85,74.4,12.29,7.91,98.56,100900.0,98560.0
2023-05-04,100.84,50.06,27.78,33.74,21.58,0.66,-0.44,1.13,303.5,11.27,4.45,98.49,100840.0,98490.0
2023-05-05,100.66,42.94,27.85,34.63,22.47,1.82,-1.27,2.42,304.9,9.99,0.0,98.33,100660.0,98330.0
2023-05-06,100.44,40.17,29.67,37.49,21.33,3.22,-1.77,3.73,298.8,10.06,0.0,98.13,100440.0,98130.0
2023-05-07,100.34,34.03,31.39,39.25,22.88,1.22,-0.12,2.41,275.8,9.06,0.0,98.04,100340.0,98040.0
2023-05-08,100.25,28.25,31.34,38.98,22.91,1.23,1.7,2.53,216.0,7.31,1.02,97.96,100250.0,97960.0
2023-05-09,100.51,26.05,28.92,38.59,19.4,2.76,-3.19,4.32,319.1,5.89,0.24,98.2,100510.0,98200.0
2023-05-10,100.5,25.28,28.78,38.12,19.58,2.85,-3.11,4.29,317.5,5.59,0.0,98.19,100500.0,98190.0
2023-05-11,100.53,22.89,30.73,39.54,19.93,1.05,-1.51,2.11,325.1,5.6,0.0,98.23,100530.0,98230.0
2023-05-12,100.42,22.11,31.0,40.18,23.8,0.24,0.23,2.25,226.6,5.9,0.0,98.14,100420.0,98140.0
2023-05-13,100.32,23.93,33.0,41.78,21.47,-1.22,1.17,2.04,133.7,6.88,0.0,98.05,100320.0,98050.0
2023-05-14,100.03,23.48,34.06,41.18,27.51,1.2,-1.01,2.58,310.1,7.58,0.0,97.77,100030.0,97770.0
2023-05-15,99.98,26.34,33.55,42.55,25.51,3.77,-1.32,4.08,289.3,8.04,0.01,97.72,99980.0,97720.0
2023-05-16,100.18,27.27,33.41,40.46,27.22,4.96,-0.91,5.07,280.4,8.35,0.01,97.91,100180.0,97910.0
2023-05-17,100.32,30.84,34.15,41.92,25.76,3.4,-1.26,3.73,290.4,9.86,0.0,98.04,100320.0,98040.0
2023-05-18,100.71,40.45,31.87,38.57,26.75,3.4,-2.66,4.61,308.0,11.7,4.57,98.41,100710.0,98410.0
2023-05-19,100.48,33.65,31.81,39.56,24.2,4.44,-2.87,5.43,302.9,9.3,0.0,98.19,100480.0,98190.0
2023-05-20,100.25,28.84,32.92,41.38,24.29,3.8,-2.02,4.32,298.0,8.35,0.0,97.97,100250.0,97970.0
2023-05-21,100.24,23.75,35.13,43.74,26.99,1.79,-0.97,2.45,298.5,7.9,0.0,97.98,100240.0,97980.0
2023-05-22,100.25,26.36,35.86,44.8,26.94,5.07,-1.94,5.68,291.0,9.34,0.0,98.0,100250.0,98000.0
2023-05-23,100.23,27.02,36.99,45.05,28.67,4.22,-2.02,4.71,295.5,10.24,0.22,97.97,100230.0,97970.0
2023-05-24,100.35,35.4,34.53,39.87,29.09,0.8,0.48,2.55,238.9,11.97,0.92,98.06,100350.0,98060.0
2023-05-25,100.35,40.34,32.83,38.12,28.55,1.32,-0.74,2.3,299.4,12.41,5.23,98.05,100350.0,98050.0
2023-05-26,100.48,56.46,29.28,34.8,25.71,0.42,1.89,2.77,192.4,14.25,14.38,98.17,100480.0,98170.0
2023-05-27,100.44,49.56,30.39,36.88,25.37,0.25,1.05,2.96,193.5,13.27,2.29,98.14,100440.0,98140.0
2023-05-28,100.57,46.21,29.96,35.12,24.84,-1.23,0.64,2.27,117.5,12.17,0.72,98.27,100570.0,98270.0
2023-05-29,100.68,47.53,30.75,36.92,26.08,0.59,0.95,2.36,211.9,12.86,0.52,98.37,100680.0,98370.0
2023-05-30,100.72,46.19,30.95,37.11,25.73,1.26,0.38,2.71,253.3,12.65,1.83,98.4,100720.0,98400.0
2023-05-31,100.59,52.24,28.78,34.13,23.27,3.07,-0.62,3.82,281.4,12.72,3.11,98.26,100590.0,98260.0
2023-06-01,100.53,45.75,29.85,37.38,21.76,1.94,-1.91,3.42,314.5,11.48,0.01,98.21,100530.0,98210.0
2023-06-02,100.42,43.61,30.62,37.42,24.26,2.97,-2.32,4.06,308.1,11.64,0.01,98.11,100420.0,98110.0
2023-06-03,100.44,38.11,31.11,38.28,24.27,2.77,-2.38,3.96,310.7,10.28,0.12,98.13,100440.0,98130.0
2023-06-04,100.44,44.91,28.31,35.9,24.1,1.9,-0.6,2.46,287.4,10.42,0.51,98.14,100440.0,98140.0
2023-06-05,100.22,38.38,32.41,40.24,24.23,3.14,-1.29,3.54,292.4,11.08,0.11,97.93,100220.0,97930.0
2023-06-06,100.19,35.91,33.34,40.91,25.74,1.44,-2.11,2.64,325.7,10.92,0.01,97.9,100190.0,97900.0
2023-06-07,100.17,33.3,33.67,40.66,27.08,1.93,-2.07,3.09,317.0,10.39,0.0,97.88,100170.0,97880.0
2023-06-08,100.11,33.32,34.33,41.98,25.76,3.02,-2.9,4.42,313.9,10.89,0.0,97.83,100110.0,97830.0
2023-06-09,99.81,32.22,35.76,43.0,28.09,3.37,-2.08,4.03,301.7,11.39,0.13,97.55,99810.0,97550.0
2023-06-10,99.68,34.46,36.9,44.06,30.4,4.06,-0.43,4.15,276.1,13.28,0.44,97.43,99680.0,97430.0
2023-06-11,99.71,35.48,36.48,42.09,30.93,4.09,-2.59,4.96,302.3,13.51,0.0,97.44,99710.0,97440.0
2023-06-12,99.63,34.05,36.84,43.26,30.03,4.42,-2.67,5.21,301.1,13.0,0.0,97.38,99630.0,97380.0
2023-06-13,99.6,32.25,38.15,44.61,31.73,6.31,-2.33,6.76,290.2,13.26,0.0,97.36,99600.0,97360.0
2023-06-14,99.7,32.56,37.41,43.68,30.72,7.26,-1.98,7.55,285.2,13.01,0.0,97.45,99700.0,97450.0
2023-06-15,99.88,37.49,35.85,40.08,31.75,5.6,-3.22,6.55,299.9,14.09,0.02,97.6,99880.0,97600.0
2023-06-16,99.88,40.38,35.69,41.2,29.82,3.38,-0.98,3.73,286.2,14.68,0.9,97.61,99880.0,97610.0
2023-06-17,99.89,38.57,35.92,41.0,31.28,2.32,1.61,3.23,235.3,14.36,0.88,97.62,99890.0,97620.0
2023-06-18,99.86,43.29,34.84,40.18,29.66,-0.76,1.96,2.7,158.8,15.25,1.07,97.59,99860.0,97590.0
2023-06-19,99.75,49.0,34.09,38.16,30.47,-4.0,2.01,4.55,116.6,16.59,2.07,97.48,99750.0,97480.0
2023-06-20,99.79,53.21,33.85,38.6,29.76,-2.59,-1.26,3.14,64.0,17.64,7.96,97.52,99790.0,97520.0
2023-06-21,99.93,52.31,33.7,38.08,29.3,-1.5,0.32,2.01,102.1,17.1,1.37,97.66,99930.0,97660.0
2023-06-22,99.88,53.23,34.97,39.51,29.8,0.48,-0.73,2.15,326.5,18.99,3.62,97.62,99880.0,97620.0
2023-06-23,99.85,51.88,35.7,39.42,32.34,-1.4,-1.11,2.03,51.7,19.19,1.24,97.6,99850.0,97600.0
2023-06-24,99.82,61.75,33.25,37.83,28.22,-2.51,-0.74,2.78,73.6,19.85,14.64,97.57,99820.0,97570.0
2023-06-25,99.93,75.39,30.18,32.71,27.95,-0.94,0.59,1.9,121.8,20.65,13.27,97.67,99930.0,97670.0
2023-06-26,100.02,64.3,31.51,36.76,26.63,-2.18,0.73,2.49,108.4,18.42,6.32,97.73,100020.0,97730.0
2023-06-27,99.92,58.87,31.99,36.89,27.49,-1.56,1.34,2.36,130.6,17.65,4.99,97.64,99920.0,97640.0
2023-06-28,100.03,62.15,32.08,36.26,28.32,-3.18,0.2,3.27,93.6,18.85,10.35,97.75,100030.0,97750.0
2023-06-29,99.96,65.67,31.34,35.68,27.76,-3.64,0.01,3.69,90.2,19.07,11.14,97.68,99960.0,97680.0
2023-06-30,99.79,71.64,30.53,34.56,26.82,-2.71,-1.13,3.0,67.4,19.87,11.1,97.52,99790.0,97520.0
2023-07-01,99.92,67.02,30.63,36.05,25.94,-1.02,-1.98,2.71,27.4,18.35,3.63,97.64,99920.0,97640.0
2023-07-02,99.92,60.67,32.32,38.28,26.11,0.15,-1.42,2.58,353.8,18.14,0.02,97.64,99920.0,97640.0
2023-07-03,99.87,51.79,33.95,40.06,27.86,-0.78,-0.78,2.29,44.8,17.13,0.07,97.6,99870.0,97600.0
2023-07-04,99.7,52.13,34.74,40.83,29.35,-1.12,0.31,2.37,105.5,18.0,0.73,97.44,99700.0,97440.0
2023-07-05,99.69,61.69,32.83,37.25,29.27,-2.24,0.28,3.08,97.0,19.52,9.82,97.42,99690.0,97420.0
2023-07-06,99.98,77.8,29.63,32.22,27.61,-2.94,1.18,3.26,111.9,20.71,14.23,97.7,99980.0,97700.0
2023-07-07,100.06,74.44,30.36,33.99,26.86,-2.28,1.46,2.9,122.6,20.34,10.4,97.78,100060.0,97780.0
2023-07-08,100.01,83.53,29.26,32.55,27.14,-3.66,1.5,4.0,112.3,21.75,25.13,97.73,100010.0,97730.0
2023-07-09,100.0,83.7,29.71,33.48,26.37,-2.84,1.64,3.48,119.9,22.33,48.55,97.72,100000.0,97720.0
2023-07-10,99.96,80.0,30.42,34.4,27.5,-1.27,1.98,2.51,147.4,22.11,17.74,97.68,99960.0,97680.0
2023-07-11,99.97,77.05,30.64,34.08,26.55,-0.83,-0.51,1.38,58.4,21.6,13.64,97.69,99970.0,97690.0
2023-07-12,99.91,79.2,30.4,33.89,27.03,0.61,0.07,1.39,263.6,21.98,19.17,97.63,99910.0,97630.0
2023-07-13,99.94,79.74,29.91,33.94,26.81,-1.22,2.06,2.62,149.4,21.37,5.79,97.67,99940.0,97670.0
2023-07-14,100.05,81.43,29.44,33.25,26.28,-0.68,0.49,1.03,125.6,21.28,4.87,97.77,100050.0,97770.0
2023-07-15,100.06,81.91,29.23,32.86,26.42,-0.14,1.49,1.9,174.5,21.21,4.79,97.78,100060.0,97780.0
2023-07-16,100.01,73.97,30.7,34.9,25.61,0.36,0.79,0.93,204.3,20.74,3.91,97.73,100010.0,97730.0
2023-07-17,99.88,72.45,31.66,34.6,28.18,-0.11,1.02,1.18,173.6,21.65,3.23,97.61,99880.0,97610.0
2023-07-18,99.87,83.76,29.79,32.19,27.47,-1.36,2.45,2.94,151.1,22.59,18.48,97.6,99870.0,97600.0
2023-07-19,99.91,80.5,29.57,33.34,26.36,-2.7,1.75,3.23,123.0,21.26,3.67,97.64,99910.0,97640.0
2023-07-20,99.87,74.25,31.64,35.91,26.45,-1.49,0.85,1.9,119.7,21.98,0.0,97.6,99870.0,97600.0
2023-07-21,100.04,77.04,31.28,35.01,27.9,-1.74,1.5,2.34,130.8,22.4,1.39,97.77,100040.0,97770.0
2023-07-22,100.29,79.53,30.22,34.04,26.51,-4.04,1.42,4.36,109.3,21.7,4.41,98.01,100290.0,98010.0
2023-07-23,100.28,79.24,30.04,33.26,26.76,-3.89,0.46,3.97,96.8,21.43,0.1,97.99,100280.0,97990.0
2023-07-24,100.05,76.87,30.43,35.19,25.9,-3.0,1.45,3.43,115.8,21.16,0.96,97.77,100050.0,97770.0
2023-07-25,100.06,81.69,30.3,33.38,26.92,-0.44,1.48,2.04,163.5,22.56,13.29,97.79,100060.0,97790.0
2023-07-26,100.23,79.43,30.28,33.33,26.86,-0.84,1.02,1.66,140.6,21.85,28.38,97.95,100230.0,97950.0
2023-07-27,100.14,86.57,29.08,32.23,26.31,-0.25,0.42,1.43,148.5,22.3,16.52,97.86,100140.0,97860.0
2023-07-28,99.93,84.17,28.54,31.28,26.21,-0.39,-0.17,1.29,66.1,21.03,18.2,97.66,99930.0,97660.0
2023-07-29,99.86,85.31,29.03,33.29,25.81,0.26,0.93,1.33,195.7,21.9,4.29,97.59,99860.0,97590.0
2023-07-30,99.74,85.38,29.48,32.96,26.45,1.27,-0.61,1.76,295.7,22.58,0.62,97.47,99740.0,97470.0
2023-07-31,99.68,80.36,30.09,33.72,26.45,2.23,-1.14,2.53,297.1,21.91,0.35,97.41,99680.0,97410.0
2023-08-01,99.62,79.04,30.44,34.78,26.2,2.95,-1.14,3.19,291.1,21.98,0.11,97.35,99620.0,97350.0
2023-08-02,99.71,81.74,30.3,33.51,27.43,2.5,-0.36,2.62,278.2,22.62,0.82,97.44,99710.0,97440.0
2023-08-03,99.73,82.98,30.04,32.76,27.24,1.59,-0.99,2.18,301.8,22.69,4.19,97.46,99730.0,97460.0
2023-08-04,99.94,86.9,29.47,32.13,26.83,-0.08,-0.58,1.85,8.2,23.03,44.34,97.67,99940.0,97670.0
2023-08-05,100.06,87.47,29.14,31.11,27.13,2.64,-0.09,3.04,272.0,22.73,20.5,97.79,100060.0,97790.0
2023-08-06,99.78,82.55,29.54,34.08,25.9,3.81,0.18,3.97,267.3,21.79,9.81,97.51,99780.0,97510.0
2023-08-07,99.55,83.21,29.09,33.17,26.06,4.74,0.37,4.87,265.5,21.55,1.62,97.29,99550.0,97290.0
2023-08-08,99.69,83.34,29.18,33.39,25.3,4.69,0.45,4.78,264.5,21.67,0.13,97.42,99690.0,97420.0
2023-08-09,100.07,82.24,29.4,33.17,25.57,3.37,0.11,3.66,268.1,21.59,2.0,97.79,100070.0,97790.0
2023-08-10,100.25,80.94,29.41,32.88,25.78,2.48,-0.34,2.74,277.8,21.16,2.07,97.97,100250.0,97970.0
2023-08-11,100.24,79.76,29.61,33.39,26.1,2.13,-1.11,2.54,297.5,21.07,0.73,97.96,100240.0,97960.0
2023-08-12,100.01,77.8,29.26,33.7,25.48,3.86,0.17,3.92,267.4,20.11,0.0,97.73,100010.0,97730.0
2023-08-13,99.83,79.32,29.14,33.82,25.1,3.1,1.8,3.99,239.8,20.5,0.07,97.56,99830.0,97560.0
2023-08-14,100.25,84.72,27.32,29.36,25.46,-1.08,1.91,2.93,150.5,19.72,0.09,97.96,100250.0,97960.0
2023-08-15,100.25,79.44,29.0,32.99,25.01,-0.11,0.66,1.18,170.4,20.21,1.63,97.96,100250.0,97960.0
2023-08-16,100.24,78.71,29.69,34.04,25.5,2.34,-1.14,2.73,295.9,20.86,1.68,97.96,100240.0,97960.0
2023-08-17,100.18,78.77,30.09,34.02,26.53,2.99,-1.21,3.37,292.1,21.38,0.27,97.9,100180.0,97900.0
2023-08-18,100.19,79.09,30.16,34.42,26.27,0.9,-1.48,2.47,328.7,21.53,0.87,97.91,100190.0,97910.0
2023-08-19,100.2,83.55,29.79,32.37,27.2,-2.09,0.56,2.19,104.9,22.44,12.32,97.93,100200.0,97930.0
2023-08-20,100.2,76.48,30.75,34.64,26.33,-2.03,0.74,2.22,110.0,21.54,0.32,97.92,100200.0,97920.0
2023-08-21,100.13,74.77,30.84,34.41,27.29,-0.78,0.5,1.5,123.0,21.16,1.21,97.85,100130.0,97850.0
2023-08-22,99.94,83.99,29.98,33.7,26.76,0.22,0.6,2.21,200.5,22.75,14.31,97.67,99940.0,97670.0
2023-08-23,99.88,88.99,28.24,30.61,26.3,2.4,1.8,3.34,233.2,21.98,44.32,97.61,99880.0,97610.0
2023-08-24,99.78,82.74,28.21,32.34,24.36,3.0,0.36,3.21,263.1,20.26,0.83,97.5,99780.0,97500.0
2023-08-25,99.82,79.39,28.5,33.69,24.17,3.45,0.67,3.67,259.0,19.67,0.1,97.54,99820.0,97540.0
2023-08-26,100.0,76.79,28.9,33.58,24.77,3.7,-0.04,3.76,270.5,19.42,0.0,97.72,100000.0,97720.0
2023-08-27,99.99,75.44,28.74,34.24,24.02,3.79,-0.68,3.89,280.2,18.86,0.27,97.7,99990.0,97700.0
2023-08-28,100.0,75.67,29.43,33.59,25.07,2.87,-1.0,3.17,289.3,19.7,0.13,97.72,100000.0,97720.0
2023-08-29,100.23,75.3,29.29,33.71,24.69,2.38,-1.31,2.89,298.9,19.46,0.0,97.94,100230.0,97940.0
2023-08-30,100.4,76.36,29.1,34.27,24.67,1.42,-1.91,2.72,323.4,19.28,0.01,98.1,100400.0,98100.0
2023-08-31,100.46,74.95,29.34,34.94,24.71,0.89,-1.37,2.17,327.0,19.15,0.0,98.17,100460.0,98170.0
2023-09-01,100.43,70.49,29.48,35.66,24.55,1.83,-1.74,2.92,313.5,17.98,0.0,98.15,100430.0,98150.0
2023-09-02,100.33,69.4,28.86,35.66,23.5,2.66,-1.74,3.45,303.3,16.95,0.0,98.04,100330.0,98040.0
2023-09-03,100.22,67.26,28.73,35.38,22.84,1.76,-1.65,2.84,313.2,16.17,0.0,97.94,100220.0,97940.0
2023-09-04,100.16,68.92,29.01,35.25,23.53,1.01,-2.46,3.11,337.8,17.13,0.0,97.88,100160.0,97880.0
2023-09-05,100.27,73.61,29.8,35.64,24.31,-1.48,-0.43,2.18,73.9,19.26,1.03,97.99,100270.0,97990.0
2023-09-06,100.4,69.81,30.11,35.93,24.87,-1.55,0.87,2.22,119.3,18.35,0.12,98.11,100400.0,98110.0
2023-09-07,100.34,66.06,30.38,36.48,25.57,-0.69,0.88,2.14,142.1,17.74,0.4,98.06,100340.0,98060.0
2023-09-08,100.33,72.01,29.12,34.04,24.36,-2.0,0.61,2.33,107.0,18.21,6.64,98.04,100330.0,98040.0
2023-09-09,100.29,83.45,27.89,32.12,24.88,-3.49,-0.86,3.65,76.2,19.92,17.32,98.0,100290.0,98000.0
2023-09-10,100.07,90.71,27.04,31.13,24.72,-3.39,0.02,3.68,90.3,20.82,72.53,97.79,100070.0,97790.0
2023-09-11,100.11,85.42,27.48,31.81,24.22,-2.43,-1.48,2.96,58.6,19.93,0.91,97.82,100110.0,97820.0
2023-09-12,100.15,82.44,28.31,32.75,24.24,-1.62,-0.57,2.09,70.7,20.1,0.05,97.87,100150.0,97870.0
2023-09-13,100.15,82.63,29.06,33.13,25.69,-0.54,0.88,1.35,148.4,21.12,0.01,97.88,100150.0,97880.0
2023-09-14,100.27,83.88,29.45,33.92,26.14,-0.8,1.7,1.99,154.8,21.94,7.07,97.99,100270.0,97990.0
2023-09-15,100.36,84.72,28.93,33.02,25.83,-1.88,1.45,2.45,127.6,21.52,1.69,98.09,100360.0,98090.0
2023-09-16,100.38,87.34,26.82,29.64,25.01,-4.62,-0.16,4.65,88.1,19.65,13.32,98.09,100380.0,98090.0
2023-09-17,100.19,89.83,26.98,29.66,24.98,-4.68,0.05,4.75,90.6,20.52,6.67,97.9,100190.0,97900.0
2023-09-18,100.25,84.07,27.24,31.49,24.55,-4.22,2.89,5.2,124.4,19.33,0.15,97.96,100250.0,97960.0
2023-09-19,100.52,81.18,28.35,32.73,23.87,-1.75,2.18,2.84,141.3,19.82,0.18,98.23,100520.0,98230.0
2023-09-20,100.55,77.3,29.3,33.37,24.94,-0.3,1.14,1.38,165.1,19.87,0.0,98.25,100550.0,98250.0
2023-09-21,100.45,76.85,29.58,33.99,24.99,-0.95,0.47,1.41,116.5,20.12,0.16,98.16,100450.0,98160.0
2023-09-22,100.47,78.5,29.17,33.12,25.54,-1.36,-0.34,1.73,76.1,20.11,1.54,98.18,100470.0,98180.0
2023-09-23,100.49,80.88,28.81,32.75,24.99,0.27,0.32,1.81,220.2,20.31,8.31,98.19,100490.0,98190.0
2023-09-24,100.5,79.68,28.26,32.99,24.33,-0.32,-0.36,1.59,41.6,19.29,2.33,98.2,100500.0,98200.0
2023-09-25,100.54,74.11,28.61,32.82,24.15,-0.7,-0.29,1.37,67.9,18.22,0.0,98.24,100540.0,98240.0
2023-09-26,100.64,73.99,27.77,33.72,23.12,-0.6,-1.24,1.91,25.7,17.15,0.0,98.34,100640.0,98340.0
2023-09-27,100.63,73.12,26.75,33.13,22.21,0.96,-2.21,2.55,336.5,15.81,0.0,98.32,100630.0,98320.0
2023-09-28,100.6,73.62,25.73,32.9,19.69,0.83,-2.19,2.48,339.3,15.02,0.0,98.3,100600.0,98300.0
2023-09-29,100.6,63.19,25.83,32.73,20.08,0.03,-1.72,1.84,358.9,12.83,0.0,98.29,100600.0,98290.0
2023-09-30,100.58,61.83,26.26,34.13,19.82,0.67,-2.73,2.83,346.2,12.81,0.0,98.27,100580.0,98270.0
2023-10-01,100.53,62.69,25.55,33.31,18.96,0.28,-3.06,3.13,354.7,12.31,0.0,98.22,100530.0,98220.0
2023-10-02,100.63,58.1,25.44,34.62,19.2,0.92,-3.14,3.52,343.7,10.96,0.0,98.31,100630.0,98310.0
2023-10-03,100.7,54.42,24.21,32.97,17.58,1.55,-2.86,3.5,331.5,9.95,0.0,98.38,100700.0,98380.0
2023-10-04,100.68,59.09,24.48,33.46,16.97,1.07,-2.94,3.25,340.1,10.83,0.0,98.38,100680.0,98380.0
2023-10-05,100.62,62.27,25.43,34.3,19.41,0.85,-2.12,2.63,338.2,12.12,0.0,98.32,100620.0,98320.0
2023-10-06,100.54,59.55,25.17,34.25,17.73,0.4,-1.6,2.88,345.9,11.17,0.0,98.25,100540.0,98250.0
2023-10-07,100.66,59.96,26.32,34.66,20.73,-0.15,-0.94,2.24,9.0,12.37,0.0,98.36,100660.0,98360.0
2023-10-08,100.69,58.28,27.71,35.65,21.76,0.23,-0.99,2.24,346.9,13.13,0.0,98.39,100690.0,98390.0
2023-10-09,100.76,61.7,28.38,36.04,22.77,0.36,-0.74,2.28,333.9,14.61,0.0,98.46,100760.0,98460.0
2023-10-10,100.86,62.97,27.98,34.91,22.65,0.59,-0.85,1.68,325.1,14.62,0.0,98.55,100860.0,98550.0
2023-10-11,100.95,57.89,25.97,34.77,19.74,1.09,-2.52,3.14,336.6,11.4,0.0,98.63,100950.0,98630.0
2023-10-12,101.1,54.62,25.37,33.97,19.42,0.14,-1.74,2.33,355.3,10.36,0.0,98.77,101100.0,98770.0
2023-10-13,101.15,50.78,26.34,35.34,20.61,-0.2,-1.38,2.16,8.2,10.21,0.0,98.83,101150.0,98830.0
2023-10-14,101.08,49.83,27.22,35.26,22.16,0.16,-1.02,1.99,351.2,10.76,0.0,98.76,101080.0,98760.0
2023-10-15,100.89,54.6,26.61,33.75,21.13,-0.69,-0.75,1.59,42.7,11.51,0.0,98.56,100890.0,98560.0
2023-10-16,101.05,69.61,23.96,29.27,21.51,-0.83,-0.73,3.32,48.9,12.99,4.31,98.72,101050.0,98720.0
2023-10-17,101.39,62.92,23.67,29.49,18.98,-2.34,-1.26,2.87,61.6,11.21,4.82,99.03,101390.0,99030.0
2023-10-18,101.46,62.52,22.55,30.81,18.23,2.03,-2.28,3.3,318.4,10.37,0.0,99.1,101460.0,99100.0
2023-10-19,101.4,59.88,22.6,30.54,16.03,1.72,-2.3,3.1,323.1,9.85,0.0,99.04,101400.0,99040.0
2023-10-20,101.48,59.19,22.74,31.06,16.41,0.69,-2.04,2.49,341.4,9.75,0.0,99.12,101480.0,99120.0
2023-10-21,101.53,54.65,22.61,30.55,16.2,0.13,-1.98,2.33,356.3,8.95,0.0,99.17,101530.0,99170.0
2023-10-22,101.5,49.86,23.49,31.5,18.07,-0.1,-1.59,2.01,3.5,8.66,0.0,99.15,101500.0,99150.0
2023-10-23,101.41,58.36,23.12,30.91,16.76,1.04,-2.18,2.57,334.5,9.89,0.0,99.05,101410.0,99050.0
2023-10-24,101.32,57.87,23.67,31.49,17.57,0.89,-2.25,2.52,338.4,10.18,0.0,98.96,101320.0,98960.0
2023-10-25,101.38,56.08,23.59,32.29,16.93,1.4,-2.47,2.93,330.4,9.55,0.0,99.02,101380.0,99020.0
2023-10-26,101.35,56.8,23.14,31.98,16.08,1.57,-2.18,2.79,324.3,9.45,0.0,98.99,101350.0,98990.0
2023-10-27,101.27,46.05,23.26,32.26,15.85,0.85,-1.87,2.44,335.6,7.6,0.0,98.92,101270.0,98920.0
2023-10-28,101.31,46.53,24.05,30.46,19.28,-0.18,-0.76,1.86,13.1,8.48,0.0,98.97,101310.0,98970.0
2023-10-29,101.31,46.55,24.41,32.17,19.11,-0.37,-0.48,1.95,37.3,8.64,0.0,98.97,101310.0,98970.0
2023-10-30,101.37,51.63,24.15,33.13,18.16,-1.28,-0.74,2.18,59.9,9.21,0.0,99.02,101370.0,99020.0
2023-10-31,101.51,52.61,24.23,31.89,18.98,-1.26,-1.02,1.9,50.8,9.59,0.0,99.16,101510.0,99160.0
2023-11-01,101.54,45.91,25.21,32.82,19.75,-0.54,-0.93,1.48,30.1,8.86,0.0,99.18,101540.0,99180.0
2023-11-02,101.37,48.95,23.52,31.33,18.19,0.42,-1.73,1.99,346.5,8.58,0.0,99.02,101370.0,99020.0
2023-11-03,101.16,52.72,23.21,29.71,18.77,0.88,-1.57,1.95,330.7,9.28,0.0,98.81,101160.0,98810.0
2023-11-04,101.2,54.4,23.43,30.42,18.72,0.72,-2.05,2.35,340.5,9.55,0.0,98.85,101200.0,98850.0
2023-11-05,101.36,44.19,22.91,29.82,18.34,0.33,-1.0,1.41,342.0,7.49,0.0,99.0,101360.0,99000.0
2023-11-06,101.5,40.14,22.99,30.78,15.83,-0.8,-1.08,1.62,36.5,6.75,0.0,99.15,101500.0,99150.0
2023-11-07,101.41,40.98,22.76,30.48,18.15,-0.27,-0.87,1.67,17.4,6.95,0.0,99.05,101410.0,99050.0
2023-11-08,101.3,54.16,22.62,30.83,17.52,0.86,-1.67,2.1,332.9,8.98,0.0,98.95,101300.0,98950.0
2023-11-09,101.32,53.03,23.5,31.26,17.79,0.66,-1.32,2.22,333.6,9.03,0.0,98.96,101320.0,98960.0
2023-11-10,101.52,60.4,21.76,27.68,17.75,-1.0,-0.48,2.16,64.5,9.69,4.85,99.15,101520.0,99150.0
2023-11-11,101.75,62.83,19.86,26.92,14.51,1.85,-2.48,3.21,323.3,8.71,0.25,99.35,101750.0,99350.0
2023-11-12,101.74,62.63,19.69,27.96,13.47,2.31,-1.91,3.15,309.6,8.5,0.0,99.36,101740.0,99360.0
2023-11-13,101.76,55.34,19.56,27.55,13.41,1.07,-1.78,2.29,328.9,7.49,0.0,99.38,101760.0,99380.0
2023-11-14,101.68,49.58,19.23,25.58,14.74,1.48,-1.56,2.38,316.7,6.76,0.0,99.3,101680.0,99300.0
2023-11-15,101.63,56.24,18.79,27.29,11.7,2.01,-1.29,2.48,302.6,7.31,0.0,99.26,101630.0,99260.0
2023-11-16,101.75,54.99,20.29,28.0,13.84,0.42,-0.7,1.83,328.8,7.79,0.0,99.37,101750.0,99370.0
2023-11-17,101.72,54.19,20.89,28.53,14.94,0.29,-0.38,1.94,322.9,8.08,0.0,99.33,101720.0,99330.0
2023-11-18,101.59,50.87,20.1,26.97,15.0,0.6,1.06,1.94,209.8,7.25,0.0,99.21,101590.0,99210.0
2023-11-19,101.67,47.51,19.81,25.73,14.31,0.4,1.07,1.53,200.6,6.77,0.0,99.3,101670.0,99300.0
2023-11-20,101.69,51.79,19.73,27.42,14.2,1.64,-1.41,2.33,310.7,7.26,0.0,99.31,101690.0,99310.0
2023-11-21,101.57,58.46,18.79,26.9,12.79,2.56,-2.34,3.62,312.4,7.62,0.0,99.2,101570.0,99200.0
2023-11-22,101.34,57.83,17.72,25.97,11.26,2.73,-1.59,3.25,300.3,7.07,0.0,98.98,101340.0,98980.0
2023-11-23,101.35,45.43,19.14,26.52,13.48,0.31,0.23,1.22,232.6,6.05,0.0,98.98,101350.0,98980.0
2023-11-24,101.55,45.35,18.96,26.1,14.16,0.16,-0.76,1.27,348.5,6.09,0.0,99.17,101550.0,99170.0
2023-11-25,101.68,46.12,19.05,26.33,12.12,0.69,-1.05,1.63,326.7,6.08,0.0,99.3,101680.0,99300.0
2023-11-26,101.76,49.09,18.74,25.75,14.94,-1.32,0.45,1.82,108.7,6.53,0.0,99.38,101760.0,99380.0
2023-11-27,101.58,53.86,17.36,21.94,14.65,-1.91,1.44,2.76,127.1,6.66,0.14,99.18,101580.0,99180.0
2023-11-28,101.48,54.48,18.6,24.83,13.83,-1.11,0.93,1.75,129.8,7.21,2.24,99.09,101480.0,99090.0
2023-11-29,101.51,58.2,18.52,24.66,14.67,-0.98,0.55,1.7,119.1,7.63,0.09,99.12,101510.0,99120.0
2023-11-30,101.59,62.39,19.59,25.76,13.93,-1.04,1.27,1.77,140.7,8.79,0.0,99.19,101590.0,99190.0
2023-12-01,101.64,62.8,20.56,26.73,16.1,-0.19,-1.04,1.32,10.2,9.32,0.0,99.24,101640.0,99240.0
2023-12-02,101.7,63.91,18.99,25.87,14.25,0.93,-1.63,1.98,330.1,8.45,0.0,99.29,101700.0,99290.0
2023-12-03,101.72,59.65,18.8,26.54,13.05,0.82,-1.46,2.02,330.7,7.76,0.47,99.32,101720.0,99320.0
2023-12-04,101.6,62.34,19.11,26.2,14.52,0.68,-1.14,1.67,329.2,8.31,0.98,99.2,101600.0,99200.0
2023-12-05,101.55,58.35,18.09,25.81,12.2,0.85,-2.66,2.83,342.3,7.3,0.1,99.14,101550.0,99140.0
2023-12-06,101.61,52.21,18.16,26.58,11.29,0.99,-0.8,2.09,308.9,6.46,0.0,99.21,101610.0,99210.0
2023-12-07,101.53,50.68,18.32,27.22,12.51,1.42,-1.49,2.29,316.4,6.5,0.0,99.14,101530.0,99140.0
2023-12-08,101.49,51.16,17.01,26.08,10.95,1.77,-2.19,3.06,321.1,5.88,0.0,99.09,101490.0,99090.0
2023-12-09,101.56,46.4,16.11,25.45,9.56,2.51,-2.29,3.51,312.3,5.05,0.0,99.16,101560.0,99160.0
2023-12-10,101.37,45.78,15.25,24.46,9.11,3.47,-1.71,3.97,296.2,4.67,0.0,98.98,101370.0,98980.0
2023-12-11,101.49,40.43,15.48,23.65,9.84,0.6,-0.86,1.68,325.2,4.31,0.0,99.09,101490.0,99090.0
2023-12-12,101.41,41.94,15.92,23.46,9.28,-0.61,0.19,1.39,107.7,4.65,0.0,99.0,101410.0,99000.0
2023-12-13,101.56,41.68,15.54,24.53,10.32,1.02,-1.75,2.22,329.7,4.42,0.0,99.15,101560.0,99150.0
2023-12-14,101.64,48.47,14.26,24.49,6.96,2.46,-2.11,3.56,310.5,4.56,0.0,99.25,101640.0,99250.0
2023-12-15,101.78,44.56,16.05,24.89,9.32,1.08,-1.19,1.76,317.6,4.78,0.0,99.37,101780.0,99370.0
2023-12-16,101.65,45.53,15.46,24.03,9.64,1.01,-1.4,1.91,324.1,4.73,0.0,99.23,101650.0,99230.0
2023-12-17,101.75,49.26,14.65,24.11,9.41,1.24,-2.1,2.65,329.4,4.86,0.0,99.33,101750.0,99330.0
2023-12-18,101.9,54.58,13.86,23.11,7.48,3.19,-2.89,4.34,312.2,5.03,0.0,99.48,101900.0,99480.0
2023-12-19,101.89,47.23,13.17,23.62,6.05,3.34,-2.47,4.17,306.4,4.07,0.0,99.5,101890.0,99500.0
2023-12-20,101.84,44.1,12.97,21.82,5.63,2.44,-1.74,3.02,305.4,3.89,0.0,99.47,101840.0,99470.0
2023-12-21,101.65,43.66,13.14,23.33,6.54,2.04,-2.47,3.23,320.4,3.91,0.0,99.3,101650.0,99300.0
2023-12-22,101.65,41.04,14.89,23.66,6.38,0.94,-0.82,1.65,311.1,4.1,0.0,99.29,101650.0,99290.0
2023-12-23,101.84,43.96,16.27,23.17,9.99,-1.27,1.35,2.25,136.7,5.02,0.0,99.47,101840.0,99470.0
2023-12-24,101.98,51.16,16.72,24.92,10.3,-0.06,-0.59,1.59,5.5,5.86,0.0,99.61,101980.0,99610.0
2023-12-25,101.84,54.15,15.17,24.93,8.21,2.02,-2.16,3.03,317.0,5.49,0.0,99.46,101840.0,99460.0
2023-12-26,101.81,55.02,15.28,23.84,9.32,1.31,-1.93,2.65,325.8,5.71,0.0,99.44,101810.0,99440.0
2023-12-27,101.94,55.52,15.23,23.59,10.13,0.73,-1.38,1.72,332.2,5.74,0.0,99.56,101940.0,99560.0
2023-12-28,101.81,58.29,14.45,22.08,7.06,0.53,-1.09,1.46,334.0,5.71,0.0,99.42,101810.0,99420.0
2023-12-29,101.88,51.45,15.35,22.33,10.48,-0.28,0.16,1.35,119.6,5.42,0.0,99.48,101880.0,99480.0
2023-12-30,101.78,51.85,14.8,21.77,9.4,-0.07,0.28,1.64,165.3,5.28,0.0,99.37,101780.0,99370.0
2023-12-31,101.78,49.72,13.8,19.94,9.6,0.18,0.32,1.25,209.3,4.78,0.0,99.38,101780.0,99380.0
2024-01-01,101.76,59.47,12.19,21.11,5.86,1.59,-1.67,2.34,316.4,5.0,0.0,99.37,101760.0,99370.0
2024-01-02,101.73,56.57,12.34,20.87,5.08,1.19,-1.76,2.25,325.9,4.68,0.0,99.32,101730.0,99320.0
2024-01-03,101.68,45.68,13.09,21.48,6.85,-0.06,-1.24,1.79,3.0,4.09,0.0,99.26,101680.0,99260.0
2024-01-04,101.73,60.43,11.26,17.51,6.76,0.52,-1.65,1.87,342.6,4.98,0.0,99.32,101730.0,99320.0
2024-01-05,101.75,68.29,11.51,19.06,6.24,0.41,-0.71,1.57,330.0,5.53,0.0,99.34,101750.0,99340.0
2024-01-06,101.86,69.21,11.67,18.85,5.82,0.56,-0.51,1.32,312.4,5.71,0.0,99.45,101860.0,99450.0
2024-01-07,101.93,72.18,11.21,17.97,6.12,0.43,-0.13,1.6,286.8,5.82,0.0,99.52,101930.0,99520.0
2024-01-08,101.93,57.67,13.99,23.07,6.52,0.96,-0.65,1.44,304.0,5.24,0.0,99.51,101930.0,99510.0
2024-01-09,101.94,58.17,13.13,21.38,8.27,0.64,-1.22,1.8,332.3,5.44,0.44,99.5,101940.0,99500.0
2024-01-10,101.75,55.33,11.66,21.87,4.4,3.17,-2.12,3.84,303.9,4.39,0.0,99.33,101750.0,99330.0
2024-01-11,101.79,53.14,10.61,19.94,3.73,2.66,-1.92,3.3,305.8,4.0,0.0,99.4,101790.0,99400.0
2024-01-12,101.68,47.98,11.2,20.86,3.64,2.69,-1.62,3.25,301.1,3.74,0.0,99.32,101680.0,99320.0
2024-01-13,101.62,42.54,12.81,22.48,7.14,1.26,-1.59,2.48,321.6,3.75,0.0,99.24,101620.0,99240.0
2024-01-14,101.66,43.3,11.84,21.88,5.15,1.76,-2.04,2.94,319.2,3.59,0.0,99.27,101660.0,99270.0
2024-01-15,101.6,45.32,11.46,20.68,3.47,1.47,-1.75,2.42,319.9,3.57,0.0,99.21,101600.0,99210.0
2024-01-16,101.43,43.45,12.15,20.77,7.46,-0.76,0.56,2.16,126.3,3.7,0.0,99.04,101430.0,99040.0
2024-01-17,101.46,42.26,12.0,19.91,5.66,-1.53,1.53,2.21,134.9,3.57,0.0,99.05,101460.0,99050.0
2024-01-18,101.65,45.61,12.41,20.28,6.22,0.26,0.35,1.38,216.6,4.0,0.0,99.24,101650.0,99240.0
2024-01-19,101.78,49.3,12.52,21.74,6.8,0.64,0.29,1.61,246.0,4.23,0.0,99.36,101780.0,99360.0
2024-01-20,101.85,49.95,12.29,19.03,6.74,1.09,0.19,1.34,260.2,4.29,0.0,99.42,101850.0,99420.0
2024-01-21,101.78,53.01,11.12,21.84,4.2,2.86,-2.26,3.67,308.3,4.0,0.0,99.34,101780.0,99340.0
2024-01-22,101.93,38.7,11.83,20.79,3.62,0.9,-0.28,1.64,287.4,3.07,0.0,99.49,101930.0,99490.0
2024-01-23,101.81,39.27,13.07,22.4,5.97,1.26,-0.91,2.15,305.9,3.55,0.0,99.36,101810.0,99360.0
2024-01-24,101.81,45.28,12.49,22.31,6.25,0.97,-1.55,2.06,328.0,3.86,0.0,99.37,101810.0,99370.0
2024-01-25,102.0,45.75,12.77,21.76,4.54,0.76,-0.79,1.6,316.1,3.88,0.0,99.57,102000.0,99570.0
2024-01-26,102.09,38.05,14.99,22.47,9.02,0.37,-0.35,1.13,312.8,3.82,0.0,99.66,102090.0,99660.0
2024-01-27,101.84,38.48,14.78,25.57,6.46,3.48,-1.8,4.0,297.4,3.73,0.0,99.44,101840.0,99440.0
2024-01-28,101.75,44.64,14.25,21.21,9.92,-0.75,1.1,2.38,145.8,4.38,0.0,99.34,101750.0,99340.0
2024-01-29,101.75,44.84,15.37,24.55,6.32,-0.83,0.73,2.0,131.6,4.5,0.0,99.33,101750.0,99330.0
2024-01-30,101.61,42.92,16.16,23.61,9.04,0.78,-0.85,1.46,317.3,4.7,0.0,99.21,101610.0,99210.0
2024-01-31,101.54,50.07,16.08,24.48,10.97,-0.91,0.21,1.86,103.0,5.47,1.99,99.13,101540.0,99130.0
2024-02-01,101.6,73.16,14.26,20.64,9.74,-3.38,2.01,4.13,120.7,7.33,16.76,99.18,101600.0,99180.0
2024-02-02,101.87,57.25,13.83,23.76,8.36,1.67,-2.05,3.34,320.9,5.1,0.03,99.43,101870.0,99430.0
2024-02-03,101.69,39.92,15.72,26.43,6.5,2.66,-1.24,3.22,295.0,4.14,0.38,99.27,101690.0,99270.0
2024-02-04,101.66,83.36,15.03,19.06,12.12,-0.11,0.34,1.98,161.4,8.96,3.03,99.24,101660.0,99240.0
2024-02-05,101.72,66.77,15.45,22.88,10.25,1.85,-1.82,2.73,314.5,7.21,0.1,99.28,101720.0,99280.0
2024-02-06,101.96,41.28,12.68,21.18,6.16,2.86,-2.78,4.07,314.2,3.49,0.0,99.51,101960.0,99510.0
2024-02-07,102.03,41.85,12.76,20.52,7.06,3.44,-2.72,4.47,308.3,3.61,0.0,99.58,102030.0,99580.0
2024-02-08,101.77,42.24,12.51,22.6,5.23,5.24,-2.12,5.72,292.0,3.37,0.0,99.36,101770.0,99360.0
2024-02-09,101.9,35.15,14.35,24.75,4.22,2.14,-1.19,2.63,299.2,3.27,0.0,99.47,101900.0,99470.0
2024-02-10,102.09,33.51,15.69,24.57,8.91,0.7,-0.98,1.34,324.7,3.52,0.0,99.66,102090.0,99660.0
2024-02-11,102.02,42.52,15.07,24.57,7.36,1.48,-1.31,2.18,311.5,4.26,0.0,99.6,102020.0,99600.0
2024-02-12,101.9,40.35,16.91,25.13,7.87,0.24,-0.28,1.33,319.5,4.38,0.0,99.48,101900.0,99480.0
2024-02-13,101.82,34.89,17.65,23.99,12.55,0.67,0.89,1.3,217.0,4.26,0.0,99.4,101820.0,99400.0
2024-02-14,101.79,41.28,16.78,25.92,11.45,2.03,-1.17,2.36,299.9,4.65,0.0,99.38,101790.0,99380.0
2024-02-15,101.87,45.43,16.76,26.66,8.96,1.76,-1.91,2.65,317.3,5.01,0.0,99.47,101870.0,99470.0
2024-02-16,101.91,37.97,16.74,27.13,8.7,1.68,-1.94,2.61,319.1,4.14,0.0,99.5,101910.0,99500.0
2024-02-17,101.43,33.27,17.34,27.33,8.28,2.45,-1.75,3.17,305.5,3.76,0.0,99.04,101430.0,99040.0
2024-02-18,101.19,30.47,19.55,29.33,11.91,-0.88,1.68,2.52,152.4,4.08,0.0,98.81,101190.0,98810.0
2024-02-19,100.99,37.77,19.88,29.92,10.46,-2.29,3.68,4.8,148.1,5.18,0.02,98.62,100990.0,98620.0
2024-02-20,100.96,55.19,20.6,27.64,14.9,-1.05,0.0,2.08,89.9,8.27,1.39,98.58,100960.0,98580.0
2024-02-21,101.0,35.78,17.72,27.54,10.48,1.47,-2.41,3.11,328.6,4.0,0.0,98.6,101000.0,98600.0
2024-02-22,101.25,35.52,17.08,26.78,10.41,1.47,-2.14,3.0,325.6,3.94,0.0,98.84,101250.0,98840.0
2024-02-23,101.56,38.54,15.79,25.36,8.02,2.03,-2.42,3.43,320.0,3.98,0.0,99.12,101560.0,99120.0
2024-02-24,101.57,33.89,17.01,25.54,9.2,0.17,-1.93,2.48,355.1,3.82,0.0,99.14,101570.0,99140.0
2024-02-25,101.76,31.93,17.31,26.5,10.32,-0.72,-1.96,2.62,20.2,3.66,0.0,99.33,101760.0,99330.0
2024-02-26,101.76,33.2,18.28,27.76,9.89,0.34,-2.99,3.27,353.4,3.99,0.0,99.34,101760.0,99340.0
2024-02-27,101.77,50.0,17.51,24.73,11.68,0.62,-3.34,3.66,349.5,6.02,0.23,99.35,101770.0,99350.0
2024-02-28,101.51,46.72,18.15,27.65,10.24,3.3,-2.29,4.12,304.7,5.51,0.01,99.11,101510.0,99110.0
2024-02-29,101.42,37.17,18.77,29.03,10.2,2.83,-1.88,3.57,303.5,4.62,0.0,99.02,101420.0,99020.0
2024-03-01,101.26,36.53,22.17,31.83,13.65,-1.36,0.68,2.39,116.7,5.78,2.54,98.9,101260.0,98900.0
2024-03-02,101.04,60.49,20.11,25.86,16.1,-3.9,2.98,5.09,127.4,8.79,5.24,98.67,101040.0,98670.0
2024-03-03,101.15,69.75,18.56,25.21,12.05,-0.67,1.54,2.46,156.5,8.92,7.7,98.74,101150.0,98740.0
2024-03-04,101.6,37.01,15.19,25.42,6.66,1.67,-2.5,3.28,326.4,3.42,0.05,99.16,101600.0,99160.0
2024-03-05,101.67,31.26,14.65,23.39,6.27,2.89,-2.55,3.95,311.4,2.99,0.0,99.25,101670.0,99250.0
2024-03-06,101.5,33.17,15.48,25.02,6.62,2.92,-1.74,3.57,300.9,3.27,0.0,99.09,101500.0,99090.0
2024-03-07,101.43,36.77,17.8,27.63,9.12,2.1,-2.33,3.39,318.0,4.29,0.0,99.02,101430.0,99020.0
2024-03-08,101.51,37.41,18.99,28.7,10.6,2.0,-2.72,3.65,323.8,4.75,0.0,99.11,101510.0,99110.0
2024-03-09,101.48,37.46,18.67,28.44,10.14,3.18,-2.31,4.03,306.0,4.65,0.0,99.09,101480.0,99090.0
2024-03-10,101.45,35.94,19.97,30.22,11.7,1.12,-1.45,2.71,322.2,4.73,0.0,99.07,101450.0,99070.0
2024-03-11,101.53,31.04,22.55,31.95,14.01,-0.81,-0.11,1.97,82.0,4.86,0.0,99.15,101530.0,99150.0
2024-03-12,101.33,34.67,23.13,32.21,16.64,1.28,-1.99,2.88,327.1,5.79,0.0,98.96,101330.0,98960.0
2024-03-13,101.09,34.57,23.08,32.26,14.83,1.7,-1.99,3.28,319.5,5.57,0.02,98.72,101090.0,98720.0
2024-03-14,101.32,35.78,22.51,31.56,14.52,0.61,-2.66,3.04,347.1,5.62,0.0,98.94,101320.0,98940.0
2024-03-15,101.31,34.23,21.98,31.52,14.27,3.14,-2.72,4.25,310.9,5.05,0.0,98.93,101310.0,98930.0
2024-03-16,101.46,28.67,20.45,29.88,11.75,1.9,-1.31,2.68,304.6,3.82,0.0,99.07,101460.0,99070.0
2024-03-17,101.38,26.27,21.4,32.99,11.94,1.9,-1.74,2.71,312.6,3.68,0.0,99.0,101380.0,99000.0
2024-03-18,101.23,28.43,22.64,32.83,13.53,2.39,-2.03,3.16,310.3,4.36,0.0,98.86,101230.0,98860.0
2024-03-19,101.2,28.31,23.29,32.79,14.23,1.46,-2.27,3.01,327.3,4.63,0.0,98.83,101200.0,98830.0
2024-03-20,101.21,22.49,25.53,34.63,14.79,-0.26,-1.38,1.75,10.5,4.18,0.0,98.85,101210.0,98850.0
2024-03-21,101.24,28.5,21.9,30.79,15.1,-2.29,1.83,3.12,128.7,4.55,0.0,98.88,101240.0,98880.0
2024-03-22,100.82,29.4,24.74,35.3,14.85,-0.28,0.32,2.84,138.7,5.24,0.0,98.5,100820.0,98500.0
2024-03-23,100.7,26.44,26.75,37.22,17.91,2.8,-3.39,4.66,320.4,4.89,0.0,98.38,100700.0,98380.0
2024-03-24,100.99,27.57,24.62,31.04,18.62,2.02,-1.64,3.1,309.1,5.19,0.0,98.65,100990.0,98650.0
2024-03-25,101.09,27.19,25.92,35.71,16.66,3.03,-2.95,4.31,314.2,5.19,0.0,98.75,101090.0,98750.0
2024-03-26,100.99,27.25,27.34,37.09,17.66,2.49,-2.11,3.4,310.3,5.86,0.0,98.66,100990.0,98660.0
2024-03-27,101.14,25.42,30.05,38.9,21.44,2.07,-1.27,2.94,301.6,6.32,0.0,98.82,101140.0,98820.0
2024-03-28,100.87,30.71,30.98,40.05,21.61,2.01,-1.51,2.86,306.9,7.88,0.0,98.57,100870.0,98570.0
2024-03-29,100.75,32.97,31.17,39.32,22.83,-0.23,0.24,1.93,136.0,8.74,0.16,98.45,100750.0,98450.0
2024-03-30,100.83,28.77,29.96,38.15,22.29,2.37,0.1,3.6,267.6,7.08,3.52,98.52,100830.0,98520.0
2024-03-31,100.93,23.42,28.6,37.26,20.25,2.97,-1.62,3.57,298.6,5.27,0.0,98.6,100930.0,98600.0
2024-04-01,100.8,29.61,26.08,34.17,20.09,4.07,-2.86,5.19,305.1,6.01,0.0,98.45,100800.0,98450.0
2024-04-02,100.66,19.34,26.81,35.91,17.82,3.46,-2.46,4.39,305.4,3.89,0.0,98.32,100660.0,98320.0
2024-04-03,100.72,21.1,29.08,37.83,19.78,0.28,-0.71,1.64,338.7,5.02,0.0,98.4,100720.0,98400.0
2024-04-04,100.68,18.97,29.96,38.48,22.56,0.95,-1.98,2.71,334.3,4.73,0.0,98.36,100680.0,98360.0
2024-04-05,100.7,21.31,28.79,36.96,22.71,2.63,-0.9,4.02,288.9,5.12,0.0,98.38,100700.0,98380.0
2024-04-06,100.68,19.14,27.68,37.55,18.75,2.92,-2.27,3.77,307.8,4.1,0.0,98.35,100680.0,98350.0
2024-04-07,100.69,15.37,27.9,37.71,18.38,2.89,-2.31,3.79,308.6,3.29,0.0,98.36,100690.0,98360.0
2024-04-08,100.77,15.81,29.41,39.16,21.7,1.89,-2.2,3.24,319.3,3.75,0.0,98.45,100770.0,98450.0
2024-04-09,100.82,14.78,29.36,39.58,19.76,0.72,-1.68,3.01,336.7,3.4,0.0,98.5,100820.0,98500.0
2024-04-10,100.83,15.94,30.48,40.2,20.67,0.05,-0.22,2.3,347.8,3.86,0.0,98.52,100830.0,98520.0
2024-04-11,100.96,26.16,31.24,40.4,22.36,0.58,0.23,1.52,248.2,6.38,0.0,98.64,100960.0,98640.0
2024-04-12,100.84,22.34,32.24,39.72,25.67,-0.1,1.43,1.96,176.0,6.4,0.32,98.53,100840.0,98530.0
2024-04-13,100.82,25.95,31.84,39.77,24.91,-0.35,2.7,3.04,172.6,7.38,0.0,98.51,100820.0,98510.0
2024-04-14,100.98,32.53,30.38,36.17,22.85,-0.51,-0.01,2.29,89.4,8.6,1.15,98.65,100980.0,98650.0
2024-04-15,101.07,38.01,29.51,34.53,26.21,1.48,-0.15,2.53,275.8,9.85,1.2,98.73,101070.0,98730.0
2024-04-16,100.89,34.11,30.15,36.99,23.33,4.09,-2.75,4.97,303.9,8.82,0.0,98.57,100890.0,98570.0
2024-04-17,100.7,23.79,29.82,37.05,21.92,4.86,-3.89,6.28,308.7,5.79,0.0,98.38,100700.0,98380.0
2024-04-18,100.52,23.83,31.08,38.95,22.66,3.67,-2.52,4.52,304.5,6.49,0.0,98.22,100520.0,98220.0
2024-04-19,100.26,25.42,32.13,40.91,23.34,3.72,-0.34,4.04,275.3,7.22,0.0,97.97,100260.0,97970.0
2024-04-20,100.31,22.4,30.83,38.82,22.24,3.1,-2.26,3.99,306.0,6.1,0.0,98.0,100310.0,98000.0
2024-04-21,100.43,26.13,31.4,39.04,23.27,2.99,-2.4,4.17,308.7,7.12,0.0,98.12,100430.0,98120.0
2024-04-22,100.56,24.93,31.99,38.62,26.57,2.31,-2.66,3.98,318.9,7.28,0.01,98.24,100560.0,98240.0
2024-04-23,100.43,17.73,32.37,40.29,25.1,1.47,-1.33,2.52,312.1,5.17,0.0,98.12,100430.0,98120.0
2024-04-24,100.46,21.97,31.17,39.38,24.16,2.66,-1.47,3.65,298.9,5.92,0.82,98.15,100460.0,98150.0
2024-04-25,100.41,19.62,32.36,41.03,23.46,3.0,-2.84,4.47,313.4,5.55,0.0,98.12,100410.0,98120.0
2024-04-26,100.29,19.33,33.79,41.87,24.92,0.85,0.56,2.77,236.7,5.98,0.0,98.01,100290.0,98010.0
2024-04-27,100.38,20.07,33.55,40.82,26.96,3.57,-0.32,4.06,275.1,6.38,0.5,98.08,100380.0,98080.0
2024-04-28,100.52,23.06,32.18,40.07,24.16,1.39,-1.92,3.05,324.1,6.49,0.01,98.21,100520.0,98210.0
2024-04-29,100.42,22.98,33.26,41.08,25.32,0.98,0.45,4.26,245.3,6.74,0.0,98.12,100420.0,98120.0
2024-04-30,100.4,21.9,30.33,38.7,22.92,3.59,-2.02,4.39,299.3,5.07,0.0,98.08,100400.0,98080.0
2024-05-01,100.25,19.07,27.77,35.85,20.16,4.34,-2.91,5.51,303.8,4.13,0.0,97.92,100250.0,97920.0
2024-05-02,100.33,18.53,28.64,37.94,19.11,3.1,-2.72,4.2,311.3,4.2,0.0,98.0,100330.0,98000.0
2024-05-03,100.42,15.05,31.32,40.15,21.84,3.64,-2.76,4.72,307.2,3.94,0.0,98.12,100420.0,98120.0
2024-05-04,100.33,15.78,33.94,42.71,26.08,2.29,-1.31,3.3,299.7,4.89,0.0,98.05,100330.0,98050.0
2024-05-05,99.93,20.69,34.47,43.84,24.75,2.68,-2.37,3.89,311.5,6.67,0.0,97.67,99930.0,97670.0
2024-05-06,100.16,20.65,34.93,43.03,26.86,2.79,-2.03,3.79,306.1,6.97,0.0,97.89,100160.0,97890.0
2024-05-07,100.33,19.19,35.9,43.37,27.68,-0.97,-0.4,2.13,67.7,6.78,0.0,98.06,100330.0,98060.0
2024-05-08,100.34,19.31,35.02,43.13,27.43,-2.44,1.9,3.29,127.9,6.37,0.0,98.06,100340.0,98060.0
2024-05-09,100.39,28.64,33.19,40.91,25.64,-2.54,1.74,3.54,124.4,8.76,0.04,98.11,100390.0,98110.0
2024-05-10,100.43,27.33,34.37,41.9,26.61,-2.31,1.31,3.05,119.7,8.89,0.04,98.15,100430.0,98150.0
2024-05-11,100.64,29.22,34.35,41.73,27.6,0.91,-0.1,2.7,276.2,9.37,0.36,98.35,100640.0,98350.0
2024-05-12,100.62,24.38,34.88,41.92,27.78,1.49,-0.94,2.61,302.1,8.22,0.03,98.34,100620.0,98340.0
2024-05-13,100.65,20.55,34.96,42.4,27.9,0.82,-0.52,2.68,302.8,6.87,0.02,98.36,100650.0,98360.0
2024-05-14,100.66,15.96,34.47,43.09,25.36,2.17,-2.61,3.63,320.2,5.18,0.0,98.37,100660.0,98370.0
2024-05-15,100.63,11.8,35.3,43.64,27.18,1.1,-1.36,2.83,320.9,4.06,0.0,98.35,100630.0,98350.0
2024-05-16,100.54,12.45,36.64,44.87,26.63,0.0,-0.76,2.36,359.8,4.84,0.0,98.27,100540.0,98270.0
2024-05-17,100.2,14.11,38.49,46.63,29.45,1.85,-1.01,2.77,298.6,5.74,0.0,97.95,100200.0,97950.0
2024-05-18,99.88,15.12,38.45,46.88,30.52,2.84,-2.13,3.69,307.0,6.23,0.0,97.64,99880.0,97640.0
2024-05-19,99.75,17.41,38.84,47.13,30.15,2.54,-2.91,4.19,318.8,7.32,0.0,97.52,99750.0,97520.0
2024-05-20,99.86,16.48,39.07,47.01,31.36,3.71,-1.71,4.33,294.7,6.85,0.0,97.62,99860.0,97620.0
2024-05-21,99.99,14.96,37.88,45.96,30.97,-0.75,-0.87,2.65,40.6,5.96,0.0,97.74,99990.0,97740.0
2024-05-22,100.01,18.14,37.36,45.02,29.17,-2.39,2.1,3.29,131.3,7.01,0.0,97.76,100010.0,97760.0
2024-05-23,99.98,29.06,36.76,43.06,30.51,-3.93,2.73,4.82,124.8,11.11,0.0,97.73,99980.0,97730.0
2024-05-24,99.96,30.24,36.74,43.11,30.12,-2.42,1.73,3.39,125.5,11.45,0.0,97.7,99960.0,97700.0
2024-05-25,99.74,23.1,38.26,46.22,30.3,0.78,-1.45,3.5,331.9,9.15,0.0,97.49,99740.0,97490.0
2024-05-26,99.56,16.72,39.23,47.84,30.06,1.74,-3.27,3.81,331.9,7.18,0.0,97.33,99560.0,97330.0
2024-05-27,99.29,15.79,39.37,47.76,29.91,0.58,-1.72,3.18,341.4,6.56,0.0,97.08,99290.0,97080.0
2024-05-28,99.09,9.69,40.32,48.5,31.94,1.06,-1.5,2.73,324.8,4.47,0.0,96.88,99090.0,96880.0
2024-05-29,99.24,11.16,39.82,48.07,30.23,1.73,0.27,3.31,261.0,5.07,0.0,97.02,99240.0,97020.0
2024-05-30,99.57,13.15,39.49,47.77,32.37,4.41,-0.15,4.59,272.0,5.77,0.0,97.35,99570.0,97350.0
2024-05-31,99.7,9.84,39.45,48.21,30.67,3.27,-1.23,3.66,290.6,4.36,0.0,97.47,99700.0,97470.0
2024-06-01,99.9,15.77,38.63,45.9,30.83,3.31,-1.43,3.74,293.4,6.47,0.01,97.66,99900.0,97660.0
2024-06-02,100.02,21.53,38.73,45.92,30.84,2.57,-1.26,3.0,296.1,8.82,0.0,97.77,100020.0,97770.0
2024-06-03,99.89,18.55,39.2,46.35,31.18,3.74,-1.94,4.28,297.4,7.93,0.01,97.65,99890.0,97650.0
2024-06-04,99.91,18.85,39.51,46.15,32.71,2.66,-1.63,3.31,301.5,8.33,2.03,97.66,99910.0,97660.0
2024-06-05,99.97,21.15,38.81,46.09,31.35,3.52,-2.04,4.3,300.1,8.94,0.13,97.73,99970.0,97730.0
2024-06-06,100.28,22.79,37.27,44.05,30.49,1.58,-2.08,3.24,322.8,8.81,1.2,98.01,100280.0,98010.0
2024-06-07,100.05,26.29,37.43,44.7,30.26,3.93,-1.9,4.54,295.8,10.4,0.0,97.79,100050.0,97790.0
2024-06-08,99.94,24.29,37.64,44.42,31.06,4.38,-2.62,5.2,300.8,9.59,0.0,97.68,99940.0,97680.0
2024-06-09,99.92,21.07,37.28,45.02,30.37,3.95,-2.76,4.85,305.0,7.83,0.0,97.66,99920.0,97660.0
2024-06-10,99.91,17.96,37.63,45.39,28.68,3.81,-2.22,4.5,300.2,7.24,0.0,97.66,99910.0,97660.0
2024-06-11,99.87,16.09,38.21,45.86,29.87,3.09,-1.99,3.77,302.8,6.53,0.0,97.62,99870.0,97620.0
2024-06-12,99.79,14.95,39.09,46.81,31.17,3.27,-1.69,3.74,297.4,6.4,0.0,97.55,99790.0,97550.0
2024-06-13,99.67,19.67,39.48,47.02,31.67,5.34,-2.01,5.8,290.6,8.71,0.0,97.44,99670.0,97440.0
2024-06-14,99.64,22.72,39.82,46.74,32.87,7.04,-1.61,7.48,282.9,10.05,0.36,97.41,99640.0,97410.0
2024-06-15,99.63,20.93,40.23,47.26,32.93,6.04,-2.43,6.55,291.9,9.5,0.0,97.39,99630.0,97390.0
2024-06-16,99.68,21.8,40.28,47.04,33.45,5.88,-2.65,6.47,294.2,10.07,0.0,97.44,99680.0,97440.0
2024-06-17,99.67,23.82,41.15,47.67,34.4,5.5,-2.71,6.19,296.2,11.65,0.0,97.44,99670.0,97440.0
2024-06-18,99.45,24.27,41.23,47.03,35.13,6.16,-2.24,6.66,290.0,11.9,0.0,97.22,99450.0,97220.0
2024-06-19,99.23,24.55,40.97,47.1,34.78,5.98,-0.63,6.09,276.0,11.98,0.0,97.01,99230.0,97010.0
2024-06-20,99.48,27.03,38.99,43.97,33.95,1.55,-1.61,2.96,316.2,11.89,3.09,97.24,99480.0,97240.0
2024-06-21,99.73,31.13,36.94,42.89,31.23,0.29,-1.19,2.88,346.5,12.11,0.92,97.46,99730.0,97460.0
2024-06-22,99.74,29.25,37.05,42.5,31.32,0.87,-1.03,1.98,319.8,11.52,0.0,97.48,99740.0,97480.0
2024-06-23,99.78,31.69,38.13,43.4,32.55,-1.34,2.13,2.59,147.9,13.35,0.69,97.52,99780.0,97520.0
2024-06-24,99.72,47.12,35.09,38.33,30.88,-0.97,2.64,2.92,159.9,16.93,20.52,97.46,99720.0,97460.0
2024-06-25,99.59,47.46,36.02,41.9,30.11,-0.27,1.48,1.67,169.6,17.43,0.04,97.34,99590.0,97340.0
2024-06-26,99.67,45.85,36.06,41.11,31.88,-2.23,1.91,2.99,130.6,17.21,4.73,97.42,99670.0,97420.0
2024-06-27,99.95,69.38,32.06,34.0,29.78,-2.23,1.95,2.98,131.1,21.25,25.97,97.69,99950.0,97690.0
2024-06-28,99.81,67.8,31.85,35.41,28.75,-0.57,3.16,3.48,169.7,20.32,2.88,97.55,99810.0,97550.0
2024-06-29,99.68,63.35,32.83,37.27,28.94,2.35,3.18,4.19,216.4,20.11,3.85,97.42,99680.0,97420.0
2024-06-30,99.58,63.7,33.33,38.42,28.58,2.22,0.76,3.24,251.2,20.55,8.37,97.33,99580.0,97330.0
2024-07-01,99.33,63.93,33.18,36.54,28.73,2.61,1.47,3.36,240.6,20.67,3.45,97.08,99330.0,97080.0
2024-07-02,99.22,66.18,33.78,37.96,29.74,2.75,0.48,2.94,260.2,22.16,6.23,96.98,99220.0,96980.0
2024-07-03,99.51,78.16,30.67,33.51,28.21,0.58,-0.85,2.13,325.4,22.19,21.94,97.26,99510.0,97260.0
2024-07-04,99.78,85.11,28.55,30.08,27.43,-2.74,2.32,3.71,130.3,21.41,9.0,97.51,99780.0,97510.0
2024-07-05,99.54,73.22,31.32,36.95,27.12,-3.08,0.68,3.25,102.5,21.06,5.06,97.28,99540.0,97280.0
2024-07-06,99.44,79.03,29.85,34.19,26.42,-2.54,1.35,3.06,117.9,21.28,18.15,97.19,99440.0,97190.0
2024-07-07,99.69,76.58,30.08,34.61,26.77,-0.93,-0.22,1.75,76.7,20.74,7.29,97.42,99690.0,97420.0
2024-07-08,100.03,75.18,30.69,35.27,27.08,-1.55,2.17,2.88,144.6,20.97,8.59,97.75,100030.0,97750.0
2024-07-09,100.15,75.75,30.22,32.94,27.2,0.31,1.98,2.54,188.9,20.74,4.68,97.87,100150.0,97870.0
2024-07-10,100.05,67.97,32.47,37.6,27.61,0.58,1.8,2.32,197.8,20.86,2.69,97.78,100050.0,97780.0
2024-07-11,99.64,69.07,33.28,38.24,27.95,2.07,1.01,2.77,244.0,22.14,4.47,97.38,99640.0,97380.0
2024-07-12,99.47,66.0,33.58,38.53,29.68,2.88,0.0,3.16,269.9,21.59,1.65,97.22,99470.0,97220.0
2024-07-13,99.6,68.35,31.54,35.82,27.85,0.97,1.35,1.78,215.8,20.06,1.88,97.33,99600.0,97330.0
2024-07-14,99.6,62.33,32.44,38.1,26.36,-0.1,1.77,2.13,176.7,18.88,0.79,97.34,99600.0,97340.0
2024-07-15,99.87,66.1,32.3,37.17,28.06,-2.8,1.49,3.26,118.1,20.15,2.19,97.6,99870.0,97600.0
2024-07-16,99.95,68.17,32.53,38.14,28.15,-3.44,2.08,4.07,121.1,20.95,0.32,97.68,99950.0,97680.0
2024-07-17,99.91,67.72,32.47,37.26,27.71,-2.31,2.19,3.23,133.6,20.9,0.76,97.65,99910.0,97650.0
2024-07-18,99.75,70.47,32.3,36.83,28.4,-1.21,1.88,2.39,147.3,21.64,5.71,97.49,99750.0,97490.0
2024-07-19,99.69,70.77,31.87,36.6,28.15,-1.38,2.68,3.05,152.7,21.09,4.44,97.43,99690.0,97430.0
2024-07-20,99.75,68.07,32.13,36.9,27.27,-1.61,1.74,2.44,137.3,20.51,3.43,97.49,99750.0,97490.0
2024-07-21,99.71,64.19,33.17,39.09,27.98,-1.76,3.11,3.63,150.5,20.44,1.65,97.45,99710.0,97450.0
2024-07-22,99.73,68.85,32.43,37.26,27.44,-2.06,3.18,3.82,147.0,21.15,9.08,97.48,99730.0,97480.0
2024-07-23,99.61,72.55,32.15,36.98,28.31,-1.68,2.99,3.46,150.7,22.07,8.25,97.36,99610.0,97360.0
2024-07-24,99.28,83.12,29.89,34.98,27.19,-2.06,3.04,4.0,145.9,22.63,18.95,97.03,99280.0,97030.0
2024-07-25,99.19,76.87,31.07,34.85,27.72,-2.65,1.75,3.28,123.4,22.23,0.22,96.95,99190.0,96950.0
2024-07-26,99.43,76.35,31.09,34.08,27.91,-1.16,1.66,2.1,145.1,22.14,9.92,97.18,99430.0,97180.0
2024-07-27,99.66,81.12,30.71,34.63,27.38,-1.67,1.83,2.73,137.6,22.93,27.22,97.41,99660.0,97410.0
2024-07-28,99.68,72.77,31.95,37.11,27.76,-2.54,1.36,3.06,118.1,21.73,0.05,97.42,99680.0,97420.0
2024-07-29,99.65,72.43,31.85,37.36,27.18,-3.13,1.72,3.59,118.8,21.55,0.03,97.4,99650.0,97400.0
2024-07-30,99.8,71.56,32.47,37.73,27.83,-1.49,2.2,2.91,146.0,22.07,1.93,97.54,99800.0,97540.0
2024-07-31,99.74,78.87,31.78,35.72,28.67,1.41,2.25,2.98,212.1,23.7,27.93,97.49,99740.0,97490.0
2024-08-01,99.68,89.15,28.8,31.42,27.07,-1.23,2.99,3.62,157.7,22.78,41.56,97.42,99680.0,97420.0
2024-08-02,99.63,84.65,29.08,32.37,26.07,-2.12,2.02,3.11,133.7,21.91,2.84,97.38,99630.0,97380.0
2024-08-03,99.89,82.36,29.1,32.8,26.35,-2.71,3.04,4.23,138.3,21.18,0.04,97.61,99890.0,97610.0
2024-08-04,99.99,80.32,29.18,33.44,25.38,-4.55,-0.05,4.8,89.3,20.68,0.73,97.72,99990.0,97720.0
2024-08-05,99.96,82.51,29.17,33.22,26.16,-5.41,2.24,6.22,112.5,21.3,0.43,97.68,99960.0,97680.0
2024-08-06,99.8,83.27,28.67,33.54,24.7,-1.28,4.18,4.65,163.0,20.93,3.83,97.54,99800.0,97540.0
2024-08-07,99.96,89.45,27.1,29.02,25.56,-2.18,3.7,4.55,149.5,20.65,26.59,97.69,99960.0,97690.0
2024-08-08,100.04,88.12,28.22,31.86,25.22,-2.93,2.28,3.8,127.9,21.64,4.73,97.77,100040.0,97770.0
2024-08-09,100.08,91.23,28.26,30.57,26.82,0.63,0.93,1.67,214.1,22.53,4.88,97.81,100080.0,97810.0
2024-08-10,100.07,86.05,28.99,32.56,26.29,0.39,1.77,1.95,192.5,22.02,1.95,97.79,100070.0,97790.0
2024-08-11,99.98,87.73,28.22,30.85,26.12,-1.83,1.64,2.57,131.9,21.57,5.43,97.71,99980.0,97710.0
2024-08-12,100.08,86.09,28.35,31.77,25.37,-2.26,0.34,2.36,98.6,21.23,34.95,97.8,100080.0,97800.0
2024-08-13,100.16,89.16,28.34,31.19,26.16,-2.7,-0.26,2.77,84.5,22.05,4.61,97.88,100160.0,97880.0
2024-08-14,100.2,90.84,28.44,30.83,26.65,-2.07,-0.34,2.15,80.6,22.64,1.43,97.92,100200.0,97920.0
2024-08-15,100.11,87.24,28.95,32.07,26.29,-1.76,0.95,2.37,118.2,22.33,1.46,97.84,100110.0,97840.0
2024-08-16,100.03,86.75,28.83,32.37,25.49,-2.72,2.35,3.75,130.8,22.07,1.89,97.76,100030.0,97760.0
2024-08-17,100.26,86.82,29.18,31.65,26.87,0.77,0.42,1.54,241.2,22.49,5.7,97.98,100260.0,97980.0
2024-08-18,100.33,84.28,29.51,33.46,26.08,2.24,-0.41,2.36,280.3,22.16,2.32,98.05,100330.0,98050.0
2024-08-19,100.23,84.54,29.09,32.51,26.48,2.09,0.46,2.28,257.5,21.75,4.14,97.95,100230.0,97950.0
2024-08-20,100.3,84.75,28.75,32.49,25.94,0.57,2.13,2.33,195.1,21.31,5.4,98.02,100300.0,98020.0
2024-08-21,100.35,82.12,29.34,33.76,25.53,0.81,1.79,2.15,204.2,21.23,3.54,98.06,100350.0,98060.0
2024-08-22,100.25,81.01,29.87,33.85,26.1,1.39,0.82,1.93,239.4,21.67,1.4,97.97,100250.0,97970.0
2024-08-23,100.36,83.46,28.56,30.68,26.07,0.72,0.3,1.1,247.4,20.87,1.61,98.08,100360.0,98080.0
2024-08-24,100.31,81.68,29.31,33.03,25.2,-1.25,0.72,1.55,119.7,21.16,0.76,98.03,100310.0,98030.0
2024-08-25,100.1,84.05,28.75,32.81,25.65,-4.13,0.64,4.23,98.9,21.15,0.38,97.82,100100.0,97820.0
2024-08-26,100.09,84.37,28.34,31.99,25.26,-4.24,1.52,4.55,109.7,20.7,4.69,97.81,100090.0,97810.0
2024-08-27,100.29,84.66,28.21,31.83,25.14,-4.22,2.16,4.83,117.1,20.6,2.42,98.0,100290.0,98000.0
2024-08-28,100.25,86.49,28.07,31.54,25.68,-2.08,2.03,3.0,134.3,20.95,11.14,97.96,100250.0,97960.0
2024-08-29,100.28,85.08,27.75,31.6,24.04,-0.98,2.85,3.1,161.1,20.24,10.13,97.99,100280.0,97990.0
2024-08-30,100.5,77.73,28.75,32.74,25.17,0.01,0.24,1.12,181.2,19.38,2.11,98.2,100500.0,98200.0
2024-08-31,100.4,77.81,29.17,33.93,24.66,2.09,-1.4,2.66,303.9,19.94,0.02,98.12,100400.0,98120.0
2024-09-01,100.35,76.99,29.91,34.6,25.66,0.62,-1.41,2.02,336.4,20.58,0.07,98.07,100350.0,98070.0
2024-09-02,100.49,88.06,27.22,28.83,26.07,-2.4,1.81,3.05,127.0,20.36,1.64,98.2,100490.0,98200.0
2024-09-03,100.48,79.5,29.25,33.3,25.03,-1.75,1.17,2.3,123.9,20.46,4.15,98.19,100480.0,98190.0
2024-09-04,100.24,83.96,28.4,31.62,25.58,0.87,-0.15,1.5,279.7,20.76,10.38,97.96,100240.0,97960.0
2024-09-05,100.06,81.96,28.44,33.24,24.46,0.62,0.25,1.4,248.1,20.15,12.8,97.78,100060.0,97780.0
2024-09-06,100.26,88.27,27.31,30.48,25.38,-1.99,1.51,2.76,127.3,20.5,31.62,97.97,100260.0,97970.0
2024-09-07,100.32,84.63,28.01,30.88,24.97,-0.91,1.11,1.63,140.8,20.45,9.23,98.03,100320.0,98030.0
2024-09-08,100.28,81.18,28.99,32.68,25.09,-0.22,-0.32,1.09,33.8,20.66,0.83,98.0,100280.0,98000.0
2024-09-09,100.1,82.94,28.69,31.45,25.68,0.55,-0.65,1.18,319.7,20.9,6.63,97.82,100100.0,97820.0
2024-09-10,100.03,76.36,30.0,33.74,26.17,-0.73,0.86,1.31,139.6,20.73,8.65,97.75,100030.0,97750.0
2024-09-11,100.01,85.21,28.44,32.79,25.71,-1.16,-0.32,1.9,74.5,21.16,42.32,97.73,100010.0,97730.0
2024-09-12,99.78,90.04,27.35,30.23,25.75,-1.3,-3.68,4.95,19.4,21.09,59.31,97.51,99780.0,97510.0
2024-09-13,99.9,87.18,27.54,30.81,24.52,3.65,-1.06,4.31,286.1,20.61,28.41,97.61,99900.0,97610.0
2024-09-14,100.2,85.49,27.08,30.67,23.8,3.7,-0.67,3.92,280.2,19.59,16.51,97.9,100200.0,97900.0
2024-09-15,100.25,84.11,26.87,31.29,23.19,2.84,-0.68,3.1,283.5,18.96,1.03,97.95,100250.0,97950.0
2024-09-16,100.41,81.5,26.51,31.18,22.56,2.54,-1.43,3.06,299.4,17.92,0.0,98.1,100410.0,98100.0
2024-09-17,100.53,80.19,27.04,31.03,22.9,0.31,-0.44,1.72,324.5,18.22,3.16,98.23,100530.0,98230.0
2024-09-18,100.43,88.8,26.05,30.45,23.74,-1.77,-1.41,2.69,51.5,19.13,32.63,98.12,100430.0,98120.0
2024-09-19,100.39,86.45,27.14,30.84,23.76,-3.04,0.57,3.27,100.7,19.85,1.16,98.09,100390.0,98090.0
2024-09-20,100.4,83.68,27.8,31.93,24.02,-1.03,0.79,1.46,127.7,19.89,0.01,98.1,100400.0,98100.0
2024-09-21,100.53,82.88,28.37,32.28,23.99,-0.18,0.95,1.57,169.5,20.35,0.0,98.23,100530.0,98230.0
2024-09-22,100.44,81.54,29.22,33.44,25.38,0.79,-1.35,1.65,329.4,21.06,0.0,98.16,100440.0,98160.0
2024-09-23,100.4,82.91,29.32,33.41,25.19,1.17,-1.17,1.74,314.9,21.6,0.0,98.12,100400.0,98120.0
2024-09-24,100.29,75.8,30.37,34.37,26.37,0.26,0.53,0.73,206.7,20.87,0.14,98.01,100290.0,98010.0
2024-09-25,100.33,86.49,28.54,32.23,25.32,-1.3,2.25,2.79,150.0,21.6,0.67,98.05,100330.0,98050.0
2024-09-26,100.38,88.79,27.38,30.16,25.1,-2.14,1.69,2.83,128.3,20.71,5.19,98.09,100380.0,98090.0
2024-09-27,100.33,87.68,26.73,30.14,24.33,-3.87,-0.79,4.17,78.4,19.64,1.06,98.03,100330.0,98030.0
2024-09-28,100.46,90.19,26.14,29.57,23.21,-2.34,-2.09,3.35,48.3,19.54,0.27,98.17,100460.0,98170.0
2024-09-29,100.75,81.01,28.16,31.94,23.72,-0.66,-0.04,1.49,86.1,19.52,0.0,98.45,100750.0,98450.0
2024-09-30,100.67,80.79,27.27,31.57,23.3,2.45,-0.53,2.68,282.1,18.54,0.0,98.36,100670.0,98360.0
2024-10-01,100.38,77.42,27.23,32.15,22.78,2.67,-0.77,2.93,286.1,17.76,0.0,98.09,100380.0,98090.0
2024-10-02,100.33,74.81,27.21,33.22,22.54,2.79,-0.55,3.06,281.1,17.1,0.0,98.05,100330.0,98050.0
2024-10-03,100.29,69.29,26.92,32.67,21.46,1.97,-0.61,2.62,287.3,15.38,0.0,98.01,100290.0,98010.0
2024-10-04,100.41,74.69,26.56,32.42,20.35,1.03,0.14,2.27,262.2,16.22,0.05,98.12,100410.0,98120.0
2024-10-05,100.63,78.14,27.28,32.23,22.42,1.47,-0.3,2.5,281.3,17.78,0.05,98.34,100630.0,98340.0
2024-10-06,100.95,73.77,26.54,32.87,21.8,0.93,-1.44,2.25,327.3,16.0,0.0,98.64,100950.0,98640.0
2024-10-07,101.18,71.46,26.26,31.81,20.36,0.71,-1.32,1.81,331.6,15.28,0.0,98.86,101180.0,98860.0
2024-10-08,101.15,65.25,26.64,32.15,21.34,0.78,0.06,1.35,265.4,14.08,0.0,98.83,101150.0,98830.0
2024-10-09,100.94,64.92,26.25,31.47,21.92,1.37,-0.66,1.76,295.6,13.99,0.0,98.62,100940.0,98620.0
2024-10-10,100.85,69.56,25.34,31.96,20.08,2.43,-1.47,2.98,301.2,13.89,0.0,98.53,100850.0,98530.0
2024-10-11,100.85,64.88,24.17,31.2,17.93,2.17,-0.98,2.75,294.3,12.05,0.0,98.53,100850.0,98530.0
2024-10-12,100.97,59.33,24.43,31.74,17.6,1.61,-0.21,2.38,277.4,11.12,0.0,98.63,100970.0,98630.0
2024-10-13,101.05,60.75,24.45,31.65,17.89,1.1,0.5,1.82,245.3,11.38,0.0,98.72,101050.0,98720.0
2024-10-14,101.1,66.48,25.38,31.29,20.6,1.72,-0.71,2.31,292.3,13.19,0.0,98.76,101100.0,98760.0
2024-10-15,100.99,56.2,24.78,31.31,18.78,1.69,-0.14,2.1,274.8,10.86,0.01,98.65,100990.0,98650.0
2024-10-16,100.88,58.63,24.55,32.09,17.19,1.31,0.5,2.28,249.2,11.06,0.0,98.56,100880.0,98560.0
2024-10-17,100.91,64.25,24.79,32.8,19.15,0.24,0.36,2.33,213.5,12.28,0.0,98.59,100910.0,98590.0
2024-10-18,100.91,62.99,25.25,33.05,19.65,0.09,0.19,1.88,205.7,12.53,0.0,98.6,100910.0,98600.0
2024-10-19,100.94,67.11,25.18,32.0,20.33,0.4,-0.25,2.08,301.9,13.52,0.0,98.63,100940.0,98630.0
2024-10-20,101.06,66.14,25.16,32.73,20.24,-0.49,0.08,1.52,98.8,13.01,0.0,98.75,101060.0,98750.0
2024-10-21,101.12,72.21,24.92,31.42,19.7,-1.14,0.8,1.59,125.1,14.19,0.05,98.8,101120.0,98800.0
2024-10-22,101.21,74.97,24.93,31.51,19.77,-0.31,0.02,1.65,93.6,14.57,0.0,98.88,101210.0,98880.0
2024-10-23,101.13,66.57,24.6,31.98,18.79,1.7,-1.56,2.49,312.6,12.67,0.0,98.8,101130.0,98800.0
2024-10-24,100.99,66.73,24.33,32.33,17.59,1.34,-2.56,3.02,332.3,12.36,0.0,98.68,100990.0,98680.0
2024-10-25,100.9,63.01,24.85,32.22,18.08,1.86,-1.54,2.84,309.5,12.26,0.0,98.59,100900.0,98590.0
2024-10-26,100.93,61.69,24.5,32.23,18.61,0.67,-1.56,2.73,336.9,11.8,0.0,98.62,100930.0,98620.0
2024-10-27,100.88,69.85,24.14,30.68,18.78,-1.02,1.64,2.14,148.2,13.15,0.0,98.57,100880.0,98570.0
2024-10-28,100.77,79.63,24.25,30.78,19.13,-0.7,2.5,2.72,164.4,15.04,0.0,98.47,100770.0,98470.0
2024-10-29,100.78,74.41,25.41,33.03,19.27,-0.36,2.1,2.24,170.2,14.74,0.0,98.47,100780.0,98470.0
2024-10-30,100.83,65.07,26.67,34.74,19.98,0.16,0.27,1.93,210.6,13.56,0.0,98.52,100830.0,98520.0
2024-10-31,100.99,58.6,25.63,32.81,20.21,2.24,-1.74,2.87,307.8,11.93,0.0,98.66,100990.0,98660.0
2024-11-01,101.08,49.4,24.15,32.15,16.66,2.55,-1.57,3.07,301.6,8.89,0.0,98.75,101080.0,98750.0
2024-11-02,101.23,52.38,23.87,32.37,18.4,0.38,-0.39,2.09,315.4,9.47,0.0,98.89,101230.0,98890.0
2024-11-03,101.33,57.63,23.81,31.56,17.25,-0.56,0.56,1.47,134.6,10.22,0.0,98.98,101330.0,98980.0
2024-11-04,101.19,64.86,22.93,30.42,16.91,0.27,0.77,1.72,199.7,10.99,0.0,98.85,101190.0,98850.0
2024-11-05,101.39,69.13,22.69,30.31,16.52,-0.76,1.78,2.16,156.9,11.43,0.0,99.05,101390.0,99050.0
2024-11-06,101.4,68.3,22.81,30.14,16.71,-0.01,1.32,1.9,179.4,11.46,0.0,99.06,101400.0,99060.0
2024-11-07,101.34,71.49,22.78,29.92,17.53,-0.37,1.86,2.08,168.7,12.11,0.0,99.0,101340.0,99000.0
2024-11-08,101.29,73.68,23.16,30.31,17.39,-0.67,1.92,2.16,160.8,12.73,0.0,98.95,101290.0,98950.0
2024-11-09,101.28,75.92,23.17,30.82,17.72,-0.46,2.76,2.85,170.5,13.18,0.0,98.95,101280.0,98950.0
2024-11-10,101.29,66.71,23.65,30.91,17.02,0.01,1.68,2.05,180.5,11.67,0.0,98.96,101290.0,98960.0
2024-11-11,101.29,64.43,23.76,30.88,17.59,-0.26,1.48,1.71,169.9,11.57,0.0,98.94,101290.0,98940.0
2024-11-12,101.26,60.45,23.21,31.95,17.68,1.21,-0.14,2.44,276.5,10.17,0.0,98.9,101260.0,98900.0
2024-11-13,101.2,53.42,22.04,29.91,16.17,1.0,-1.47,1.95,325.7,8.65,0.0,98.84,101200.0,98840.0
2024-11-14,101.42,48.97,22.31,29.68,16.85,0.68,-0.37,1.49,298.3,7.96,0.0,99.05,101420.0,99050.0
2024-11-15,101.35,50.03,22.05,29.84,16.97,1.57,-0.89,2.36,299.6,8.1,0.0,98.98,101350.0,98980.0
2024-11-16,101.21,51.4,21.45,28.86,14.86,1.77,-1.5,2.45,310.2,8.07,0.0,98.84,101210.0,98840.0
2024-11-17,101.29,53.46,21.13,28.58,16.45,1.47,-1.58,2.27,317.0,8.24,0.0,98.92,101290.0,98920.0
2024-11-18,101.47,52.76,19.08,26.31,12.75,1.57,-1.52,2.29,314.1,7.05,0.0,99.08,101470.0,99080.0
2024-11-19,101.56,48.16,18.59,26.37,12.33,2.1,-1.53,2.7,306.1,6.19,0.0,99.17,101560.0,99170.0
2024-11-20,101.46,44.78,18.65,26.58,11.74,1.62,-1.3,2.15,308.8,5.78,0.0,99.07,101460.0,99070.0
2024-11-21,101.39,41.55,18.98,26.68,11.7,1.52,-0.96,1.89,302.3,5.52,0.0,99.02,101390.0,99020.0
2024-11-22,101.37,41.14,18.87,26.47,12.33,0.93,-0.55,1.96,300.5,5.48,0.0,99.0,101370.0,99000.0
2024-11-23,101.42,48.05,18.68,27.63,12.55,0.79,0.6,2.2,232.7,6.29,0.0,99.04,101420.0,99040.0
2024-11-24,101.42,50.04,19.16,28.38,12.38,2.67,-1.08,3.14,292.1,6.65,0.0,99.04,101420.0,99040.0
2024-11-25,101.44,52.52,17.93,26.71,11.79,2.74,-1.89,3.35,304.6,6.5,0.0,99.05,101440.0,99050.0
2024-11-26,101.43,48.36,17.53,26.61,10.96,2.53,-1.62,3.06,302.7,5.79,0.0,99.04,101430.0,99040.0
2024-11-27,101.41,48.55,17.98,25.94,11.96,1.82,-1.33,2.51,306.2,6.17,0.0,99.02,101410.0,99020.0
2024-11-28,101.57,44.89,18.53,26.45,12.53,0.77,-1.28,1.63,329.0,5.8,0.0,99.18,101570.0,99180.0
2024-11-29,101.63,44.33,18.3,25.88,11.81,1.16,-1.04,1.71,311.6,5.71,0.0,99.24,101630.0,99240.0
2024-11-30,101.43,47.81,17.7,25.76,11.16,1.65,-1.66,2.45,315.1,5.86,0.0,99.06,101430.0,99060.0
2024-12-01,101.26,48.45,17.19,26.0,11.02,1.0,-1.95,2.27,333.0,5.72,0.0,98.89,101260.0,98890.0
2024-12-02,101.29,47.4,19.09,27.06,13.11,0.88,-1.46,1.92,329.1,6.46,0.0,98.91,101290.0,98910.0
2024-12-03,101.46,51.27,19.33,27.83,14.24,1.42,-1.55,2.3,317.5,6.95,0.0,99.08,101460.0,99080.0
2024-12-04,101.37,52.08,18.25,27.51,12.41,3.4,-2.45,4.23,305.8,6.63,0.0,98.99,101370.0,98990.0
2024-12-05,101.36,46.62,16.13,25.18,9.68,3.16,-1.95,3.77,301.6,5.11,0.0,98.97,101360.0,98970.0
2024-12-06,101.25,46.85,16.31,25.3,9.3,2.9,-1.43,3.33,296.3,5.32,0.0,98.86,101250.0,98860.0
2024-12-07,101.24,37.67,16.12,23.43,9.65,0.92,-0.35,1.79,290.8,4.12,0.0,98.82,101240.0,98820.0
2024-12-08,101.25,45.52,14.81,23.43,7.19,-1.85,2.65,3.3,145.0,4.68,0.03,98.83,101250.0,98830.0
2024-12-09,101.48,60.69,13.93,21.53,8.76,0.39,-0.76,2.42,332.9,5.87,0.07,99.04,101480.0,99040.0
2024-12-10,101.64,48.65,12.7,22.06,6.58,2.84,-2.85,4.05,315.1,4.09,0.0,99.22,101640.0,99220.0
2024-12-11,101.6,33.17,12.36,22.43,4.37,2.77,-1.87,3.38,304.0,2.72,0.0,99.21,101600.0,99210.0
2024-12-12,101.59,35.65,11.45,21.75,4.17,2.87,-2.14,3.62,306.7,2.84,0.0,99.18,101590.0,99180.0
2024-12-13,101.63,38.43,12.23,22.66,5.12,4.16,-3.05,5.26,306.3,3.2,0.0,99.23,101630.0,99230.0
2024-12-14,101.64,36.87,11.82,22.49,4.07,3.47,-2.14,4.11,301.7,3.04,0.0,99.28,101640.0,99280.0
2024-12-15,101.79,35.5,12.42,21.83,4.96,1.55,-1.48,2.17,313.8,3.06,0.0,99.44,101790.0,99440.0
2024-12-16,101.62,33.94,13.8,22.33,6.09,1.47,-0.93,2.02,302.3,3.19,0.0,99.26,101620.0,99260.0
2024-12-17,101.51,31.46,15.19,23.24,8.47,0.56,-0.11,1.21,281.2,3.3,0.0,99.13,101510.0,99130.0
2024-12-18,101.47,35.23,13.99,22.47,7.21,1.19,-1.09,1.74,312.4,3.41,0.0,99.09,101470.0,99090.0
2024-12-19,101.51,42.94,13.91,21.23,7.57,-0.98,1.26,1.76,142.0,4.25,0.0,99.11,101510.0,99110.0
2024-12-20,101.47,48.53,14.24,23.43,8.1,0.02,-1.2,1.98,359.2,4.76,0.0,99.07,101470.0,99070.0
2024-12-21,101.5,52.19,14.06,23.69,7.23,0.94,-2.05,2.63,335.3,5.06,0.0,99.09,101500.0,99090.0
2024-12-22,101.51,47.83,15.63,23.64,11.08,-0.11,1.08,1.69,174.2,5.2,0.0,99.1,101510.0,99100.0
2024-12-23,101.53,57.92,13.26,19.98,7.32,-1.29,0.4,2.41,107.3,5.44,0.1,99.12,101530.0,99120.0
2024-12-24,101.62,63.86,15.63,21.41,9.94,-1.6,0.57,1.86,109.6,7.08,0.17,99.2,101620.0,99200.0
2024-12-25,101.79,66.08,15.14,23.42,9.09,0.82,-2.01,2.26,337.9,6.84,0.03,99.37,101790.0,99370.0
2024-12-26,102.0,52.7,16.27,24.34,8.49,0.02,-1.3,1.55,359.1,5.78,0.06,99.58,102000.0,99580.0
2024-12-27,101.79,64.59,17.27,23.76,13.56,-1.65,-0.95,3.1,60.2,7.87,9.51,99.4,101790.0,99400.0
2024-12-28,101.8,87.76,15.2,19.26,11.41,-0.33,-1.33,2.61,13.9,9.49,6.09,99.39,101800.0,99390.0
2024-12-29,101.9,72.73,14.42,22.34,9.35,2.65,-2.73,3.86,315.8,7.25,0.08,99.48,101900.0,99480.0
2024-12-30,101.82,55.76,12.35,20.98,6.11,3.09,-2.05,3.76,303.6,4.74,0.0,99.44,101820.0,99440.0
2024-12-31,101.94,49.13,11.62,20.6,5.47,1.9,-1.25,2.33,303.5,3.96,0.0,99.55,101940.0,99550.0
2025-01-01,101.72,45.72,12.22,22.69,4.7,3.09,-1.89,3.66,301.4,3.81,0.0,99.34,101720.0,99340.0
2025-01-02,101.65,47.31,13.24,20.97,8.47,3.47,-1.36,3.77,291.4,4.38,0.0,99.29,101650.0,99290.0
2025-01-03,101.63,51.3,14.55,22.96,8.8,2.4,-1.0,2.65,292.6,5.19,0.0,99.3,101630.0,99300.0
2025-01-04,101.42,51.49,15.22,25.63,9.05,0.7,0.78,2.24,221.6,5.31,0.0,99.08,101420.0,99080.0
2025-01-05,101.46,56.55,14.42,23.98,7.17,-1.52,2.31,2.83,146.6,5.54,0.0,99.08,101460.0,99080.0
2025-01-06,101.61,61.57,14.03,21.98,8.98,0.63,-0.24,2.11,290.9,5.98,0.05,99.2,101610.0,99200.0
2025-01-07,101.64,58.99,12.53,21.11,7.11,3.74,-1.77,4.2,295.3,5.1,0.1,99.24,101640.0,99240.0
2025-01-08,101.47,41.82,11.72,22.06,4.23,3.85,-1.28,4.13,288.4,3.35,0.0,99.08,101470.0,99080.0
2025-01-09,101.72,34.59,13.72,22.7,5.83,1.25,-0.78,1.74,301.9,3.15,0.0,99.32,101720.0,99320.0
2025-01-10,101.87,32.88,13.74,21.44,6.93,-0.29,0.73,1.24,158.5,3.08,0.0,99.48,101870.0,99480.0
2025-01-11,101.8,49.01,12.18,19.87,4.88,-1.4,0.83,2.72,120.6,4.28,1.8,99.39,101800.0,99390.0
2025-01-12,101.9,74.62,12.42,19.3,7.35,-0.76,-0.43,2.34,60.7,6.56,0.13,99.45,101900.0,99450.0
2025-01-13,101.8,69.46,13.3,22.65,6.61,2.6,-2.44,3.62,313.2,6.31,0.0,99.37,101800.0,99370.0
2025-01-14,101.81,48.98,13.24,22.52,5.12,1.94,-1.34,2.48,304.7,4.24,0.0,99.39,101810.0,99390.0
2025-01-15,101.95,46.41,13.74,21.81,7.75,-0.35,0.9,2.17,158.5,4.47,0.19,99.53,101950.0,99530.0
2025-01-16,102.04,78.08,13.22,17.66,10.24,-0.63,-0.45,1.52,54.4,7.36,1.79,99.61,102040.0,99610.0
2025-01-17,101.94,65.43,12.46,21.38,7.47,2.55,-1.97,3.31,307.7,5.63,0.04,99.54,101940.0,99540.0
2025-01-18,101.72,44.93,13.15,21.11,6.0,1.92,-0.7,2.13,290.0,4.05,0.0,99.33,101720.0,99330.0
2025-01-19,101.61,46.35,16.1,26.43,9.26,1.32,-1.41,2.42,316.9,5.23,0.0,99.22,101610.0,99220.0
2025-01-20,101.45,46.96,15.84,25.36,9.92,3.11,-2.28,3.97,306.3,5.1,0.0,99.08,101450.0,99080.0
2025-01-21,101.29,45.82,15.73,26.34,8.46,3.1,-2.2,3.86,305.4,4.81,0.0,98.92,101290.0,98920.0
2025-01-22,101.31,50.48,16.37,26.05,8.56,1.42,-1.4,2.4,314.6,5.56,0.01,98.91,101310.0,98910.0
2025-01-23,101.46,46.63,16.68,24.97,10.96,1.6,-2.55,3.13,327.9,5.33,0.11,99.05,101460.0,99050.0
2025-01-24,101.49,44.5,14.34,24.55,7.06,3.65,-2.12,4.3,300.2,4.21,0.0,99.08,101490.0,99080.0
2025-01-25,101.41,35.54,13.83,25.03,6.35,4.08,-1.4,4.35,288.9,3.2,0.0,99.04,101410.0,99040.0
2025-01-26,101.38,32.29,13.03,24.53,3.75,3.04,-1.34,3.39,293.8,2.72,0.0,99.02,101380.0,99020.0
2025-01-27,101.23,33.66,12.61,23.89,4.18,3.23,-1.68,3.66,297.5,2.77,0.0,98.87,101230.0,98870.0
2025-01-28,101.2,30.52,14.52,25.02,4.08,1.86,-0.89,2.62,295.6,2.86,0.0,98.83,101200.0,98830.0
2025-01-29,101.39,34.13,15.14,26.0,7.08,-1.87,1.97,2.88,136.5,3.48,0.0,99.01,101390.0,99010.0
2025-01-30,101.07,38.91,15.7,26.03,8.14,-0.8,2.31,2.56,160.9,4.16,0.0,98.69,101070.0,98690.0
2025-01-31,101.03,41.71,16.72,26.41,8.06,-0.93,1.26,2.15,143.6,4.62,0.0,98.64,101030.0,98640.0
2025-02-01,101.27,39.68,17.76,26.33,10.52,-1.51,0.4,2.17,104.7,4.85,0.0,98.87,101270.0,98870.0
2025-02-02,101.43,48.01,16.86,26.74,9.77,1.46,-2.17,2.89,326.1,5.43,0.0,99.02,101430.0,99020.0
2025-02-03,101.4,42.49,17.31,26.83,9.07,1.01,-1.56,2.76,327.0,4.93,0.0,99.01,101400.0,99010.0
2025-02-04,101.38,44.6,18.36,26.11,12.56,-0.46,-0.43,2.19,46.7,5.72,0.18,99.0,101380.0,99000.0
2025-02-05,101.5,44.38,15.06,24.19,9.39,3.33,-2.33,4.1,305.0,4.28,0.0,99.07,101500.0,99070.0
2025-02-06,101.65,35.93,14.44,24.33,7.15,3.31,-3.23,4.72,314.3,3.39,0.0,99.23,101650.0,99230.0
2025-02-07,101.56,37.24,14.4,24.64,6.82,4.38,-2.18,4.92,296.5,3.47,0.0,99.17,101560.0,99170.0
2025-02-08,101.43,33.55,15.54,27.0,7.49,3.2,-2.18,3.92,304.3,3.34,0.0,99.06,101430.0,99060.0
2025-02-09,101.35,30.48,17.53,27.9,8.96,1.64,-1.42,2.49,310.9,3.49,0.0,98.98,101350.0,98980.0
2025-02-10,101.32,30.7,19.01,29.03,11.58,1.11,-1.13,2.34,315.4,3.94,0.0,98.94,101320.0,98940.0
2025-02-11,101.25,33.14,19.49,29.47,12.88,0.86,-0.98,2.41,318.8,4.4,0.0,98.87,101250.0,98870.0
2025-02-12,101.39,38.97,18.17,27.28,11.77,2.67,-3.19,4.4,320.1,4.75,0.0,98.99,101390.0,98990.0
2025-02-13,101.4,30.39,16.98,27.68,9.4,4.52,-3.15,5.55,304.9,3.22,0.0,99.01,101400.0,99010.0
2025-02-14,101.21,30.19,17.23,28.89,8.46,3.93,-2.72,4.86,304.7,3.27,0.0,98.83,101210.0,98830.0
2025-02-15,101.03,34.76,18.74,28.15,12.21,-0.32,-1.36,3.0,13.4,4.37,0.0,98.67,101030.0,98670.0
2025-02-16,101.22,42.91,18.73,28.52,9.9,-0.57,-0.52,2.23,47.4,5.31,0.0,98.84,101220.0,98840.0
2025-02-17,101.47,35.99,20.86,29.96,14.7,0.48,-1.35,1.95,340.4,5.24,0.0,99.08,101470.0,99080.0
2025-02-18,101.4,36.46,20.42,29.97,14.06,1.47,-1.66,2.75,318.5,5.13,0.0,99.01,101400.0,99010.0
2025-02-19,101.22,34.88,20.55,28.75,11.69,1.45,-0.55,2.18,290.7,4.95,0.37,98.84,101220.0,98840.0
2025-02-20,101.36,52.68,20.54,27.81,14.14,-2.54,2.56,3.91,135.2,7.8,1.38,98.97,101360.0,98970.0
2025-02-21,101.59,51.58,19.68,28.3,12.7,0.1,-0.83,2.64,353.1,6.89,0.02,99.18,101590.0,99180.0
2025-02-22,101.58,48.25,17.79,25.39,11.45,3.26,-1.93,3.88,300.6,5.84,0.0,99.17,101580.0,99170.0
2025-02-23,101.66,44.16,18.57,28.23,10.56,2.08,-1.59,2.76,307.3,5.45,0.0,99.26,101660.0,99260.0
2025-02-24,101.79,42.58,19.0,28.33,11.45,1.88,-1.63,2.76,310.9,5.47,0.0,99.38,101790.0,99380.0
2025-02-25,101.79,40.05,20.52,29.58,14.31,0.63,-0.18,2.1,286.3,5.8,0.0,99.41,101790.0,99410.0
2025-02-26,101.77,37.94,21.59,30.56,14.68,-0.15,0.6,1.46,166.1,5.8,0.03,99.4,101770.0,99400.0
2025-02-27,101.48,52.51,20.7,26.52,16.67,-2.41,0.14,2.6,93.2,7.97,0.4,99.11,101480.0,99110.0
2025-02-28,101.22,68.65,19.3,24.49,16.39,-3.34,1.59,3.83,115.5,9.57,6.18,98.85,101220.0,98850.0
2025-03-01,101.23,63.49,20.62,28.71,14.36,-2.42,-0.05,3.34,88.8,9.1,3.13,98.85,101230.0,98850.0
2025-03-02,101.17,45.89,20.6,29.91,13.55,2.14,-2.7,3.75,321.7,6.53,0.0,98.78,101170.0,98780.0
2025-03-03,101.03,33.78,20.77,31.28,10.24,0.49,-0.6,2.3,320.7,5.0,0.0,98.66,101030.0,98660.0
2025-03-04,101.22,39.08,20.32,28.24,13.91,4.16,-1.59,4.66,290.9,5.44,0.0,98.82,101220.0,98820.0
2025-03-05,101.27,29.95,17.4,27.0,9.58,6.25,-3.27,7.11,297.6,3.39,0.0,98.89,101270.0,98890.0
2025-03-06,101.16,27.46,18.08,30.07,8.49,4.27,-2.16,4.89,296.9,3.11,0.0,98.79,101160.0,98790.0
2025-03-07,100.99,29.36,19.71,30.65,10.76,2.29,-1.93,3.2,310.2,3.75,0.0,98.62,100990.0,98620.0
2025-03-08,100.83,30.1,21.37,31.74,10.7,2.66,-1.81,3.34,304.2,4.3,0.0,98.47,100830.0,98470.0
2025-03-09,101.16,28.32,23.17,33.33,13.42,-1.57,1.51,2.58,133.9,4.7,0.0,98.81,101160.0,98810.0
2025-03-10,101.46,28.97,23.86,34.22,14.44,-1.94,2.37,3.26,140.8,5.0,0.0,99.11,101460.0,99110.0
2025-03-11,101.21,31.41,24.95,35.64,17.14,0.82,-0.32,2.39,291.3,5.79,0.0,98.88,101210.0,98880.0
2025-03-12,100.79,37.05,25.54,35.5,16.69,2.73,-1.96,3.45,305.8,7.05,0.0,98.47,100790.0,98470.0
2025-03-13,100.61,38.0,27.48,35.71,20.27,1.14,-0.84,1.92,306.3,8.22,0.22,98.29,100610.0,98290.0
2025-03-14,100.74,35.16,27.97,35.66,20.56,-0.52,0.91,1.9,150.2,7.77,1.55,98.41,100740.0,98410.0
2025-03-15,100.89,34.74,26.17,34.66,18.49,-0.92,0.43,3.17,115.0,7.0,0.06,98.56,100890.0,98560.0
2025-03-16,101.09,36.11,24.39,33.63,18.04,2.45,-2.11,3.56,310.7,6.39,0.14,98.73,101090.0,98730.0
2025-03-17,101.21,37.59,23.08,31.54,15.83,2.35,-2.03,3.25,310.8,6.28,0.0,98.83,101210.0,98830.0
2025-03-18,101.17,32.91,23.01,32.83,14.12,2.36,-2.02,3.18,310.6,5.31,0.0,98.8,101170.0,98800.0
2025-03-19,101.24,26.63,24.59,35.06,15.65,1.85,-2.16,3.08,319.4,4.65,0.0,98.88,101240.0,98880.0
2025-03-20,101.35,25.87,25.13,36.06,15.87,0.81,-2.18,3.04,339.6,4.51,0.0,99.0,101350.0,99000.0
2025-03-21,101.28,26.81,24.86,35.24,15.6,2.34,-3.23,4.07,324.2,4.66,0.0,98.92,101280.0,98920.0
2025-03-22,101.2,22.56,24.69,33.88,18.14,0.82,-1.71,2.87,334.4,4.03,0.0,98.84,101200.0,98840.0
2025-03-23,101.33,20.84,25.11,35.63,15.22,-0.95,0.26,1.91,105.3,3.55,0.2,98.98,101330.0,98980.0
2025-03-24,101.26,17.23,26.4,37.05,15.6,-0.28,0.52,2.29,151.3,3.41,0.0,98.92,101260.0,98920.0
2025-03-25,100.85,19.38,27.38,38.6,17.29,-0.38,-0.46,2.6,39.2,3.98,0.0,98.53,100850.0,98530.0
2025-03-26,100.55,19.44,30.47,40.1,21.71,-0.2,0.33,1.53,149.0,4.74,0.0,98.25,100550.0,98250.0
2025-03-27,100.5,19.25,29.66,39.51,21.65,2.34,-0.23,3.16,275.6,4.81,0.0,98.2,100500.0,98200.0
2025-03-28,100.79,11.72,26.13,36.4,17.96,4.22,-2.66,5.0,302.2,2.29,0.0,98.45,100790.0,98450.0
2025-03-29,100.84,10.3,22.34,31.35,13.43,4.02,-2.45,4.79,301.4,1.63,0.0,98.51,100840.0,98510.0
2025-03-30,100.89,11.33,24.53,35.76,15.61,3.88,-2.0,4.4,297.3,2.01,0.0,98.56,100890.0,98560.0
2025-03-31,100.91,12.65,25.55,37.1,14.11,3.12,-2.04,3.78,303.2,2.29,0.0,98.58,100910.0,98580.0
2025-04-01,100.84,16.39,25.98,36.57,15.4,2.71,-2.19,3.59,309.0,3.08,0.0,98.5,100840.0,98500.0
2025-04-02,100.93,13.08,28.07,38.55,18.59,0.58,-1.7,2.13,341.1,2.73,0.0,98.6,100930.0,98600.0
2025-04-03,100.99,11.41,29.69,39.25,20.28,-0.41,0.54,1.34,143.2,2.63,0.0,98.67,100990.0,98670.0
2025-04-04,100.93,14.3,29.37,39.5,21.67,1.3,-2.09,2.72,328.0,3.32,0.0,98.61,100930.0,98610.0
2025-04-05,100.72,19.24,28.32,38.44,18.51,2.72,-1.94,3.48,305.5,4.17,0.0,98.4,100720.0,98400.0
2025-04-06,100.54,16.07,30.31,40.69,19.49,1.21,-1.54,2.81,321.8,4.08,0.0,98.24,100540.0,98240.0
2025-04-07,100.68,16.86,31.6,41.75,21.77,-2.51,0.77,2.94,107.2,4.63,0.0,98.39,100680.0,98390.0
2025-04-08,100.89,16.94,31.5,41.42,22.75,-3.42,2.07,4.13,121.2,4.6,0.0,98.59,100890.0,98590.0
2025-04-09,100.67,22.7,32.23,41.57,22.97,-2.1,1.91,2.92,132.3,6.29,0.0,98.38,100670.0,98380.0
2025-04-10,100.21,26.03,32.64,40.46,25.2,-0.51,1.52,2.18,161.4,7.78,0.17,97.93,100210.0,97930.0
2025-04-11,100.17,33.81,31.09,39.73,23.55,-3.4,3.14,4.77,132.7,8.82,1.92,97.88,100170.0,97880.0
2025-04-12,100.56,37.59,29.21,37.07,20.75,-1.83,0.24,2.49,97.5,8.82,1.1,98.24,100560.0,98240.0
2025-04-13,100.72,28.17,30.67,38.51,22.49,-1.19,-0.27,2.04,77.4,7.25,0.0,98.4,100720.0,98400.0
2025-04-14,100.74,25.88,30.47,38.33,22.44,-2.01,2.3,3.17,138.9,6.75,0.0,98.42,100740.0,98420.0
2025-04-15,100.77,29.1,30.98,38.45,23.42,-2.17,2.36,3.33,137.4,7.86,0.0,98.45,100770.0,98450.0
2025-04-16,100.6,27.42,32.04,39.62,24.36,-1.64,2.54,3.09,147.2,7.99,0.0,98.3,100600.0,98300.0
2025-04-17,100.31,25.1,33.11,41.78,24.68,-1.01,1.58,2.98,147.3,7.56,0.12,98.03,100310.0,98030.0
2025-04-18,100.15,25.63,33.37,42.65,23.88,-2.61,1.71,3.23,123.3,7.77,0.0,97.89,100150.0,97890.0
2025-04-19,100.22,29.96,33.11,41.9,25.11,-4.2,4.07,6.23,134.2,8.66,0.66,97.95,100220.0,97950.0
2025-04-20,100.22,27.35,33.06,41.68,24.25,-3.19,2.96,4.44,132.8,7.66,0.0,97.95,100220.0,97950.0
2025-04-21,100.5,15.3,33.41,42.4,26.13,1.66,0.37,2.79,257.3,4.44,0.0,98.21,100500.0,98210.0
2025-04-22,100.63,8.6,31.49,42.57,20.65,3.08,-1.38,3.62,294.2,2.15,0.0,98.34,100630.0,98340.0
2025-04-23,100.38,11.75,31.97,41.95,22.5,3.19,-1.84,3.86,300.0,3.38,0.0,98.09,100380.0,98090.0
2025-04-24,100.2,6.93,33.22,42.74,23.0,1.72,-0.61,2.26,289.4,2.04,0.0,97.92,100200.0,97920.0
2025-04-25,100.24,8.1,33.22,43.78,23.65,0.31,-0.57,2.76,331.4,2.38,0.0,97.96,100240.0,97960.0
2025-04-26,100.26,9.49,34.22,43.69,26.57,1.06,1.24,2.34,220.7,2.94,0.0,97.99,100260.0,97990.0
2025-04-27,100.43,12.17,33.14,42.24,24.54,-0.03,0.73,2.11,177.5,3.59,0.0,98.15,100430.0,98150.0
2025-04-28,100.33,15.72,32.68,41.97,23.41,-2.15,3.13,4.17,145.4,4.6,0.0,98.06,100330.0,98060.0
2025-04-29,100.46,23.65,30.9,39.09,22.96,-3.99,1.75,4.43,113.7,6.21,0.0,98.17,100460.0,98170.0
2025-04-30,100.6,30.42,31.55,39.22,23.52,-3.69,2.37,4.44,122.7,8.63,0.0,98.3,100600.0,98300.0
2025-05-01,100.72,33.83,31.98,38.84,24.78,-4.18,2.44,4.89,120.2,9.62,0.01,98.41,100720.0,98410.0
2025-05-02,100.81,51.26,28.81,34.18,24.98,-2.51,1.17,3.29,115.0,12.75,12.9,98.49,100810.0,98490.0
2025-05-03,100.5,52.19,28.57,35.27,23.34,-1.67,2.07,2.91,141.2,12.36,6.96,98.21,100500.0,98210.0
2025-05-04,100.35,47.06,29.66,37.1,22.96,-3.8,1.47,4.92,111.1,11.7,6.74,98.05,100350.0,98050.0
2025-05-05,100.5,51.07,29.2,36.69,22.11,-3.02,1.35,3.68,114.1,11.9,4.61,98.19,100500.0,98190.0
2025-05-06,100.48,41.23,29.33,35.12,23.89,-1.86,2.15,3.27,139.2,10.25,0.44,98.16,100480.0,98160.0
2025-05-07,100.39,42.05,31.04,36.7,25.27,-2.51,1.82,3.17,126.0,11.58,0.04,98.08,100390.0,98080.0
2025-05-08,100.45,43.49,31.12,37.49,25.45,-1.37,2.77,3.43,153.7,11.99,0.08,98.14,100450.0,98140.0
2025-05-09,100.55,42.01,31.33,37.27,25.22,-1.16,2.18,2.57,151.9,11.75,0.78,98.24,100550.0,98240.0
2025-05-10,100.48,44.7,32.01,38.14,25.59,-0.8,0.92,2.11,139.2,12.99,1.11,98.17,100480.0,98170.0
2025-05-11,100.31,41.14,33.3,40.14,26.18,0.44,-1.55,1.82,344.0,12.53,0.0,98.02,100310.0,98020.0
2025-05-12,100.23,32.25,34.0,41.42,27.07,1.98,-1.16,2.86,300.4,10.17,0.0,97.95,100230.0,97950.0
2025-05-13,100.2,37.81,34.08,41.87,27.39,3.36,-0.87,4.19,284.5,11.98,0.8,97.93,100200.0,97930.0
2025-05-14,100.2,37.71,33.9,42.02,26.44,2.18,-0.13,2.56,273.3,11.55,1.55,97.93,100200.0,97930.0
2025-05-15,100.16,27.46,35.04,43.2,26.46,2.25,-0.88,2.49,291.2,8.95,0.0,97.9,100160.0,97900.0
2025-05-16,100.03,25.4,36.41,44.93,28.75,2.38,0.69,3.55,253.9,8.91,0.31,97.79,100030.0,97790.0
2025-05-17,100.01,26.85,35.78,43.88,27.83,3.34,-0.09,3.8,271.6,9.7,0.11,97.76,100010.0,97760.0
2025-05-18,100.0,27.74,35.87,44.43,27.62,0.59,-1.4,3.26,337.2,9.77,0.02,97.75,100000.0,97750.0
2025-05-19,100.05,23.43,35.48,43.36,26.97,-2.15,0.9,3.22,112.7,8.27,0.0,97.8,100050.0,97800.0
2025-05-20,99.85,25.06,36.28,44.48,28.54,-1.88,1.27,3.46,124.0,9.26,0.0,97.61,99850.0,97610.0
2025-05-21,99.91,24.03,36.9,44.38,29.8,-3.28,1.69,4.0,117.3,9.12,0.0,97.67,99910.0,97670.0
2025-05-22,100.08,44.63,31.36,37.09,24.59,-3.7,2.32,4.44,122.1,12.4,13.11,97.82,100080.0,97820.0
2025-05-23,99.92,38.75,32.68,39.92,25.82,-3.72,1.92,4.24,117.3,11.61,0.0,97.66,99920.0,97660.0
2025-05-24,99.93,37.73,33.54,39.99,27.19,-4.57,2.22,5.15,115.9,12.12,2.07,97.66,99930.0,97660.0
2025-05-25,100.26,54.34,30.6,35.24,26.72,-3.14,1.46,3.5,115.0,15.14,20.03,97.98,100260.0,97980.0
2025-05-26,100.12,48.46,31.97,38.05,26.53,-2.69,1.24,3.23,114.8,14.25,0.23,97.83,100120.0,97830.0
2025-05-27,99.87,41.29,32.94,39.39,26.06,-1.74,1.04,2.26,120.9,12.58,0.0,97.6,99870.0,97600.0
2025-05-28,99.7,45.99,33.92,39.8,27.54,-1.23,0.51,2.22,112.5,15.32,0.53,97.44,99700.0,97440.0
2025-05-29,99.47,42.33,34.71,40.77,28.16,-0.18,1.58,1.95,173.6,14.3,0.0,97.22,99470.0,97220.0
2025-05-30,99.42,42.26,34.38,40.35,27.13,0.72,0.29,1.48,248.0,14.0,0.38,97.16,99420.0,97160.0
2025-05-31,99.66,33.24,34.29,41.16,27.38,-0.9,1.71,2.05,152.4,10.57,0.18,97.4,99660.0,97400.0
2025-06-01,99.75,40.29,32.98,40.76,26.23,3.4,0.98,4.74,253.9,12.35,4.8,97.49,99750.0,97490.0
2025-06-02,99.78,46.42,31.39,38.25,24.41,0.12,1.13,1.86,186.1,12.68,1.33,97.51,99780.0,97510.0
2025-06-03,100.07,39.17,30.76,36.93,25.44,0.36,0.13,1.73,249.8,10.47,0.0,97.77,100070.0,97770.0
2025-06-04,100.33,39.34,30.8,36.63,24.6,-0.32,0.38,1.97,139.3,10.81,0.26,98.03,100330.0,98030.0
2025-06-05,100.56,38.34,32.28,38.43,25.3,0.21,0.52,1.44,201.8,11.25,0.01,98.26,100560.0,98260.0
2025-06-06,100.47,34.1,33.28,39.83,25.94,-0.04,1.33,1.81,178.4,10.48,0.0,98.18,100470.0,98180.0
2025-06-07,100.28,31.95,34.66,41.56,26.33,-0.82,1.46,2.06,150.7,10.61,0.0,98.0,100280.0,98000.0
2025-06-08,100.04,29.6,36.93,44.7,28.81,0.61,0.05,2.57,264.9,11.09,0.0,97.79,100040.0,97790.0
2025-06-09,99.84,24.42,37.85,45.53,29.54,1.28,-0.82,2.58,302.5,9.41,0.0,97.61,99840.0,97610.0
2025-06-10,99.78,21.43,37.75,45.86,28.26,1.81,-2.65,3.34,325.6,8.38,0.0,97.54,99780.0,97540.0
2025-06-11,99.82,22.58,37.93,45.64,29.36,0.07,-1.57,2.41,357.3,8.99,0.0,97.59,99820.0,97590.0
2025-06-12,99.84,27.84,37.77,44.92,30.4,-2.11,1.11,2.69,117.9,10.84,0.0,97.6,99840.0,97600.0
2025-06-13,99.86,33.0,37.99,44.31,31.9,-2.94,1.6,3.57,118.6,13.49,1.24,97.61,99860.0,97610.0
2025-06-14,99.75,34.83,36.81,43.07,31.04,-1.65,0.87,2.38,117.9,13.27,4.19,97.5,99750.0,97500.0
2025-06-15,99.68,38.54,35.63,40.99,30.99,-3.01,1.66,3.59,118.8,14.12,0.2,97.43,99680.0,97430.0
2025-06-16,99.74,53.61,33.25,37.48,29.38,-2.56,1.67,3.45,123.1,17.39,9.31,97.48,99740.0,97480.0
2025-06-17,99.83,58.95,32.52,38.39,27.79,-1.59,0.23,2.69,98.1,18.06,1.16,97.56,99830.0,97560.0
2025-06-18,99.69,74.29,29.89,32.63,27.89,-1.71,1.74,2.5,135.5,20.1,18.82,97.43,99690.0,97430.0
2025-06-19,99.54,60.04,32.24,36.71,27.03,-2.79,2.37,3.76,130.3,18.28,0.16,97.28,99540.0,97280.0
2025-06-20,99.75,58.38,33.21,38.45,28.0,-3.16,1.64,3.65,117.4,18.58,0.74,97.48,99750.0,97480.0
2025-06-21,99.85,51.18,34.39,40.62,28.35,-1.53,2.75,3.35,150.9,17.03,0.11,97.58,99850.0,97580.0
2025-06-22,99.74,49.49,34.88,40.04,29.52,-0.15,1.57,1.82,174.7,17.27,0.31,97.48,99740.0,97480.0
2025-06-23,99.55,53.1,34.15,39.74,29.28,-1.3,1.84,2.74,144.8,17.77,3.28,97.29,99550.0,97290.0
2025-06-24,99.54,51.05,34.02,39.27,28.78,-1.42,0.89,2.0,121.9,17.01,1.04,97.28,99540.0,97280.0
2025-06-25,99.79,51.69,34.03,38.92,29.75,-3.23,2.39,4.18,126.5,17.42,0.61,97.52,99790.0,97520.0
2025-06-26,99.99,53.01,34.08,38.88,29.3,-4.47,1.88,4.88,112.8,17.82,0.43,97.72,99990.0,97720.0
2025-06-27,99.88,49.95,34.7,40.1,29.67,-3.63,2.27,4.41,122.0,17.33,0.37,97.61,99880.0,97610.0
2025-06-28,99.75,54.03,33.5,37.72,29.54,-1.26,2.69,3.17,154.8,17.72,9.25,97.49,99750.0,97490.0
2025-06-29,99.54,64.5,32.06,37.74,28.09,0.22,2.46,2.59,185.1,19.42,15.13,97.28,99540.0,97280.0
2025-06-30,99.57,87.23,27.98,30.12,26.29,-1.67,0.33,3.32,101.2,21.3,43.59,97.31,99570.0,97310.0
2025-07-01,99.77,65.92,30.61,36.42,25.58,-2.55,0.32,2.98,97.1,17.94,2.1,97.5,99770.0,97500.0
2025-07-02,99.75,64.87,31.8,37.05,26.7,-2.9,1.2,3.26,112.5,19.19,2.66,97.48,99750.0,97480.0
2025-07-03,99.82,64.38,32.16,36.74,27.71,-3.17,1.93,3.83,121.4,19.44,0.31,97.55,99820.0,97550.0
2025-07-04,99.83,68.34,31.73,36.21,27.46,-1.59,2.42,2.97,146.7,20.27,3.54,97.56,99830.0,97560.0
2025-07-05,99.73,64.19,32.46,37.61,27.86,-0.67,2.19,2.43,162.9,19.6,0.24,97.47,99730.0,97470.0
2025-07-06,99.67,70.86,31.16,35.33,27.82,-0.67,2.26,2.41,163.5,20.57,15.02,97.41,99670.0,97410.0
2025-07-07,99.71,67.35,32.05,36.84,27.46,0.18,0.98,1.73,190.3,20.21,0.83,97.45,99710.0,97450.0
2025-07-08,99.73,69.82,31.84,35.63,28.07,1.62,0.59,1.97,249.9,20.8,12.04,97.47,99730.0,97470.0
2025-07-09,99.85,71.74,30.84,35.24,27.18,1.88,0.96,2.47,242.9,20.1,7.32,97.58,99850.0,97580.0
2025-07-10,100.06,84.64,28.07,30.08,26.41,-1.35,2.87,3.23,154.8,20.61,21.92,97.78,100060.0,97780.0
2025-07-11,100.06,71.62,30.23,34.98,25.91,-0.62,1.41,1.69,156.1,19.31,1.85,97.78,100060.0,97780.0
2025-07-12,100.03,68.06,31.18,36.31,26.33,-0.45,1.78,1.96,165.9,19.24,3.31,97.76,100030.0,97760.0
2025-07-13,100.01,76.68,29.16,32.57,26.43,-1.71,-0.54,2.32,72.3,19.87,11.04,97.74,100010.0,97740.0
2025-07-14,99.85,81.26,28.8,31.67,26.39,-5.18,1.48,5.55,106.0,20.61,5.73,97.57,99850.0,97570.0
2025-07-15,99.73,81.5,29.0,33.37,25.84,-5.7,3.92,7.27,124.5,20.79,2.63,97.46,99730.0,97460.0
2025-07-16,99.99,78.12,28.18,32.31,25.11,-2.58,3.16,4.17,140.7,18.98,8.45,97.71,99990.0,97710.0
2025-07-17,100.13,78.18,28.82,33.21,24.97,-2.4,0.65,3.35,105.1,19.65,5.63,97.85,100130.0,97850.0
2025-07-18,99.96,76.98,28.83,33.07,25.56,-6.18,-0.66,6.47,83.9,19.4,3.55,97.68,99960.0,97680.0
2025-07-19,99.71,76.54,29.38,34.6,24.74,-3.33,3.16,5.43,133.5,19.89,0.36,97.45,99710.0,97450.0
2025-07-20,99.68,70.69,31.04,37.04,25.81,1.02,3.04,3.36,198.5,19.91,0.2,97.41,99680.0,97410.0
2025-07-21,99.99,72.1,30.02,34.27,26.48,-1.05,2.25,2.59,155.0,19.38,0.53,97.71,99990.0,97710.0
2025-07-22,99.84,79.71,29.39,31.66,26.85,1.01,1.44,1.96,215.0,20.98,1.53,97.57,99840.0,97570.0
2025-07-23,99.53,82.6,29.87,33.03,26.92,1.89,0.3,2.37,260.8,22.36,19.98,97.27,99530.0,97270.0
2025-07-24,99.41,74.16,31.09,35.36,26.61,1.92,-1.03,2.58,298.2,21.3,1.25,97.16,99410.0,97160.0
2025-07-25,99.42,71.93,31.91,35.22,27.86,1.11,-1.25,2.28,318.2,21.83,4.02,97.17,99420.0,97170.0
2025-07-26,99.5,69.54,32.27,37.83,27.57,-0.33,1.19,1.59,164.4,21.07,0.49,97.25,99500.0,97250.0
2025-07-27,99.51,69.97,31.35,36.5,27.62,-2.67,0.53,3.07,101.2,20.34,0.0,97.25,99510.0,97250.0
2025-07-28,99.52,77.1,29.46,32.45,27.17,-0.59,-0.06,1.28,83.7,20.4,2.38,97.27,99520.0,97270.0
2025-07-29,99.6,85.44,28.56,30.57,26.29,-1.36,-1.12,1.9,50.7,21.57,11.6,97.34,99600.0,97340.0
2025-07-30,99.67,84.33,29.34,33.32,26.9,-3.09,0.99,3.39,107.7,22.04,14.31,97.4,99670.0,97400.0
2025-07-31,99.78,85.09,29.14,33.03,26.44,-1.95,1.02,2.28,117.5,22.02,20.39,97.51,99780.0,97510.0
2025-08-01,99.89,81.49,29.74,34.21,26.74,1.33,0.61,1.67,245.2,21.68,4.72,97.61,99890.0,97610.0
2025-08-02,99.93,81.07,29.59,33.47,26.05,2.75,0.05,2.9,268.9,21.36,4.01,97.66,99930.0,97660.0
2025-08-03,100.05,82.74,29.19,32.66,26.13,2.69,0.06,3.07,268.8,21.41,31.73,97.77,100050.0,97770.0
2025-08-04,100.1,83.93,29.26,33.23,26.34,3.23,0.82,3.76,255.7,21.76,40.62,97.82,100100.0,97820.0
2025-08-05,100.16,88.16,28.34,31.39,26.34,2.25,2.01,3.33,228.2,21.79,32.74,97.89,100160.0,97890.0
2025-08-06,100.25,82.44,28.43,31.77,25.58,1.88,1.03,2.29,241.2,20.35,5.69,97.97,100250.0,97970.0
2025-08-07,100.1,78.66,29.14,33.99,24.74,3.05,-0.67,3.27,282.4,20.11,0.51,97.82,100100.0,97820.0
2025-08-08,100.19,77.12,29.74,34.01,25.59,2.41,-0.43,2.93,280.0,20.43,8.36,97.91,100190.0,97910.0
2025-08-09,100.43,83.7,28.42,31.45,25.76,0.71,-1.15,1.96,328.5,20.65,9.64,98.14,100430.0,98140.0
2025-08-10,100.28,81.88,29.06,32.13,25.25,0.99,-0.78,1.79,308.3,20.99,10.32,98.0,100280.0,98000.0
2025-08-11,100.16,82.53,29.49,33.39,26.23,1.89,0.23,2.55,263.2,21.74,12.83,97.88,100160.0,97880.0
2025-08-12,100.09,83.34,29.18,33.13,26.47,1.99,-0.43,2.55,282.1,21.54,1.47,97.82,100090.0,97820.0
2025-08-13,100.0,83.08,29.01,32.89,26.07,1.43,1.14,2.36,231.5,21.27,4.58,97.73,100000.0,97730.0
2025-08-14,100.33,89.8,27.34,30.73,25.12,-1.41,2.05,2.62,145.5,20.91,24.4,98.05,100330.0,98050.0
2025-08-15,100.22,83.6,27.92,31.95,24.42,-0.61,1.03,1.43,149.2,20.0,1.62,97.93,100220.0,97930.0
2025-08-16,100.06,83.95,28.38,32.44,25.01,-1.71,1.25,2.23,126.1,20.73,3.19,97.78,100060.0,97780.0
2025-08-17,100.16,84.89,29.06,32.75,25.46,-1.99,1.27,2.39,122.6,21.78,3.8,97.88,100160.0,97880.0
2025-08-18,100.34,90.4,28.01,30.2,26.24,-3.07,0.72,3.18,103.2,21.94,3.45,98.06,100340.0,98060.0
2025-08-19,100.22,83.85,28.77,32.86,25.3,-2.48,0.87,2.67,109.3,21.08,1.7,97.93,100220.0,97930.0
2025-08-20,100.16,84.55,28.55,32.23,25.4,-3.54,0.87,3.66,103.9,21.04,0.11,97.87,100160.0,97870.0
2025-08-21,100.1,84.6,28.94,32.5,25.61,-2.7,1.09,3.07,112.0,21.56,6.28,97.83,100100.0,97830.0
2025-08-22,99.86,81.54,29.52,33.45,25.91,-1.01,0.84,1.48,129.7,21.43,0.16,97.59,99860.0,97590.0
2025-08-23,99.91,86.76,28.47,31.82,25.93,-1.56,1.02,2.06,123.2,21.62,7.24,97.64,99910.0,97640.0
2025-08-24,99.99,86.64,28.29,31.9,25.07,-3.18,1.0,3.36,107.5,21.31,2.01,97.71,99990.0,97710.0
2025-08-25,99.92,92.24,27.19,29.13,25.54,-3.82,1.56,4.41,112.2,21.45,14.84,97.64,99920.0,97640.0
2025-08-26,100.17,87.58,27.86,31.56,24.87,-3.0,2.59,3.99,130.8,20.98,1.06,97.89,100170.0,97890.0
2025-08-27,100.16,85.08,28.73,32.32,25.27,-1.17,1.52,2.02,142.5,21.4,5.43,97.88,100160.0,97880.0
2025-08-28,100.11,84.1,28.75,33.06,25.35,-0.94,1.94,2.23,154.0,21.17,3.61,97.83,100110.0,97830.0
2025-08-29,100.29,90.71,27.16,30.06,25.3,-3.07,1.71,3.6,119.0,20.92,35.83,98.01,100290.0,98010.0
2025-08-30,100.4,89.03,27.84,31.48,24.5,-3.03,0.65,3.21,102.1,21.32,20.58,98.12,100400.0,98120.0
2025-08-31,100.21,92.43,27.23,29.5,25.67,-2.44,1.68,3.0,124.6,21.47,47.12,97.92,100210.0,97920.0
2025-09-01,99.92,91.2,26.64,29.0,25.11,-3.56,1.85,4.08,117.5,20.48,22.21,97.64,99920.0,97640.0
2025-09-02,100.01,90.94,26.68,29.37,24.95,-3.96,3.0,4.99,127.1,20.45,34.28,97.73,100010.0,97730.0
2025-09-03,100.3,90.66,26.81,30.26,24.47,-2.74,0.51,2.85,100.6,20.45,18.0,98.01,100300.0,98010.0
2025-09-04,100.33,85.18,27.73,31.57,24.09,-1.65,-0.81,1.98,64.0,20.19,42.69,98.04,100330.0,98040.0
2025-09-05,100.35,89.64,26.75,30.23,24.44,-4.67,-0.41,4.71,85.0,20.15,8.89,98.06,100350.0,98060.0
2025-09-06,100.4,88.02,27.6,31.21,24.48,-3.21,1.79,3.78,119.1,20.77,0.49,98.1,100400.0,98100.0
2025-09-07,100.37,88.05,27.51,30.82,24.77,-1.88,2.35,3.07,141.3,20.66,0.74,98.08,100370.0,98080.0
2025-09-08,100.47,85.93,27.41,31.53,23.92,0.37,2.04,2.18,190.2,19.96,4.12,98.18,100470.0,98180.0
2025-09-09,100.58,84.64,27.96,32.55,24.3,2.64,-0.51,2.86,280.8,20.26,2.14,98.29,100580.0,98290.0
2025-09-10,100.44,85.49,27.33,31.44,24.11,4.22,-1.43,4.49,288.8,19.79,0.0,98.16,100440.0,98160.0
2025-09-11,100.41,83.76,26.78,31.54,22.34,3.81,-0.6,3.94,279.0,18.73,0.0,98.11,100410.0,98110.0
2025-09-12,100.6,81.75,27.69,31.46,23.83,2.52,-0.68,2.77,285.1,19.23,0.06,98.29,100600.0,98290.0
2025-09-13,100.63,76.07,28.34,32.31,24.27,1.09,-0.39,1.57,289.8,18.56,2.22,98.32,100630.0,98320.0
2025-09-14,100.54,78.05,28.41,33.05,23.74,1.65,0.14,2.2,265.2,19.13,0.16,98.24,100540.0,98240.0
2025-09-15,100.34,82.12,28.05,32.25,24.67,2.37,-0.09,2.88,272.2,19.82,0.04,98.05,100340.0,98050.0
2025-09-16,100.38,77.49,28.57,33.26,23.6,0.74,0.76,1.56,224.1,19.03,1.15,98.09,100380.0,98090.0
2025-09-17,100.43,80.07,28.53,32.64,24.9,-0.19,-0.32,1.71,31.1,19.67,21.17,98.13,100430.0,98130.0
2025-09-18,100.46,83.26,28.0,31.55,23.94,-0.72,0.91,1.45,141.6,19.98,1.54,98.16,100460.0,98160.0
2025-09-19,100.51,81.67,28.25,32.33,24.12,1.03,-0.09,2.23,275.2,19.89,1.07,98.22,100510.0,98220.0
2025-09-20,100.46,79.8,27.57,32.55,23.61,2.39,-1.05,2.94,293.8,18.61,0.0,98.17,100460.0,98170.0
2025-09-21,100.37,79.21,26.7,32.43,21.83,2.85,-1.14,3.13,291.8,17.52,0.0,98.08,100370.0,98080.0
2025-09-22,100.42,77.63,25.97,32.26,20.64,2.75,-1.33,3.14,295.8,16.39,0.0,98.12,100420.0,98120.0
2025-09-23,100.37,76.49,25.83,32.14,20.26,2.71,-1.91,3.34,305.1,16.05,0.0,98.07,100370.0,98070.0
2025-09-24,100.26,73.43,26.04,32.42,19.93,2.76,-1.75,3.3,302.4,15.55,0.0,97.97,100260.0,97970.0
2025-09-25,100.32,74.8,26.02,32.46,20.21,2.23,-1.94,3.01,311.0,15.84,0.0,98.03,100320.0,98030.0
2025-09-26,100.45,77.33,26.34,32.99,19.84,2.02,-2.38,3.16,319.7,16.72,0.0,98.16,100450.0,98160.0
2025-09-27,100.68,79.25,28.45,33.53,23.33,-1.0,0.01,1.43,90.5,19.45,0.0,98.39,100680.0,98390.0
2025-09-28,100.6,82.42,28.25,33.09,24.7,-2.72,1.28,3.11,115.2,19.96,0.0,98.31,100600.0,98310.0
2025-09-29,100.44,82.78,27.92,32.27,23.68,-1.59,1.67,2.44,136.3,19.76,0.66,98.15,100440.0,98150.0
2025-09-30,100.31,88.32,26.35,29.44,23.69,-0.29,1.84,1.96,171.1,19.39,7.98,98.01,100310.0,98010.0
2025-10-01,100.31,79.51,26.77,31.41,23.56,0.23,0.7,1.22,198.1,17.59,0.03,98.01,100310.0,98010.0
2025-10-02,100.65,81.31,26.28,30.63,23.14,-0.93,1.26,2.05,143.5,17.58,2.38,98.34,100650.0,98340.0
2025-10-03,100.92,83.0,26.46,29.73,22.65,-1.65,0.07,1.8,92.3,18.16,0.03,98.61,100920.0,98610.0
2025-10-04,100.66,76.61,26.97,31.92,23.19,1.71,-0.7,2.31,292.3,17.28,0.0,98.36,100660.0,98360.0
2025-10-05,100.61,67.73,26.79,31.83,20.56,1.52,-0.1,1.94,273.7,14.93,0.28,98.3,100610.0,98300.0
2025-10-06,100.81,81.68,24.99,29.78,21.05,-0.27,1.7,1.96,170.8,16.39,13.65,98.49,100810.0,98490.0
2025-10-07,100.88,87.72,23.76,28.19,21.41,-1.19,1.82,3.03,146.7,16.38,14.87,98.54,100880.0,98540.0
2025-10-08,101.11,81.68,22.14,27.61,17.68,1.99,-0.89,2.2,294.1,13.59,0.84,98.75,101110.0,98750.0
2025-10-09,101.24,78.45,21.88,28.29,16.5,2.07,-1.79,2.78,310.8,12.8,0.0,98.88,101240.0,98880.0
2025-10-10,101.15,67.44,22.21,27.72,16.12,1.65,-0.6,1.83,290.1,11.13,0.0,98.78,101150.0,98780.0
2025-10-11,101.12,61.73,22.94,28.62,17.48,1.29,-0.18,1.39,278.0,10.8,0.0,98.75,101120.0,98750.0
2025-10-12,101.05,69.84,23.53,29.62,17.44,1.34,-1.52,2.07,318.7,12.61,0.0,98.7,101050.0,98700.0
2025-10-13,101.16,56.77,23.99,29.84,18.56,0.52,-0.33,1.25,302.4,10.51,0.0,98.81,101160.0,98810.0
2025-10-14,101.06,55.44,23.6,30.17,17.0,0.89,0.28,1.4,252.3,9.85,0.0,98.72,101060.0,98720.0
2025-10-15,101.06,55.3,23.55,29.89,16.1,0.83,0.64,1.37,232.4,9.72,0.0,98.71,101060.0,98710.0
2025-10-16,101.04,55.43,23.23,30.58,15.27,1.25,0.41,1.68,252.0,9.44,0.0,98.69,101040.0,98690.0
2025-10-17,101.17,62.22,23.72,30.27,16.95,0.96,0.08,1.28,265.1,11.46,0.0,98.83,101170.0,98830.0
2025-10-18,101.12,66.53,23.69,29.56,18.44,0.22,1.08,1.57,191.7,12.2,0.0,98.79,101120.0,98790.0
2025-10-19,101.05,65.52,23.81,30.41,17.99,-0.04,1.47,1.84,178.5,11.96,0.0,98.71,101050.0,98710.0
2025-10-20,101.11,65.73,24.01,29.87,18.81,-0.22,1.68,2.0,172.5,12.3,0.0,98.75,101110.0,98750.0
2025-10-21,101.25,72.68,24.04,29.37,20.41,-0.49,1.13,1.58,156.4,13.56,0.0,98.9,101250.0,98900.0
2025-10-22,101.25,66.67,24.85,30.41,20.11,1.13,0.03,1.52,268.4,12.95,0.0,98.9,101250.0,98900.0
2025-10-23,101.17,55.94,24.09,30.64,17.98,0.91,-0.95,1.8,316.0,10.2,0.0,98.82,101170.0,98820.0
2025-10-24,101.18,53.52,23.5,30.16,16.8,0.85,0.54,1.56,237.7,9.42,0.0,98.82,101180.0,98820.0
2025-10-25,101.14,52.32,22.83,29.68,16.26,-0.45,0.93,1.51,154.3,8.86,0.0,98.78,101140.0,98780.0
2025-10-26,101.24,49.0,23.09,29.9,17.2,-0.9,0.93,1.37,136.0,8.36,0.0,98.88,101240.0,98880.0
2025-10-27,101.32,58.09,22.51,28.69,19.08,-0.59,1.26,1.61,154.8,9.9,0.14,98.97,101320.0,98970.0
2025-10-28,101.37,75.55,20.95,26.28,17.56,-0.74,0.51,1.7,124.9,11.56,0.21,99.01,101370.0,99010.0
2025-10-29,101.18,70.8,22.92,28.81,17.05,-0.09,-0.97,1.24,5.2,12.23,0.01,98.83,101180.0,98830.0
2025-10-30,101.13,78.93,23.02,26.12,20.35,-0.87,0.53,1.43,121.5,14.07,1.39,98.79,101130.0,98790.0
2025-10-31,101.01,76.05,23.62,30.03,18.96,2.02,0.44,2.53,257.6,13.63,0.01,98.67,101010.0,98670.0
2025-11-01,101.03,64.18,23.21,29.96,18.26,2.27,-0.77,2.51,288.8,11.14,0.0,98.67,101030.0,98670.0
2025-11-02,101.02,60.14,21.88,30.13,15.9,2.76,-1.56,3.23,299.5,9.55,0.0,98.67,101020.0,98670.0
2025-11-03,100.85,53.53,21.41,29.45,14.25,2.64,-1.35,3.19,297.1,8.26,0.0,98.5,100850.0,98500.0
2025-11-04,100.93,56.64,20.47,26.69,15.09,-0.76,1.4,1.84,151.3,8.44,0.0,98.58,100930.0,98580.0
2025-11-05,100.92,53.4,21.47,29.64,16.52,1.01,-0.9,2.25,311.6,8.41,0.0,98.56,100920.0,98560.0
2025-11-06,101.15,59.42,18.53,26.92,12.95,2.98,-2.21,3.74,306.6,7.48,0.0,98.78,101150.0,98780.0
2025-11-07,101.31,52.47,17.23,27.09,10.25,2.88,-2.12,3.6,306.3,6.08,0.0,98.96,101310.0,98960.0
2025-11-08,101.4,50.6,16.34,25.52,8.78,2.39,-1.71,3.01,305.5,5.62,0.0,99.04,101400.0,99040.0
2025-11-09,101.27,52.45,16.75,25.57,9.55,2.37,-1.81,3.05,307.3,6.01,0.0,98.91,101270.0,98910.0
2025-11-10,101.27,47.78,18.08,26.3,9.89,1.57,-1.06,2.17,304.1,5.86,0.0,98.9,101270.0,98900.0
2025-11-11,101.37,47.28,17.64,26.24,11.52,2.09,-1.73,2.78,309.6,5.76,0.0,99.0,101370.0,99000.0
2025-11-12,101.45,53.47,16.97,26.13,9.68,2.59,-2.24,3.52,310.9,6.11,0.0,99.07,101450.0,99070.0
2025-11-13,101.61,51.62,16.77,25.86,9.6,2.18,-1.59,2.76,306.1,5.91,0.0,99.22,101610.0,99220.0
2025-11-14,101.6,48.65,16.94,25.93,9.31,1.93,-1.51,2.52,308.0,5.55,0.0,99.21,101600.0,99210.0
2025-11-15,101.7,46.68,17.13,25.7,9.25,1.92,-1.75,2.71,312.4,5.44,0.0,99.32,101700.0,99320.0
2025-11-16,101.86,47.41,16.31,26.29,9.28,2.2,-2.12,3.14,313.9,5.23,0.0,99.49,101860.0,99490.0
2025-11-17,101.78,45.66,16.85,26.09,8.67,1.23,-1.04,2.42,310.5,5.16,0.0,99.41,101780.0,99410.0
2025-11-18,101.57,44.29,17.94,26.24,9.74,1.33,-0.85,2.04,302.6,5.52,0.0,99.22,101570.0,99220.0
2025-11-19,101.59,50.34,18.32,25.42,13.83,-0.26,1.33,1.72,168.9,6.63,0.0,99.23,101590.0,99230.0
2025-11-20,101.64,64.17,17.37,26.01,11.14,0.74,1.7,2.41,203.5,7.64,0.0,99.27,101640.0,99270.0
2025-11-21,101.77,63.95,17.59,25.22,11.38,0.38,1.98,2.27,191.0,7.76,0.0,99.38,101770.0,99380.0
2025-11-22,101.61,55.67,18.52,26.29,11.2,1.14,0.87,1.82,232.5,6.88,0.0,99.21,101610.0,99210.0
2025-11-23,101.62,46.61,18.51,25.91,13.14,0.92,-0.19,1.32,281.9,5.97,0.0,99.22,101620.0,99220.0
2025-11-24,101.76,46.77,17.42,25.37,11.51,1.1,-0.91,1.73,309.5,5.61,0.0,99.36,101760.0,99360.0
2025-11-25,101.75,48.08,15.89,24.23,9.12,1.74,-1.63,2.4,313.1,5.17,0.0,99.34,101750.0,99340.0
2025-11-26,101.76,44.76,16.42,24.53,8.91,0.74,-0.44,1.49,301.0,4.95,0.0,99.36,101760.0,99360.0
2025-11-27,101.85,38.62,17.79,24.92,11.74,0.01,0.14,0.79,184.5,4.81,0.0,99.47,101850.0,99470.0
2025-11-28,101.69,53.02,17.18,25.7,10.9,1.32,-1.91,2.38,325.4,6.3,0.0,99.31,101690.0,99310.0
2025-11-29,101.5,54.48,16.68,26.51,10.21,1.88,-2.96,3.53,327.6,6.26,0.0,99.12,101500.0,99120.0
2025-11-30,101.44,44.21,14.69,24.08,8.9,2.87,-2.31,3.79,308.8,4.41,0.0,99.07,101440.0,99070.0
2025-12-01,101.43,41.43,15.52,24.84,10.13,0.54,-1.14,2.13,334.7,4.39,0.0,99.05,101430.0,99050.0
2025-12-02,101.43,51.65,16.46,25.73,10.91,-0.51,-0.67,1.98,37.5,6.14,0.0,99.03,101430.0,99030.0
2025-12-03,101.79,47.51,14.32,23.59,8.96,1.67,-2.39,3.13,325.1,4.52,0.0,99.38,101790.0,99380.0
2025-12-04,101.84,49.44,13.37,22.49,6.24,2.53,-2.07,3.33,309.3,4.43,0.0,99.44,101840.0,99440.0
2025-12-05,101.95,45.56,13.62,22.19,7.92,1.75,-1.62,2.42,312.8,4.27,0.0,99.57,101950.0,99570.0
2025-12-06,101.8,51.46,14.33,24.97,6.85,3.34,-2.1,4.0,302.2,4.88,0.0,99.42,101800.0,99420.0
2025-12-07,101.73,44.86,14.68,24.73,7.18,2.92,-2.05,3.6,305.1,4.47,0.0,99.36,101730.0,99360.0
2025-12-08,101.71,46.28,16.27,26.81,10.45,3.22,-2.57,4.16,308.7,5.08,0.0,99.33,101710.0,99330.0
2025-12-09,101.67,47.23,14.67,25.47,7.96,3.51,-2.62,4.44,306.7,4.59,0.0,99.29,101670.0,99290.0
2025-12-10,101.67,45.33,14.82,24.3,7.13,2.56,-1.74,3.17,304.2,4.56,0.0,99.29,101670.0,99290.0
2025-12-11,101.57,41.44,15.94,24.83,8.06,2.11,-1.47,2.62,304.9,4.47,0.0,99.21,101570.0,99210.0
2025-12-12,101.51,43.09,16.11,24.49,9.23,0.92,-1.27,2.09,323.9,4.83,0.0,99.15,101510.0,99150.0
2025-12-13,101.64,51.18,16.52,24.74,11.65,-1.28,-0.07,1.49,86.8,5.85,0.0,99.27,101640.0,99270.0
2025-12-14,101.73,50.34,17.01,24.42,9.67,-0.13,0.78,1.39,170.2,5.89,0.0,99.37,101730.0,99370.0
2025-12-15,101.63,50.13,16.32,25.78,9.92,2.02,-1.42,2.53,305.2,5.6,0.0,99.28,101630.0,99280.0
2025-12-16,101.57,53.83,14.36,24.55,7.61,3.25,-1.97,3.87,301.1,5.19,0.0,99.22,101570.0,99220.0
2025-12-17,101.66,52.28,14.9,24.68,7.06,2.54,-1.72,3.14,304.1,5.36,0.0,99.3,101660.0,99300.0
2025-12-18,101.74,64.01,14.97,22.65,10.21,0.95,-1.72,2.12,331.2,6.64,0.0,99.39,101740.0,99390.0
2025-12-19,101.49,59.12,15.45,24.36,7.76,1.75,-1.63,2.53,313.1,6.05,0.0,99.13,101490.0,99130.0
2025-12-20,101.37,47.18,14.61,24.33,8.27,0.02,-0.12,1.74,350.9,4.65,0.0,99.02,101370.0,99020.0
2025-12-21,101.59,55.99,13.95,22.48,7.46,-1.45,1.02,2.01,125.2,5.42,0.0,99.24,101590.0,99240.0
2025-12-22,101.63,59.08,15.97,23.2,9.2,-0.42,0.49,1.16,139.1,6.46,0.0,99.26,101630.0,99260.0
2025-12-23,101.46,60.92,16.15,25.61,9.7,2.84,-2.1,3.55,306.5,6.74,0.0,99.07,101460.0,99070.0
2025-12-24,101.44,57.15,13.76,22.17,8.21,3.42,-1.99,4.01,300.2,5.31,0.0,99.06,101440.0,99060.0
2025-12-25,101.55,48.2,14.21,22.04,5.94,1.53,-1.09,1.95,305.5,4.65,0.0,99.18,101550.0,99180.0
2025-12-26,101.65,46.98,14.57,21.32,10.75,0.2,-0.87,1.52,347.1,4.78,0.0,99.26,101650.0,99260.0
2025-12-27,101.6,47.65,13.95,21.31,6.44,1.28,-0.86,1.81,303.9,4.47,0.0,99.22,101600.0,99220.0
2025-12-28,101.68,47.97,13.37,21.91,7.37,0.84,-1.16,2.04,324.0,4.46,0.0,99.3,101680.0,99300.0
2025-12-29,101.61,45.59,14.25,22.97,5.36,1.51,-0.95,2.17,302.1,4.3,0.0,99.24,101610.0,99240.0
2025-12-30,101.36,40.85,14.64,23.38,8.3,1.55,-1.08,2.19,304.8,4.1,0.0,99.0,101360.0,99000.0
2025-12-31,101.23,51.12,13.62,22.04,7.38,-1.67,1.61,2.5,134.0,4.93,0.0,98.83,101230.0,98830.0
2026-01-01,101.45,68.94,13.32,19.95,6.59,-0.87,1.07,2.04,140.8,6.64,0.0,99.03,101450.0,99030.0
2026-01-02,101.76,73.54,13.2,20.8,8.33,1.78,-1.96,2.78,317.7,6.8,0.0,99.32,101760.0,99320.0
2026-01-03,101.86,70.89,11.47,18.4,5.11,1.44,-1.14,2.11,308.3,5.8,0.0,99.43,101860.0,99430.0
2026-01-04,101.94,64.24,12.23,19.1,5.84,1.33,-1.05,1.77,308.2,5.53,0.0,99.51,101940.0,99510.0
2026-01-05,102.03,70.98,11.39,18.95,4.17,1.76,-1.63,2.41,312.8,5.81,0.0,99.61,102030.0,99610.0
2026-01-06,102.04,63.32,13.17,22.45,6.46,1.71,-1.96,2.72,318.9,5.57,0.0,99.6,102040.0,99600.0
2026-01-07,102.16,57.5,11.17,19.08,5.83,1.14,-2.03,2.44,330.6,4.56,0.0,99.71,102160.0,99710.0
2026-01-08,102.18,50.49,10.35,20.2,2.92,1.4,-1.6,2.26,318.8,3.63,0.0,99.74,102180.0,99740.0
2026-01-09,102.06,44.42,12.16,21.35,4.6,-0.73,-0.44,1.58,58.9,3.79,0.0,99.63,102060.0,99630.0
2026-01-10,101.95,49.86,12.06,21.97,4.83,1.48,-2.04,2.97,324.1,4.2,0.0,99.5,101950.0,99500.0
2026-01-11,102.08,45.74,11.23,20.82,4.73,2.63,-2.23,3.55,310.3,3.54,0.0,99.66,102080.0,99660.0
2026-01-12,102.08,41.5,11.35,21.02,2.86,1.56,-1.53,2.63,314.5,3.27,0.0,99.69,102080.0,99690.0
2026-01-13,101.92,43.97,11.42,21.31,5.71,2.19,-1.86,3.04,310.3,3.5,0.0,99.53,101920.0,99530.0
2026-01-14,101.61,45.99,10.6,21.07,2.79,2.96,-1.71,3.46,300.0,3.43,0.0,99.21,101610.0,99210.0
2026-01-15,101.59,44.59,10.49,21.02,2.64,2.64,-2.22,3.49,310.1,3.35,0.0,99.22,101590.0,99220.0
2026-01-16,101.47,39.97,12.38,22.14,4.24,1.34,-0.8,2.58,300.8,3.42,0.0,99.11,101470.0,99110.0
2026-01-17,101.4,37.69,14.76,24.05,9.15,-0.41,0.07,1.61,99.3,3.81,0.0,99.02,101400.0,99020.0
2026-01-18,101.19,47.81,14.5,23.34,9.03,-1.3,1.36,2.3,136.3,4.85,0.0,98.79,101190.0,98790.0
2026-01-19,101.37,44.84,16.69,25.71,8.48,-0.76,0.59,1.36,127.8,4.97,0.0,98.96,101370.0,98960.0
2026-01-20,101.56,44.26,16.47,25.21,9.45,1.42,-1.19,1.95,309.9,4.89,0.0,99.13,101560.0,99130.0
2026-01-21,101.71,43.72,15.7,24.59,9.9,1.09,-1.5,2.16,323.9,4.64,0.0,99.29,101710.0,99290.0
2026-01-22,101.56,41.93,16.36,26.28,9.66,-0.75,0.94,2.58,141.4,4.76,0.0,99.16,101560.0,99160.0
2026-01-23,101.51,76.03,12.9,14.91,9.05,-2.43,3.03,4.22,141.2,7.09,12.44,99.09,101510.0,99090.0
2026-01-24,102.12,65.94,10.97,19.25,6.07,1.2,-2.75,3.11,336.5,5.22,0.03,99.68,102120.0,99680.0
2026-01-25,101.9,40.24,11.09,20.51,5.02,2.53,-1.45,3.03,299.8,3.12,0.0,99.48,101900.0,99480.0
2026-01-26,101.85,41.78,12.36,21.57,4.37,0.11,0.43,2.01,194.1,3.47,0.0,99.45,101850.0,99450.0
2026-01-27,101.71,61.82,15.18,22.82,8.44,-2.8,2.32,3.83,129.7,6.77,10.94,99.32,101710.0,99320.0
2026-01-28,101.89,72.09,14.9,21.73,9.71,0.13,-2.05,2.45,356.4,7.42,0.59,99.46,101890.0,99460.0
2026-01-29,101.91,71.73,12.61,21.33,6.12,2.05,-2.02,2.95,314.6,6.27,0.0,99.5,101910.0,99500.0
2026-01-30,101.8,57.02,14.61,22.9,7.67,1.69,-1.11,2.17,303.3,5.58,0.0,99.41,101800.0,99410.0
2026-01-31,101.84,49.32,16.04,24.44,8.21,-0.89,1.05,1.88,139.6,5.4,0.0,99.43,101840.0,99430.0
2026-02-01,101.87,77.93,15.63,21.07,11.51,-1.48,1.51,2.83,135.5,8.58,1.66,99.46,101870.0,99460.0
2026-02-02,101.86,65.69,17.41,25.54,10.78,0.55,-1.05,1.57,332.4,7.72,0.02,99.44,101860.0,99440.0
2026-02-03,102.01,63.03,15.71,24.32,8.76,0.98,-1.84,2.25,332.0,6.56,0.0,99.58,102010.0,99580.0
2026-02-04,102.06,54.43,15.58,23.95,10.18,1.6,-2.12,2.99,323.1,5.7,0.0,99.63,102060.0,99630.0
2026-02-05,101.91,56.51,14.69,24.89,7.15,2.96,-1.87,3.53,302.4,5.39,0.0,99.5,101910.0,99500.0
2026-02-06,101.83,47.51,15.4,25.89,7.47,3.25,-2.37,4.06,306.1,4.81,0.0,99.43,101830.0,99430.0
2026-02-07,101.58,49.88,16.66,26.52,9.79,3.6,-2.5,4.47,304.8,5.58,0.0,99.18,101580.0,99180.0
2026-02-08,101.49,45.39,15.99,25.75,8.04,2.84,-1.89,3.49,303.6,4.74,0.0,99.1,101490.0,99100.0
2026-02-09,101.51,38.89,15.79,22.95,11.2,-0.24,-0.78,1.59,17.4,4.23,0.0,99.12,101510.0,99120.0
2026-02-10,101.63,39.92,17.32,26.99,9.99,-1.17,-0.19,1.8,80.8,4.73,0.0,99.23,101630.0,99230.0
2026-02-11,101.81,43.34,18.76,28.92,11.26,1.08,-2.03,2.65,332.0,5.54,0.0,99.41,101810.0,99410.0
2026-02-12,101.76,46.69,17.18,27.17,9.75,2.63,-2.05,3.45,307.9,5.22,0.0,99.36,101760.0,99360.0
2026-02-13,101.54,40.12,17.3,26.19,9.1,2.13,-1.36,2.63,302.6,4.6,0.0,99.16,101540.0,99160.0
2026-02-14,101.43,40.86,17.59,27.45,10.28,1.84,-1.79,2.69,314.1,4.88,0.0,99.04,101430.0,99040.0
2026-02-15,101.34,40.2,18.74,29.47,9.87,1.91,-1.6,2.89,310.1,5.05,0.0,98.96,101340.0,98960.0
2026-02-16,101.31,37.17,19.45,29.62,11.96,-0.39,-0.34,1.83,48.8,4.85,0.0,98.93,101310.0,98930.0
2026-02-17,101.4,38.32,19.72,30.33,10.97,-1.8,1.48,2.51,129.5,5.18,0.01,99.02,101400.0,99020.0
2026-02-18,101.54,52.88,18.27,27.17,12.72,0.23,1.05,2.33,192.5,6.51,2.69,99.14,101540.0,99140.0
2026-02-19,101.63,56.18,19.7,28.83,11.31,1.09,-0.13,1.29,276.7,7.31,0.04,99.24,101630.0,99240.0
2026-02-20,101.75,46.84,20.41,29.75,13.64,1.35,-1.18,2.17,311.1,6.63,0.0,99.35,101750.0,99350.0
2026-02-21,101.26,46.75,19.56,29.06,11.72,2.55,-1.43,2.96,299.2,6.23,0.0,98.88,101260.0,98880.0
2026-02-22,100.93,41.77,19.98,29.73,11.92,1.19,-1.27,2.35,317.0,5.67,0.0,98.56,100930.0,98560.0
2026-02-23,100.96,38.19,20.89,30.33,13.31,0.13,-0.82,1.81,351.0,5.52,0.0,98.58,100960.0,98580.0
2026-02-24,101.15,41.93,20.62,30.42,14.16,0.59,-1.88,2.13,342.7,5.88,0.0,98.77,101150.0,98770.0
2026-02-25,101.25,37.15,20.38,29.98,13.28,1.41,-1.78,2.52,321.7,5.07,0.0,98.87,101250.0,98870.0
2026-02-26,100.97,32.87,19.95,30.49,11.22,2.56,-2.06,3.43,308.7,4.39,0.0,98.6,100970.0,98600.0
2026-02-27,100.72,33.59,22.12,32.39,15.41,0.7,-1.17,2.24,329.0,5.27,0.0,98.37,100720.0,98370.0
2026-02-28,100.67,35.39,22.49,32.39,15.5,0.79,-1.57,2.49,333.4,5.62,0.0,98.32,100670.0,98320.0
2026-03-01,100.81,37.39,21.36,32.33,12.59,2.61,-2.81,3.96,317.1,5.33,0.0,98.46,100810.0,98460.0
2026-03-02,100.99,35.0,21.39,32.96,12.44,3.19,-2.82,4.3,311.5,5.05,0.0,98.64,100990.0,98640.0
2026-03-03,101.0,30.83,21.81,33.57,12.84,4.13,-2.11,4.71,297.1,4.41,0.0,98.67,101000.0,98670.0
2026-03-04,101.08,30.94,22.87,35.38,12.41,3.59,-2.26,4.28,302.2,4.85,0.0,98.75,101080.0,98750.0
2026-03-05,100.83,34.11,24.57,36.14,16.17,4.0,-2.52,4.77,302.2,6.13,0.0,98.52,100830.0,98520.0
2026-03-06,100.86,35.65,24.43,35.27,14.76,1.22,-1.67,2.89,323.8,6.48,0.0,98.54,100860.0,98540.0
2026-03-07,101.03,38.08,25.12,35.31,15.28,-0.77,-0.01,2.12,89.5,6.88,0.0,98.7,101030.0,98700.0
2026-03-08,101.03,35.47,26.33,36.84,19.27,1.13,-1.42,2.41,321.5,7.06,0.0,98.71,101030.0,98710.0
2026-03-09,101.04,37.84,25.92,36.24,16.89,1.18,-1.69,2.67,325.1,7.29,0.0,98.73,101040.0,98730.0
2026-03-10,101.28,37.05,26.05,36.09,16.25,-0.69,-1.17,2.29,30.4,7.17,0.0,98.96,101280.0,98960.0
2026-03-11,101.1,30.18,26.97,37.26,19.84,2.08,-0.91,2.87,293.5,5.98,0.0,98.77,101100.0,98770.0
2026-03-12,100.73,28.07,26.83,36.61,18.15,2.49,-1.41,3.0,299.6,5.64,0.0,98.41,100730.0,98410.0
2026-03-13,100.8,40.81,24.99,32.86,17.64,2.31,-1.89,3.24,309.3,7.67,0.0,98.47,100800.0,98470.0
2026-03-14,100.77,29.59,25.81,33.61,18.59,1.43,-1.0,2.52,305.1,5.73,0.0,98.44,100770.0,98440.0
2026-03-15,100.78,35.5,24.86,32.96,18.51,-3.09,0.0,3.17,90.0,6.7,2.03,98.44,100780.0,98440.0
2026-03-16,100.7,36.66,24.42,34.14,15.95,-2.36,2.08,3.75,131.4,6.44,0.01,98.35,100700.0,98350.0
2026-03-17,100.79,32.64,24.0,31.51,16.32,-0.64,-0.55,2.52,49.5,5.74,0.0,98.44,100790.0,98440.0
2026-03-18,100.93,34.27,25.25,34.44,17.36,-1.09,0.8,2.29,126.3,6.42,2.37,98.58,100930.0,98580.0
2026-03-19,101.1,46.77,23.01,30.63,18.49,-0.01,-1.99,3.5,0.4,7.81,0.47,98.74,101100.0,98740.0
2026-03-20,101.09,76.54,18.91,21.43,16.76,0.82,-0.12,1.7,278.5,10.56,12.68,98.7,101090.0,98700.0
2026-03-21,101.25,59.7,20.95,29.21,14.35,1.13,-1.87,2.46,328.9,8.67,0.33,98.86,101250.0,98860.0
2026-03-22,101.15,45.95,22.78,31.67,13.95,2.98,-2.34,3.91,308.1,7.53,0.0,98.78,101150.0,98780.0
2026-03-23,101.13,51.66,22.35,28.22,18.24,1.27,0.01,1.97,269.4,8.57,0.63,98.76,101130.0,98760.0
2026-03-24,100.95,45.83,24.1,33.44,16.17,2.72,-1.93,3.52,305.4,7.92,0.23,98.6,100950.0,98600.0
2026-03-25,100.86,38.41,25.52,35.0,16.15,2.12,-2.29,3.3,317.2,7.09,0.0,98.52,100860.0,98520.0
2026-03-26,101.03,39.0,27.59,37.03,19.79,2.57,-1.61,3.59,302.0,8.4,0.0,98.7,101030.0,98700.0
2026-03-27,100.77,51.71,26.19,33.37,19.1,1.44,-2.85,3.4,333.2,10.35,0.01,98.43,100770.0,98430.0
2026-03-28,100.52,45.26,26.14,33.0,19.13,1.13,-1.07,2.0,313.3,9.31,0.01,98.18,100520.0,98180.0
2026-03-29,100.47,37.82,28.09,36.53,19.97,-2.03,1.23,2.92,121.1,8.49,0.0,98.16,100470.0,98160.0
2026-03-30,100.78,41.66,26.89,34.32,22.11,2.42,-0.02,3.15,270.4,8.78,0.38,98.45,100780.0,98450.0
2026-03-31,100.85,47.18,27.19,35.48,19.2,1.18,-1.17,2.43,314.7,9.79,0.55,98.51,100850.0,98510.0
2026-04-01,100.94,40.5,26.65,33.72,20.31,0.3,-0.57,2.2,331.7,8.6,1.6,98.6,100940.0,98600.0
2026-04-02,100.79,33.42,29.51,38.58,20.0,0.16,-0.8,2.12,348.6,8.0,0.0,98.48,100790.0,98480.0
2026-04-03,100.85,46.25,27.14,35.21,21.65,2.77,-1.31,3.44,295.3,9.99,3.12,98.52,100850.0,98520.0
2026-04-04,100.85,49.99,25.93,32.36,21.13,1.06,-0.83,2.63,307.9,10.26,0.11,98.51,100850.0,98510.0
2026-04-05,100.7,42.41,26.59,33.89,18.98,1.1,-1.51,2.43,323.9,8.66,0.54,98.35,100700.0,98350.0
2026-04-06,100.79,36.25,26.66,34.24,18.62,1.85,-1.61,2.98,311.0,7.37,0.0,98.43,100790.0,98430.0
2026-04-07,100.68,36.13,26.04,33.48,19.73,-0.96,1.76,2.87,151.3,7.34,0.07,98.33,100680.0,98330.0
2026-04-08,100.82,60.71,22.2,27.4,18.01,0.07,-0.77,2.37,354.8,10.01,9.58,98.44,100820.0,98440.0
2026-04-09,101.22,52.02,23.07,31.73,14.68,-0.15,-0.56,2.5,14.7,8.23,0.01,98.84,101220.0,98840.0
2026-04-10,101.17,34.96,25.1,34.17,16.51,4.61,-3.52,5.97,307.4,6.33,0.0,98.81,101170.0,98810.0
2026-04-11,100.9,34.17,26.85,36.31,18.1,2.87,-3.28,4.86,318.8,7.06,0.0,98.56,100900.0,98560.0
2026-04-12,100.67,31.51,27.52,36.17,19.72,2.0,-2.92,3.91,325.5,6.72,0.0,98.33,100670.0,98330.0
2026-04-13,100.75,29.16,27.38,36.81,18.14,2.67,-2.98,4.35,318.2,5.99,0.0,98.42,100750.0,98420.0
2026-04-14,100.62,25.9,29.18,39.59,19.69,1.59,-2.13,3.46,323.3,5.88,0.0,98.31,100620.0,98310.0
2026-04-15,100.37,21.96,30.24,40.3,20.64,1.57,-2.9,3.6,331.5,5.29,0.0,98.07,100370.0,98070.0
2026-04-16,100.46,21.48,31.68,41.0,22.63,0.49,-1.9,2.28,345.4,5.84,0.0,98.17,100460.0,98170.0
2026-04-17,100.62,20.73,31.94,40.49,24.72,-0.85,0.39,2.02,114.7,5.77,0.06,98.33,100620.0,98330.0
2026-04-18,100.53,24.45,33.0,42.61,25.05,1.27,-1.18,2.67,312.9,7.17,1.07,98.25,100530.0,98250.0
2026-04-19,100.42,23.46,32.81,41.7,24.34,2.03,-1.8,3.4,311.5,6.7,0.0,98.13,100420.0,98130.0
2026-04-20,100.37,24.25,32.43,41.99,23.61,2.34,-3.25,4.39,324.2,6.73,0.0,98.08,100370.0,98080.0
2026-04-21,100.32,21.5,32.0,41.55,22.71,3.8,-2.94,5.0,307.8,5.86,0.0,98.03,100320.0,98030.0
2026-04-22,100.28,18.97,32.94,43.14,23.11,3.7,-2.13,4.41,300.0,5.46,0.0,98.0,100280.0,98000.0
2026-04-23,100.36,20.53,33.76,43.41,24.36,2.76,-1.89,3.61,304.3,6.28,0.0,98.08,100360.0,98080.0
2026-04-24,100.3,18.87,35.11,44.54,24.93,1.6,-1.77,2.87,318.0,6.23,0.0,98.04,100300.0,98040.0
2026-04-25,100.39,22.49,35.94,45.25,26.57,2.25,-3.21,4.04,325.0,7.8,0.0,98.13,100390.0,98130.0
2026-04-26,100.18,20.83,35.98,44.31,28.12,3.37,-3.63,5.08,317.2,7.39,0.0,97.92,100180.0,97920.0
2026-04-27,99.91,17.96,35.87,45.28,26.72,2.01,-2.6,3.59,322.4,6.37,0.0,97.66,99910.0,97660.0
2026-04-28,100.02,22.9,35.43,43.38,28.74,1.32,-1.54,3.0,319.4,7.9,0.51,97.75,100020.0,97750.0
2026-04-29,100.05,27.4,33.7,41.13,26.31,-2.03,-0.8,2.35,68.4,8.63,0.53,97.77,100050.0,97770.0
2026-04-30,100.12,25.35,33.52,41.67,25.0,-1.12,1.24,2.65,137.8,7.68,0.22,97.84,100120.0,97840.0
2026-05-01,100.15,37.41,32.4,39.58,24.98,-1.81,0.85,2.48,115.0,11.04,0.75,97.83,100150.0,97830.0
2026-05-02,100.02,35.03,33.34,39.76,26.23,-0.41,0.29,1.76,125.3,10.94,0.98,97.7,100020.0,97700.0
2026-05-03,100.07,33.95,33.55,40.58,27.45,-2.07,1.63,2.98,128.3,10.72,2.6,97.77,100070.0,97770.0
2026-05-04,100.55,41.54,30.56,36.65,25.61,-4.11,-0.01,4.36,89.8,11.27,2.67,98.21,100550.0,98210.0
2026-05-05,100.77,40.01,30.2,36.36,25.5,-2.02,-0.19,2.47,84.5,10.46,0.99,98.4,100770.0,98400.0
2026-05-06,100.6,39.04,30.67,37.61,23.14,1.2,-0.47,1.66,291.6,10.15,0.68,98.25,100600.0,98250.0
2026-05-07,100.53,33.89,31.41,38.99,24.28,-2.02,1.99,3.36,134.6,9.24,1.42,98.19,100530.0,98190.0
2026-05-08,100.65,36.55,31.3,38.81,23.93,-2.85,0.92,3.35,108.0,10.04,0.68,98.31,100650.0,98310.0
2026-05-09,100.62,33.45,32.62,39.51,25.41,-1.44,-0.44,1.95,72.9,10.03,0.11,98.27,100620.0,98270.0
2026-05-10,100.53,30.93,33.66,40.6,26.3,-1.86,0.58,2.16,107.3,9.79,0.0,98.19,100530.0,98190.0
2026-05-11,100.49,31.35,34.31,41.26,26.77,-0.51,0.62,2.2,140.1,10.51,0.54,98.16,100490.0,98160.0
2026-05-12,100.2,35.54,35.13,41.98,28.45,-1.41,0.72,1.93,117.1,12.17,1.99,97.9,100200.0,97900.0
2026-05-13,100.05,35.76,35.18,41.99,29.0,-0.41,-0.17,1.47,67.6,12.13,2.4,97.75,100050.0,97750.0
2026-05-14,99.91,30.47,35.2,43.32,28.33,1.79,-1.36,2.86,307.3,10.32,0.15,97.62,99910.0,97620.0
2026-05-15,99.99,26.05,34.66,42.11,27.02,0.98,-1.84,2.92,332.0,8.66,0.0,97.68,99990.0,97680.0
2026-05-16,100.09,24.03,35.49,43.37,27.29,2.62,-2.37,3.61,312.1,8.28,0.0,97.79,100090.0,97790.0
2026-05-17,99.99,23.15,36.89,44.43,28.45,3.86,-2.45,4.6,302.4,8.8,0.0,97.69,99990.0,97690.0
2026-05-18,99.81,20.71,37.61,45.4,28.42,4.0,-1.78,4.54,294.0,8.01,0.0,97.53,99810.0,97530.0
2026-05-19,99.9,15.47,38.4,46.92,29.66,3.51,-2.07,4.21,300.5,6.18,0.0,97.62,99900.0,97620.0
2026-05-20,99.83,15.22,38.35,46.6,29.0,2.42,-1.26,2.83,297.5,6.1,0.0,97.55,99830.0,97550.0
2026-05-21,99.87,16.01,38.41,46.08,30.71,4.32,-0.65,4.56,278.5,6.64,0.0,97.59,99870.0,97590.0
2026-05-22,100.07,15.99,38.35,45.8,30.49,3.33,-1.22,3.89,290.0,6.51,0.0,97.78,100070.0,97780.0
2026-05-23,100.1,20.59,37.31,44.36,31.29,2.77,-2.48,3.81,311.8,8.12,0.0,97.81,100100.0,97810.0
2026-05-24,100.01,17.99,38.06,45.79,29.39,4.24,-1.5,4.61,289.5,7.04,0.0,97.73,100010.0,97730.0
2026-05-25,99.89,18.56,38.95,45.64,33.57,5.22,-0.47,5.32,275.1,8.21,0.24,97.62,99890.0,97620.0
2026-05-26,99.98,13.5,38.68,46.15,31.06,3.58,-2.4,4.56,303.9,5.48,0.0,97.7,99980.0,97700.0
2026-05-27,99.94,10.93,38.68,46.97,29.34,3.4,-1.88,4.2,298.9,4.46,0.0,97.66,99940.0,97660.0
2026-05-28,99.95,20.13,38.65,45.45,31.23,0.19,-0.5,2.04,338.7,8.52,1.03,97.68,99950.0,97680.0
2026-05-29,100.15,29.51,36.6,43.27,31.0,-2.68,2.48,3.97,132.8,11.24,2.7,97.85,100150.0,97850.0
2026-05-30,100.4,38.03,33.99,40.71,27.87,-2.42,0.96,3.37,111.5,12.33,0.89,98.08,100400.0,98080.0
2026-05-31,100.52,42.1,32.4,38.8,27.25,-0.71,1.03,2.14,145.4,12.53,3.4,98.17,100520.0,98170.0
2026-06-01,100.55,43.88,31.98,38.14,25.81,-1.64,0.52,2.05,107.6,12.69,0.87,98.21,100550.0,98210.0
2026-06-02,100.4,42.75,33.11,38.79,27.41,-0.94,0.75,1.5,128.5,13.31,0.6,98.06,100400.0,98060.0
2026-06-03,100.08,34.42,35.18,42.03,28.35,-0.17,-1.55,1.74,6.3,11.76,0.4,97.77,100080.0,97770.0
2026-06-04,99.84,29.12,36.86,43.05,29.91,0.56,0.09,1.21,261.1,11.16,0.84,97.54,99840.0,97540.0
2026-06-05,99.96,37.59,34.8,41.12,29.54,1.23,-1.02,2.36,309.6,12.85,1.45,97.66,99960.0,97660.0
2026-06-06,100.0,31.76,36.01,43.26,28.48,0.74,-1.6,2.28,335.1,11.41,0.0,97.71,100000.0,97710.0
2026-06-07,99.98,29.44,37.14,44.33,29.67,1.39,-0.91,2.04,303.4,11.32,0.0,97.69,99980.0,97690.0
2026-06-08,99.76,25.13,38.18,45.65,30.5,2.46,-1.01,2.86,292.2,10.04,0.0,97.48,99760.0,97480.0
2026-06-09,99.58,19.28,39.04,46.56,30.28,3.51,-0.94,4.07,285.0,8.32,0.04,97.31,99580.0,97310.0
2026-06-10,99.64,23.66,39.39,46.24,32.18,3.62,0.06,3.68,269.0,10.6,0.89,97.37,99640.0,97370.0
2026-06-11,99.74,31.63,39.06,45.57,33.63,-0.48,1.3,2.38,159.7,13.86,3.5,97.46,99740.0,97460.0
2026-06-12,100.19,41.59,34.25,41.29,29.24,-3.8,-0.96,4.24,75.8,13.87,2.37,97.89,100190.0,97890.0
2026-06-13,100.23,39.8,33.97,41.46,27.61,0.21,-0.9,2.06,346.8,12.61,0.39,97.92,100230.0,97920.0
2026-06-14,100.06,33.25,35.26,42.09,27.93,2.03,-0.84,2.32,292.4,11.59,0.18,97.76,100060.0,97760.0
2026-06-15,100.1,35.66,35.8,42.46,29.72,2.52,-0.97,3.04,291.0,12.86,0.52,97.79,100100.0,97790.0
